"path","extension","bytes"
"Bgm\bgm01.opus",".opus","2257251"
"Bgm\bgm02.opus",".opus","2282862"
"Bgm\bgm03.opus",".opus","3201826"
"Bgm\bgm04.opus",".opus","4204280"
"Bgm\bgm05.opus",".opus","2596319"
"Bgm\bgm06.opus",".opus","2587186"
"Bgm\bgm07.opus",".opus","3154854"
"Bgm\bgm08.opus",".opus","2912041"
"Bgm\bgm09.opus",".opus","2794850"
"Bgm\bgm10.opus",".opus","2888886"
"Bgm\bgm11.opus",".opus","2577849"
"Bgm\bgm12.opus",".opus","2901608"
"Bgm\bgm13.opus",".opus","2353438"
"Bgm\bgm14.opus",".opus","2806103"
"Bgm\bgm15.opus",".opus","2336797"
"Bgm\bgm16.opus",".opus","2290700"
"Bgm\bgm17.opus",".opus","2328419"
"Bgm\bgm18.opus",".opus","2752620"
"Bgm\bgm19.opus",".opus","2846435"
"Bgm\bgm20.opus",".opus","3363510"
"Bgm\bgm21.opus",".opus","2577517"
"Bgm\bgm22.opus",".opus","2925871"
"Bgm\bgm23.opus",".opus","2368443"
"Bgm\bgm24.opus",".opus","2735895"
"Bgm\bgm25.opus",".opus","3976742"
"Bgm\bgm26.opus",".opus","3851539"
"Bgm\bgm27.opus",".opus","3594253"
"Bgm\bgm28.opus",".opus","2578390"
"Bgm\bgm29.opus",".opus","1334816"
"Bgm\bgm30.opus",".opus","1357125"
"Bgm\bgm31.opus",".opus","44379"
"Bgm\bgm32.opus",".opus","2067037"
"Bgm\bgm33.opus",".opus","132447"
"Bgm\bgm34.opus",".opus","700553"
"Bgm\bgm35.opus",".opus","3004227"
"Config\bgm.datu8",".datu8","1456"
"Config\button.datu8",".datu8","30400"
"Config\buttonex.datu8",".datu8","1250"
"Config\cgmode.datu8",".datu8","14204"
"Config\char.datu8",".datu8","903"
"Config\configstring.datu8",".datu8","52"
"Config\event.datu8",".datu8","10405"
"Config\eventgroup.datu8",".datu8","68"
"Config\eventmode.datu8",".datu8","16"
"Config\eventtype.datu8",".datu8","810"
"Config\fontcolor.datu8",".datu8","563"
"Config\fontresource.datu8",".datu8","165"
"Config\key.datu8",".datu8","1783"
"Config\keycommand.datu8",".datu8","660"
"Config\mascot.datu8",".datu8","16"
"Config\mascotvoice.datu8",".datu8","16"
"Config\menuwallpaper.datu8",".datu8","124"
"Config\musicmode.datu8",".datu8","236"
"Config\packlist.datu8",".datu8","312"
"Config\scene.datu8",".datu8","132"
"Config\stand.datu8",".datu8","94307"
"Config\standpos.datu8",".datu8","2260"
"Config\system.datu8",".datu8","10047"
"Config\systemvoice.datu8",".datu8","100"
"Config\systemvoicefilename.datu8",".datu8","9236"
"Config\trophy.datu8",".datu8","268"
"Config\visual.datu8",".datu8","56202"
"Config\voicetab.datu8",".datu8","228"
"Config\volumetestfilename.datu8",".datu8","2553"
"Face\bf_eff_candle.png",".png","1136"
"Face\bf_eff_castle.png",".png","1136"
"Face\bf_eff_etudeframe.png",".png","1136"
"Face\bf_eff_frameb.png",".png","1143"
"Face\bf_eff_isu.png",".png","1136"
"Face\bf_eff_mirror.png",".png","1136"
"Face\bf_eff_mirror2.png",".png","1136"
"Face\bf_kao_cg06_03.png",".png","160387"
"Face\bf_kao_cg06_04a.png",".png","157784"
"Face\bf_kao_futaba_seifuku_01_2.png",".png","117664"
"Face\bf_kao_futaba_seifuku_02_1.png",".png","117664"
"Face\bf_kao_futaba_seifuku_03.png",".png","119775"
"Face\bf_kao_futaba_seifuku_04_1.png",".png","119174"
"Face\bf_kao_futaba_seifuku_04_2.png",".png","120208"
"Face\bf_kao_futaba_seifuku_05.png",".png","119952"
"Face\bf_kao_futaba_seifuku_06_1.png",".png","118261"
"Face\bf_kao_futaba_seifuku_06_2.png",".png","118698"
"Face\bf_kao_futaba_seifuku_07.png",".png","120841"
"Face\bf_kao_futaba_seifuku_08.png",".png","119336"
"Face\bf_kao_futaba_seifuku_09_1.png",".png","119353"
"Face\bf_kao_futaba_seifuku_10.png",".png","119400"
"Face\bf_kao_hana_seifuku_01_2.png",".png","132747"
"Face\bf_kao_hana_seifuku_04.png",".png","135033"
"Face\bf_kao_hana_seifuku_05.png",".png","136122"
"Face\bf_kao_hana_seifuku_11.png",".png","136122"
"Face\bf_kao_hyokoa_seifuku_01_1.png",".png","129664"
"Face\bf_kao_hyokoa_seifuku_03.png",".png","128863"
"Face\bf_kao_hyokoa_seifuku_06.png",".png","130131"
"Face\bf_kao_hyokoa_shifuku_06.png",".png","128298"
"Face\bf_kao_hyokoa_shifuku_07_2.png",".png","127387"
"Face\bf_kao_hyokoa_shifuku_09.png",".png","124448"
"Face\bf_kao_hyokoa_shifuku_13.png",".png","127862"
"Face\bf_kao_hyokob_seifuku_01_2.png",".png","112685"
"Face\bf_kao_hyokob_seifuku_03.png",".png","111973"
"Face\bf_kao_hyokob_shifuku_01_1.png",".png","108173"
"Face\bf_kao_hyokob_shifuku_04.png",".png","108031"
"Face\bf_kao_hyokob_shifuku_05.png",".png","108394"
"Face\bf_kao_hyokob_shifuku_06.png",".png","108372"
"Face\bf_kao_hyokob_shifuku_09.png",".png","108270"
"Face\bf_kao_hyokob_shifuku_11.png",".png","105251"
"Face\bf_kao_kohakua_seifuku_00.png",".png","114335"
"Face\bf_kao_kohakua_seifuku_01_2.png",".png","117219"
"Face\bf_kao_kohakua_seifuku_03.png",".png","116630"
"Face\bf_kao_kohakua_seifuku_10.png",".png","116368"
"Face\bf_kao_kohakua_seifuku_13_1.png",".png","116910"
"Face\bf_kao_kohakua_seifuku_13_2.png",".png","117159"
"Face\bf_kao_kohakua_shifuku_03.png",".png","113287"
"Face\bf_kao_kohakua_shifuku_11.png",".png","111823"
"Face\bf_kao_kohakub_seifuku_02_2.png",".png","114990"
"Face\bf_kao_kohakub_seifuku_05.png",".png","115912"
"Face\bf_kao_kohakub_seifuku_07_2.png",".png","115375"
"Face\bf_kao_kohakub_seifuku_10_0.png",".png","115012"
"Face\bf_kao_kohakub_seifuku_10_1.png",".png","115511"
"Face\bf_kao_kohakub_seifuku_11.png",".png","112549"
"Face\bf_kao_kohakub_seifuku_12.png",".png","116679"
"Face\bf_kao_kohakub_shifuku_01_1.png",".png","112883"
"Face\bf_kao_kohakub_shifuku_05.png",".png","112685"
"Face\bf_kao_kohakub_shifuku_07_2.png",".png","113154"
"Face\bf_kao_meguria_seifuku_00.png",".png","100677"
"Face\bf_kao_meguria_seifuku_05.png",".png","101456"
"Face\bf_kao_meguria_seifuku_09.png",".png","98649"
"Face\bf_kao_meguria_seifuku_11.png",".png","100632"
"Face\bf_kao_meguria_seifuku_12.png",".png","101261"
"Face\bf_kao_meguria_shifuku_02_1.png",".png","101387"
"Face\bf_kao_meguria_shifuku_10.png",".png","102800"
"Face\bf_kao_meguria_shifuku_11.png",".png","102358"
"Face\bf_kao_megurib_seifuku_05.png",".png","100707"
"Face\bf_kao_megurib_seifuku_07_2.png",".png","99979"
"Face\bf_kao_megurib_seifuku_08.png",".png","100490"
"Face\bf_kao_megurib_seifuku_09.png",".png","100603"
"Face\bf_kao_megurib_seifuku_10.png",".png","99383"
"Face\bf_kao_megurib_seifuku_15.png",".png","100415"
"Face\bf_kao_megurib_shifuku_01_1.png",".png","98666"
"Face\bf_kao_megurib_shifuku_05.png",".png","98463"
"Face\bf_kao_megurib_shifuku_08.png",".png","98241"
"Face\bf_kao_megurib_shifuku_13.png",".png","97733"
"Face\bf_kao_nananaa_maid_04.png",".png","158858"
"Face\bf_kao_nananaa_seifuku_00.png",".png","154203"
"Face\bf_kao_nananaa_seifuku_06.png",".png","154528"
"Face\bf_kao_nananaa_seifuku_07_1.png",".png","153566"
"Face\bf_kao_nananaa_seifuku_09.png",".png","154049"
"Face\bf_kao_nananaa_shifuku_00.png",".png","161563"
"Face\bf_kao_nananaa_shifuku_06.png",".png","161964"
"Face\bf_kao_nananaa_shifuku_08.png",".png","161430"
"Face\bf_kao_nananaa_shifuku_09.png",".png","161490"
"Face\bf_kao_nananab_maid_12.png",".png","157988"
"Face\bf_kao_nananab_seifuku_09.png",".png","146764"
"Face\bf_kao_nananab_seifuku_10.png",".png","149039"
"Face\bf_kao_nananab_seifuku_12.png",".png","149099"
"Face\bf_kao_nananab_seifuku_13_1.png",".png","148064"
"Face\bf_kao_nananab_seifuku_14_2.png",".png","148076"
"Face\bf_kao_nananab_shifuku_00.png",".png","154120"
"Face\bf_kao_nananab_shifuku_02_1.png",".png","152921"
"Face\bf_kao_nananab_shifuku_08.png",".png","153016"
"Face\bf_kao_nananab_shifuku_09.png",".png","153196"
"Face\bf_kao_nananab_shifuku_10.png",".png","155462"
"Face\bf_kao_nananab_shifuku_12.png",".png","155511"
"Face\bf_kao_nananab_shifuku_13_1.png",".png","154491"
"Face\bf_kao_nananab_shifuku_14_2.png",".png","154458"
"Face\bf_kao_oboro_seifuku_00.png",".png","91247"
"Face\bf_kao_oboro_seifuku_01.png",".png","91213"
"Face\bf_kao_philia2.png",".png","134766"
"Face\bf_kao_rairai_seifuku_01.png",".png","94993"
"Face\bf_kao_rairai_seifuku_02.png",".png","96313"
"Face\bf_kao_rairai_seifuku_03.png",".png","94539"
"Face\bf_kao_rairai_seifuku_04.png",".png","94927"
"Face\bf_kao_rairai_seifuku_07.png",".png","94329"
"Face\bf_kao_rairai_seifuku_09.png",".png","93863"
"Face\bf_kao_rizea_seifuku_06_2.png",".png","131709"
"Face\bf_kao_rizea_seifuku_07_2.png",".png","130215"
"Face\bf_kao_rizea_seifuku_09.png",".png","130873"
"Face\bf_kao_rizea_seifuku_11.png",".png","132359"
"Face\bf_kao_rizea_seifuku_12.png",".png","131116"
"Face\bf_kao_rizea_seifuku_13.png",".png","131388"
"Face\bf_kao_rizea_shifuku_05.png",".png","131592"
"Face\bf_kao_rizea_shifuku_07_2.png",".png","130559"
"Face\bf_kao_rizea_shifuku_11.png",".png","132685"
"Face\bf_kao_rizea_shifuku_13.png",".png","131730"
"Face\bf_kao_rizeb_seifuku_00.png",".png","124851"
"Face\bf_kao_rizeb_seifuku_06.png",".png","125021"
"Face\bf_kao_rizeb_seifuku_07.png",".png","124676"
"Face\bf_kao_rizeb_seifuku_12.png",".png","125098"
"Face\bf_kao_rizeb_seifuku_14_1.png",".png","125210"
"Face\bf_kao_rizeb_seifuku_14_2.png",".png","124393"
"Face\bf_kao_rizeb_shifuku_03.png",".png","126345"
"Face\bf_kao_rizeb_shifuku_07.png",".png","125714"
"Face\bf_kao_rizeb_shifuku_12.png",".png","126223"
"Face\bf_kao_rizeb_shifuku_14_1.png",".png","125210"
"Face\bf_kao_yuuen_apron_08.png",".png","112263"
"Face\bf_kao_yuuen_seifuku_01_1.png",".png","112879"
"Face\bf_kao_yuuen_seifuku_04.png",".png","110613"
"Face\bf_kao_yuuen_seifuku_05.png",".png","113154"
"Face\bf_kao_yuuen_seifuku_07_1.png",".png","112245"
"Face\bf_std_futaba_seifuku_00_s40.png",".png","778"
"Face\bf_std_futaba_seifuku_00_s50.png",".png","569"
"Face\bf_std_futaba_seifuku_01_1_s40.png",".png","778"
"Face\bf_std_futaba_seifuku_01_1_s50.png",".png","569"
"Face\bf_std_futaba_seifuku_01_2_s40.png",".png","778"
"Face\bf_std_futaba_seifuku_01_2_s50.png",".png","569"
"Face\bf_std_futaba_seifuku_02_1_s40.png",".png","778"
"Face\bf_std_futaba_seifuku_02_1_s50.png",".png","569"
"Face\bf_std_futaba_seifuku_02_2_s40.png",".png","778"
"Face\bf_std_futaba_seifuku_02_2_s50.png",".png","569"
"Face\bf_std_futaba_seifuku_02_3_s40.png",".png","778"
"Face\bf_std_futaba_seifuku_02_3_s50.png",".png","569"
"Face\bf_std_futaba_seifuku_02_4_s40.png",".png","778"
"Face\bf_std_futaba_seifuku_02_4_s50.png",".png","569"
"Face\bf_std_futaba_seifuku_03_s00.png",".png","16414"
"Face\bf_std_futaba_seifuku_03_s40.png",".png","778"
"Face\bf_std_futaba_seifuku_03_s50.png",".png","569"
"Face\bf_std_futaba_seifuku_04_1_s40.png",".png","778"
"Face\bf_std_futaba_seifuku_04_1_s50.png",".png","569"
"Face\bf_std_futaba_seifuku_04_2_s40.png",".png","778"
"Face\bf_std_futaba_seifuku_04_2_s50.png",".png","569"
"Face\bf_std_futaba_seifuku_05_s40.png",".png","778"
"Face\bf_std_futaba_seifuku_05_s50.png",".png","569"
"Face\bf_std_futaba_seifuku_06_1_s40.png",".png","778"
"Face\bf_std_futaba_seifuku_06_1_s50.png",".png","569"
"Face\bf_std_futaba_seifuku_06_2_s40.png",".png","778"
"Face\bf_std_futaba_seifuku_06_2_s50.png",".png","569"
"Face\bf_std_futaba_seifuku_07_s40.png",".png","778"
"Face\bf_std_futaba_seifuku_07_s50.png",".png","569"
"Face\bf_std_futaba_seifuku_08_s00.png",".png","16074"
"Face\bf_std_futaba_seifuku_08_s40.png",".png","778"
"Face\bf_std_futaba_seifuku_08_s50.png",".png","569"
"Face\bf_std_futaba_seifuku_09_1_s40.png",".png","778"
"Face\bf_std_futaba_seifuku_09_1_s50.png",".png","569"
"Face\bf_std_futaba_seifuku_09_2_s40.png",".png","778"
"Face\bf_std_futaba_seifuku_09_2_s50.png",".png","569"
"Face\bf_std_futaba_seifuku_10_s40.png",".png","778"
"Face\bf_std_futaba_seifuku_10_s50.png",".png","569"
"Face\bf_std_hana_seifuku_00_s40.png",".png","42327"
"Face\bf_std_hana_seifuku_00_s50.png",".png","569"
"Face\bf_std_hana_seifuku_01_1_s40.png",".png","40554"
"Face\bf_std_hana_seifuku_01_1_s50.png",".png","569"
"Face\bf_std_hana_seifuku_01_2_s40.png",".png","40419"
"Face\bf_std_hana_seifuku_01_2_s50.png",".png","569"
"Face\bf_std_hana_seifuku_02_s40.png",".png","39941"
"Face\bf_std_hana_seifuku_02_s50.png",".png","569"
"Face\bf_std_hana_seifuku_03_s40.png",".png","41943"
"Face\bf_std_hana_seifuku_04_s40.png",".png","41850"
"Face\bf_std_hana_seifuku_05_s40.png",".png","42095"
"Face\bf_std_hana_seifuku_05_s50.png",".png","569"
"Face\bf_std_hana_seifuku_06_s40.png",".png","42160"
"Face\bf_std_hana_seifuku_06_s50.png",".png","569"
"Face\bf_std_hana_seifuku_07_s40.png",".png","41354"
"Face\bf_std_hana_seifuku_08_s40.png",".png","41872"
"Face\bf_std_hana_seifuku_09_s40.png",".png","41584"
"Face\bf_std_hana_seifuku_10_s40.png",".png","39852"
"Face\bf_std_hana_seifuku_11_s40.png",".png","42185"
"Face\bf_std_hana_seifuku_11_s50.png",".png","569"
"Face\bf_std_hana_seifuku_12_s40.png",".png","42155"
"Face\bf_std_hyokoa_seifuku_00_s40.png",".png","615"
"Face\bf_std_hyokoa_seifuku_01_1_s40.png",".png","615"
"Face\bf_std_hyokoa_seifuku_01_2_s40.png",".png","615"
"Face\bf_std_hyokoa_seifuku_02_s40.png",".png","615"
"Face\bf_std_hyokoa_seifuku_03_s40.png",".png","615"
"Face\bf_std_hyokoa_seifuku_04_1_s40.png",".png","615"
"Face\bf_std_hyokoa_seifuku_04_2_s40.png",".png","615"
"Face\bf_std_hyokoa_seifuku_05_s40.png",".png","615"
"Face\bf_std_hyokoa_seifuku_06_s40.png",".png","615"
"Face\bf_std_hyokoa_seifuku_07_1_s40.png",".png","615"
"Face\bf_std_hyokoa_seifuku_07_2_s40.png",".png","615"
"Face\bf_std_hyokoa_seifuku_08_s40.png",".png","615"
"Face\bf_std_hyokoa_seifuku_09_s40.png",".png","615"
"Face\bf_std_hyokoa_seifuku_10_s40.png",".png","615"
"Face\bf_std_hyokoa_seifuku_11_s40.png",".png","615"
"Face\bf_std_hyokoa_seifuku_11_s50.png",".png","569"
"Face\bf_std_hyokoa_seifuku_12_s40.png",".png","615"
"Face\bf_std_hyokoa_seifuku_13_s40.png",".png","615"
"Face\bf_std_hyokoa_seifuku_14_s40.png",".png","615"
"Face\bf_std_hyokoa_seifuku_15_s40.png",".png","615"
"Face\bf_std_hyokoa_shifuku_00_s40.png",".png","615"
"Face\bf_std_hyokoa_shifuku_01_1_s40.png",".png","615"
"Face\bf_std_hyokoa_shifuku_01_2_s40.png",".png","615"
"Face\bf_std_hyokoa_shifuku_02_s40.png",".png","615"
"Face\bf_std_hyokoa_shifuku_02_s50.png",".png","569"
"Face\bf_std_hyokoa_shifuku_03_s40.png",".png","615"
"Face\bf_std_hyokoa_shifuku_04_1_s40.png",".png","615"
"Face\bf_std_hyokoa_shifuku_04_2_s40.png",".png","615"
"Face\bf_std_hyokoa_shifuku_05_s40.png",".png","615"
"Face\bf_std_hyokoa_shifuku_06_s40.png",".png","615"
"Face\bf_std_hyokoa_shifuku_07_1_s40.png",".png","615"
"Face\bf_std_hyokoa_shifuku_07_2_s40.png",".png","615"
"Face\bf_std_hyokoa_shifuku_08_s40.png",".png","615"
"Face\bf_std_hyokoa_shifuku_08_s50.png",".png","569"
"Face\bf_std_hyokoa_shifuku_09_s40.png",".png","615"
"Face\bf_std_hyokoa_shifuku_09_s50.png",".png","569"
"Face\bf_std_hyokoa_shifuku_10_s40.png",".png","615"
"Face\bf_std_hyokoa_shifuku_11_s40.png",".png","615"
"Face\bf_std_hyokoa_shifuku_11_s50.png",".png","569"
"Face\bf_std_hyokoa_shifuku_12_s40.png",".png","615"
"Face\bf_std_hyokoa_shifuku_12_s50.png",".png","569"
"Face\bf_std_hyokoa_shifuku_13_s40.png",".png","615"
"Face\bf_std_hyokoa_shifuku_14_s40.png",".png","615"
"Face\bf_std_hyokoa_shifuku_15_s40.png",".png","615"
"Face\bf_std_hyokob_seifuku_00_s40.png",".png","569"
"Face\bf_std_hyokob_seifuku_01_1_s40.png",".png","569"
"Face\bf_std_hyokob_seifuku_01_2_s40.png",".png","569"
"Face\bf_std_hyokob_seifuku_02_1_s40.png",".png","569"
"Face\bf_std_hyokob_seifuku_02_2_s40.png",".png","569"
"Face\bf_std_hyokob_seifuku_03_s40.png",".png","569"
"Face\bf_std_hyokob_seifuku_04_s40.png",".png","569"
"Face\bf_std_hyokob_seifuku_05_s40.png",".png","569"
"Face\bf_std_hyokob_seifuku_06_s40.png",".png","569"
"Face\bf_std_hyokob_seifuku_07_1_s40.png",".png","569"
"Face\bf_std_hyokob_seifuku_07_2_s40.png",".png","569"
"Face\bf_std_hyokob_seifuku_08_s40.png",".png","569"
"Face\bf_std_hyokob_seifuku_09_s40.png",".png","569"
"Face\bf_std_hyokob_seifuku_10_s40.png",".png","569"
"Face\bf_std_hyokob_seifuku_11_s40.png",".png","569"
"Face\bf_std_hyokob_seifuku_12_s40.png",".png","569"
"Face\bf_std_hyokob_seifuku_12_s50.png",".png","569"
"Face\bf_std_hyokob_seifuku_13_s40.png",".png","569"
"Face\bf_std_hyokob_seifuku_14_s40.png",".png","569"
"Face\bf_std_hyokob_seifuku_15_s40.png",".png","569"
"Face\bf_std_hyokob_shifuku_00_s40.png",".png","569"
"Face\bf_std_hyokob_shifuku_01_1_s40.png",".png","569"
"Face\bf_std_hyokob_shifuku_01_2_s40.png",".png","569"
"Face\bf_std_hyokob_shifuku_01_2_s50.png",".png","569"
"Face\bf_std_hyokob_shifuku_02_1_s40.png",".png","569"
"Face\bf_std_hyokob_shifuku_02_1_s50.png",".png","569"
"Face\bf_std_hyokob_shifuku_02_2_s40.png",".png","569"
"Face\bf_std_hyokob_shifuku_02_2_s50.png",".png","569"
"Face\bf_std_hyokob_shifuku_03_s40.png",".png","569"
"Face\bf_std_hyokob_shifuku_03_s50.png",".png","569"
"Face\bf_std_hyokob_shifuku_04_s40.png",".png","569"
"Face\bf_std_hyokob_shifuku_05_s40.png",".png","569"
"Face\bf_std_hyokob_shifuku_06_s40.png",".png","569"
"Face\bf_std_hyokob_shifuku_06_s50.png",".png","569"
"Face\bf_std_hyokob_shifuku_07_1_s40.png",".png","569"
"Face\bf_std_hyokob_shifuku_07_2_s40.png",".png","569"
"Face\bf_std_hyokob_shifuku_08_s40.png",".png","569"
"Face\bf_std_hyokob_shifuku_09_s40.png",".png","569"
"Face\bf_std_hyokob_shifuku_09_s50.png",".png","569"
"Face\bf_std_hyokob_shifuku_10_s40.png",".png","569"
"Face\bf_std_hyokob_shifuku_10_s50.png",".png","569"
"Face\bf_std_hyokob_shifuku_11_s40.png",".png","569"
"Face\bf_std_hyokob_shifuku_11_s50.png",".png","569"
"Face\bf_std_hyokob_shifuku_12_s40.png",".png","569"
"Face\bf_std_hyokob_shifuku_13_s40.png",".png","569"
"Face\bf_std_hyokob_shifuku_14_s40.png",".png","569"
"Face\bf_std_hyokob_shifuku_15_s40.png",".png","569"
"Face\bf_std_kohakua_seifuku_00_s40.png",".png","7077"
"Face\bf_std_kohakua_seifuku_01_1_s40.png",".png","7077"
"Face\bf_std_kohakua_seifuku_01_2_s40.png",".png","7077"
"Face\bf_std_kohakua_seifuku_02_1_s40.png",".png","7077"
"Face\bf_std_kohakua_seifuku_02_1_s50.png",".png","569"
"Face\bf_std_kohakua_seifuku_02_2_s40.png",".png","7077"
"Face\bf_std_kohakua_seifuku_02_2_s50.png",".png","569"
"Face\bf_std_kohakua_seifuku_03_s40.png",".png","7077"
"Face\bf_std_kohakua_seifuku_04_s40.png",".png","7077"
"Face\bf_std_kohakua_seifuku_04_s50.png",".png","569"
"Face\bf_std_kohakua_seifuku_05_s40.png",".png","7077"
"Face\bf_std_kohakua_seifuku_06_1_s00.png",".png","32687"
"Face\bf_std_kohakua_seifuku_06_1_s40.png",".png","7077"
"Face\bf_std_kohakua_seifuku_06_1_s50.png",".png","569"
"Face\bf_std_kohakua_seifuku_06_2_s00.png",".png","32687"
"Face\bf_std_kohakua_seifuku_06_2_s40.png",".png","7077"
"Face\bf_std_kohakua_seifuku_06_2_s50.png",".png","569"
"Face\bf_std_kohakua_seifuku_07_s40.png",".png","7077"
"Face\bf_std_kohakua_seifuku_08_s40.png",".png","7077"
"Face\bf_std_kohakua_seifuku_09_s40.png",".png","7077"
"Face\bf_std_kohakua_seifuku_10_s40.png",".png","7077"
"Face\bf_std_kohakua_seifuku_10_s50.png",".png","569"
"Face\bf_std_kohakua_seifuku_11_1_s40.png",".png","7077"
"Face\bf_std_kohakua_seifuku_11_1_s50.png",".png","569"
"Face\bf_std_kohakua_seifuku_11_2_s40.png",".png","7077"
"Face\bf_std_kohakua_seifuku_11_2_s50.png",".png","569"
"Face\bf_std_kohakua_seifuku_12_s40.png",".png","7077"
"Face\bf_std_kohakua_seifuku_13_1_s40.png",".png","7077"
"Face\bf_std_kohakua_seifuku_13_2_s40.png",".png","7077"
"Face\bf_std_kohakua_seifuku_14_s40.png",".png","7077"
"Face\bf_std_kohakua_seifuku_15_s40.png",".png","7077"
"Face\bf_std_kohakua_shifuku_00_s40.png",".png","7750"
"Face\bf_std_kohakua_shifuku_01_1_s40.png",".png","7077"
"Face\bf_std_kohakua_shifuku_01_2_s40.png",".png","7077"
"Face\bf_std_kohakua_shifuku_02_1_s40.png",".png","7077"
"Face\bf_std_kohakua_shifuku_02_2_s40.png",".png","7077"
"Face\bf_std_kohakua_shifuku_03_s40.png",".png","7077"
"Face\bf_std_kohakua_shifuku_04_s40.png",".png","7077"
"Face\bf_std_kohakua_shifuku_05_s40.png",".png","7077"
"Face\bf_std_kohakua_shifuku_06_1_s40.png",".png","7077"
"Face\bf_std_kohakua_shifuku_06_2_s40.png",".png","7077"
"Face\bf_std_kohakua_shifuku_07_s40.png",".png","7077"
"Face\bf_std_kohakua_shifuku_08_s40.png",".png","7077"
"Face\bf_std_kohakua_shifuku_09_s40.png",".png","7077"
"Face\bf_std_kohakua_shifuku_10_s40.png",".png","7077"
"Face\bf_std_kohakua_shifuku_10_s50.png",".png","569"
"Face\bf_std_kohakua_shifuku_11_s40.png",".png","7077"
"Face\bf_std_kohakua_shifuku_12_s40.png",".png","7077"
"Face\bf_std_kohakua_shifuku_13_1_s40.png",".png","7077"
"Face\bf_std_kohakua_shifuku_13_2_s40.png",".png","7077"
"Face\bf_std_kohakua_shifuku_14_s40.png",".png","7077"
"Face\bf_std_kohakua_shifuku_15_s40.png",".png","7077"
"Face\bf_std_kohakub_seifuku_00_s40.png",".png","777"
"Face\bf_std_kohakub_seifuku_01_1_s40.png",".png","777"
"Face\bf_std_kohakub_seifuku_01_1_s50.png",".png","569"
"Face\bf_std_kohakub_seifuku_01_2_s40.png",".png","777"
"Face\bf_std_kohakub_seifuku_01_2_s50.png",".png","569"
"Face\bf_std_kohakub_seifuku_02_1_s40.png",".png","777"
"Face\bf_std_kohakub_seifuku_02_1_s50.png",".png","569"
"Face\bf_std_kohakub_seifuku_02_2_s40.png",".png","777"
"Face\bf_std_kohakub_seifuku_03_s40.png",".png","777"
"Face\bf_std_kohakub_seifuku_03_s50.png",".png","569"
"Face\bf_std_kohakub_seifuku_04_s40.png",".png","777"
"Face\bf_std_kohakub_seifuku_05_s40.png",".png","777"
"Face\bf_std_kohakub_seifuku_06_s40.png",".png","777"
"Face\bf_std_kohakub_seifuku_07_1_s40.png",".png","777"
"Face\bf_std_kohakub_seifuku_07_1_s50.png",".png","569"
"Face\bf_std_kohakub_seifuku_07_2_s40.png",".png","777"
"Face\bf_std_kohakub_seifuku_07_2_s50.png",".png","569"
"Face\bf_std_kohakub_seifuku_08_s40.png",".png","777"
"Face\bf_std_kohakub_seifuku_09_s40.png",".png","777"
"Face\bf_std_kohakub_seifuku_10_1_s40.png",".png","777"
"Face\bf_std_kohakub_seifuku_10_1_s50.png",".png","569"
"Face\bf_std_kohakub_seifuku_10_2_s40.png",".png","777"
"Face\bf_std_kohakub_seifuku_10_2_s50.png",".png","569"
"Face\bf_std_kohakub_seifuku_10_3_s40.png",".png","777"
"Face\bf_std_kohakub_seifuku_10_3_s50.png",".png","569"
"Face\bf_std_kohakub_seifuku_11_s00.png",".png","12165"
"Face\bf_std_kohakub_seifuku_11_s40.png",".png","777"
"Face\bf_std_kohakub_seifuku_12_s40.png",".png","777"
"Face\bf_std_kohakub_seifuku_13_s40.png",".png","777"
"Face\bf_std_kohakub_seifuku_14_s40.png",".png","777"
"Face\bf_std_kohakub_seifuku_14_s50.png",".png","569"
"Face\bf_std_kohakub_shifuku_00_s40.png",".png","777"
"Face\bf_std_kohakub_shifuku_01_1_s40.png",".png","777"
"Face\bf_std_kohakub_shifuku_01_2_s40.png",".png","777"
"Face\bf_std_kohakub_shifuku_02_1_s40.png",".png","777"
"Face\bf_std_kohakub_shifuku_02_2_s40.png",".png","777"
"Face\bf_std_kohakub_shifuku_03_s40.png",".png","777"
"Face\bf_std_kohakub_shifuku_04_s40.png",".png","777"
"Face\bf_std_kohakub_shifuku_05_s40.png",".png","777"
"Face\bf_std_kohakub_shifuku_06_s40.png",".png","777"
"Face\bf_std_kohakub_shifuku_07_1_s40.png",".png","777"
"Face\bf_std_kohakub_shifuku_07_2_s40.png",".png","777"
"Face\bf_std_kohakub_shifuku_08_s40.png",".png","777"
"Face\bf_std_kohakub_shifuku_08_s50.png",".png","569"
"Face\bf_std_kohakub_shifuku_09_s40.png",".png","777"
"Face\bf_std_kohakub_shifuku_10_s40.png",".png","777"
"Face\bf_std_kohakub_shifuku_11_s40.png",".png","777"
"Face\bf_std_kohakub_shifuku_12_s40.png",".png","777"
"Face\bf_std_kohakub_shifuku_13_s40.png",".png","777"
"Face\bf_std_kohakub_shifuku_14_s40.png",".png","777"
"Face\bf_std_meguria_seifuku_00_s00.png",".png","569"
"Face\bf_std_meguria_seifuku_00_s40.png",".png","569"
"Face\bf_std_meguria_seifuku_01_1_s40.png",".png","569"
"Face\bf_std_meguria_seifuku_01_2_s40.png",".png","569"
"Face\bf_std_meguria_seifuku_02_1_s40.png",".png","569"
"Face\bf_std_meguria_seifuku_02_2_s40.png",".png","569"
"Face\bf_std_meguria_seifuku_03_s40.png",".png","569"
"Face\bf_std_meguria_seifuku_04_s40.png",".png","569"
"Face\bf_std_meguria_seifuku_05_s00.png",".png","569"
"Face\bf_std_meguria_seifuku_05_s40.png",".png","569"
"Face\bf_std_meguria_seifuku_05_s50.png",".png","569"
"Face\bf_std_meguria_seifuku_06_1_s40.png",".png","569"
"Face\bf_std_meguria_seifuku_06_2_s00.png",".png","569"
"Face\bf_std_meguria_seifuku_06_2_s40.png",".png","569"
"Face\bf_std_meguria_seifuku_06_2_s50.png",".png","569"
"Face\bf_std_meguria_seifuku_07_s40.png",".png","569"
"Face\bf_std_meguria_seifuku_08_s40.png",".png","569"
"Face\bf_std_meguria_seifuku_08_s50.png",".png","569"
"Face\bf_std_meguria_seifuku_09_s40.png",".png","569"
"Face\bf_std_meguria_seifuku_10_s40.png",".png","569"
"Face\bf_std_meguria_seifuku_11_s40.png",".png","569"
"Face\bf_std_meguria_seifuku_12_s40.png",".png","569"
"Face\bf_std_meguria_seifuku_13_1_s40.png",".png","569"
"Face\bf_std_meguria_seifuku_13_2_s40.png",".png","569"
"Face\bf_std_meguria_seifuku_14_s40.png",".png","569"
"Face\bf_std_meguria_seifuku_15_s40.png",".png","569"
"Face\bf_std_meguria_seifuku_15_s50.png",".png","569"
"Face\bf_std_meguria_shifuku_00_s40.png",".png","569"
"Face\bf_std_meguria_shifuku_01_1_s40.png",".png","569"
"Face\bf_std_meguria_shifuku_01_2_s40.png",".png","569"
"Face\bf_std_meguria_shifuku_02_1_s40.png",".png","569"
"Face\bf_std_meguria_shifuku_02_2_s40.png",".png","569"
"Face\bf_std_meguria_shifuku_03_s40.png",".png","569"
"Face\bf_std_meguria_shifuku_04_s40.png",".png","569"
"Face\bf_std_meguria_shifuku_05_s40.png",".png","569"
"Face\bf_std_meguria_shifuku_06_1_s40.png",".png","569"
"Face\bf_std_meguria_shifuku_06_2_s40.png",".png","569"
"Face\bf_std_meguria_shifuku_07_s40.png",".png","569"
"Face\bf_std_meguria_shifuku_08_s40.png",".png","569"
"Face\bf_std_meguria_shifuku_09_s40.png",".png","569"
"Face\bf_std_meguria_shifuku_10_s40.png",".png","569"
"Face\bf_std_meguria_shifuku_11_s40.png",".png","569"
"Face\bf_std_meguria_shifuku_12_s40.png",".png","569"
"Face\bf_std_meguria_shifuku_13_1_s40.png",".png","569"
"Face\bf_std_meguria_shifuku_13_2_s40.png",".png","569"
"Face\bf_std_meguria_shifuku_14_s40.png",".png","569"
"Face\bf_std_meguria_shifuku_15_s40.png",".png","569"
"Face\bf_std_meguria_shifuku_15_s50.png",".png","1135"
"Face\bf_std_megurib_seifuku_00_s40.png",".png","569"
"Face\bf_std_megurib_seifuku_01_1_s00.png",".png","569"
"Face\bf_std_megurib_seifuku_01_1_s40.png",".png","569"
"Face\bf_std_megurib_seifuku_01_1_s50.png",".png","569"
"Face\bf_std_megurib_seifuku_01_2_s40.png",".png","569"
"Face\bf_std_megurib_seifuku_02_1_s40.png",".png","569"
"Face\bf_std_megurib_seifuku_02_2_s40.png",".png","569"
"Face\bf_std_megurib_seifuku_02_2_s50.png",".png","569"
"Face\bf_std_megurib_seifuku_03_s40.png",".png","569"
"Face\bf_std_megurib_seifuku_03_s50.png",".png","569"
"Face\bf_std_megurib_seifuku_04_s40.png",".png","569"
"Face\bf_std_megurib_seifuku_05_s40.png",".png","569"
"Face\bf_std_megurib_seifuku_06_s40.png",".png","569"
"Face\bf_std_megurib_seifuku_07_1_s00.png",".png","569"
"Face\bf_std_megurib_seifuku_07_1_s40.png",".png","569"
"Face\bf_std_megurib_seifuku_07_1_s50.png",".png","569"
"Face\bf_std_megurib_seifuku_07_2_s40.png",".png","569"
"Face\bf_std_megurib_seifuku_08_s40.png",".png","569"
"Face\bf_std_megurib_seifuku_08_s50.png",".png","569"
"Face\bf_std_megurib_seifuku_09_s40.png",".png","569"
"Face\bf_std_megurib_seifuku_09_s50.png",".png","569"
"Face\bf_std_megurib_seifuku_10_s00.png",".png","569"
"Face\bf_std_megurib_seifuku_10_s40.png",".png","569"
"Face\bf_std_megurib_seifuku_11_s40.png",".png","569"
"Face\bf_std_megurib_seifuku_12_s40.png",".png","569"
"Face\bf_std_megurib_seifuku_13_s40.png",".png","569"
"Face\bf_std_megurib_seifuku_14_s40.png",".png","569"
"Face\bf_std_megurib_seifuku_14_s50.png",".png","569"
"Face\bf_std_megurib_seifuku_15_s40.png",".png","569"
"Face\bf_std_megurib_shifuku_00_s40.png",".png","569"
"Face\bf_std_megurib_shifuku_01_1_s40.png",".png","569"
"Face\bf_std_megurib_shifuku_01_2_s40.png",".png","569"
"Face\bf_std_megurib_shifuku_02_1_s40.png",".png","569"
"Face\bf_std_megurib_shifuku_02_2_s40.png",".png","569"
"Face\bf_std_megurib_shifuku_03_s40.png",".png","569"
"Face\bf_std_megurib_shifuku_04_s40.png",".png","569"
"Face\bf_std_megurib_shifuku_05_s40.png",".png","569"
"Face\bf_std_megurib_shifuku_06_s40.png",".png","569"
"Face\bf_std_megurib_shifuku_07_1_s40.png",".png","569"
"Face\bf_std_megurib_shifuku_07_2_s40.png",".png","569"
"Face\bf_std_megurib_shifuku_08_s40.png",".png","569"
"Face\bf_std_megurib_shifuku_09_s40.png",".png","569"
"Face\bf_std_megurib_shifuku_10_s40.png",".png","569"
"Face\bf_std_megurib_shifuku_11_s40.png",".png","569"
"Face\bf_std_megurib_shifuku_12_s40.png",".png","569"
"Face\bf_std_megurib_shifuku_13_s40.png",".png","569"
"Face\bf_std_megurib_shifuku_14_s40.png",".png","569"
"Face\bf_std_megurib_shifuku_14_s50.png",".png","569"
"Face\bf_std_megurib_shifuku_15_s40.png",".png","569"
"Face\bf_std_nananaa_maid_00_s40.png",".png","569"
"Face\bf_std_nananaa_maid_01_1_s40.png",".png","569"
"Face\bf_std_nananaa_maid_01_2_s40.png",".png","569"
"Face\bf_std_nananaa_maid_02_1_s40.png",".png","569"
"Face\bf_std_nananaa_maid_02_2_s40.png",".png","569"
"Face\bf_std_nananaa_maid_03_s40.png",".png","569"
"Face\bf_std_nananaa_maid_04_s40.png",".png","569"
"Face\bf_std_nananaa_maid_05_s40.png",".png","569"
"Face\bf_std_nananaa_maid_06_s40.png",".png","569"
"Face\bf_std_nananaa_maid_07_1_s40.png",".png","569"
"Face\bf_std_nananaa_maid_07_2_s40.png",".png","569"
"Face\bf_std_nananaa_maid_08_s40.png",".png","569"
"Face\bf_std_nananaa_maid_09_s40.png",".png","569"
"Face\bf_std_nananaa_maid_10_s40.png",".png","569"
"Face\bf_std_nananaa_maid_11_s40.png",".png","569"
"Face\bf_std_nananaa_maid_12_s40.png",".png","569"
"Face\bf_std_nananaa_maid_13_1_s40.png",".png","569"
"Face\bf_std_nananaa_maid_13_2_s40.png",".png","569"
"Face\bf_std_nananaa_seifuku_00_s40.png",".png","569"
"Face\bf_std_nananaa_seifuku_01_1_s40.png",".png","569"
"Face\bf_std_nananaa_seifuku_01_2_s40.png",".png","569"
"Face\bf_std_nananaa_seifuku_02_1_s40.png",".png","569"
"Face\bf_std_nananaa_seifuku_02_2_s40.png",".png","569"
"Face\bf_std_nananaa_seifuku_03_s40.png",".png","569"
"Face\bf_std_nananaa_seifuku_04_s40.png",".png","569"
"Face\bf_std_nananaa_seifuku_05_s40.png",".png","569"
"Face\bf_std_nananaa_seifuku_06_s40.png",".png","569"
"Face\bf_std_nananaa_seifuku_07_1_s40.png",".png","569"
"Face\bf_std_nananaa_seifuku_07_2_s40.png",".png","569"
"Face\bf_std_nananaa_seifuku_08_s40.png",".png","569"
"Face\bf_std_nananaa_seifuku_09_s40.png",".png","569"
"Face\bf_std_nananaa_seifuku_10_s40.png",".png","569"
"Face\bf_std_nananaa_seifuku_11_s40.png",".png","569"
"Face\bf_std_nananaa_seifuku_12_s40.png",".png","569"
"Face\bf_std_nananaa_seifuku_13_1_s40.png",".png","569"
"Face\bf_std_nananaa_seifuku_13_2_s40.png",".png","569"
"Face\bf_std_nananaa_shifuku_00_s40.png",".png","569"
"Face\bf_std_nananaa_shifuku_01_1_s40.png",".png","569"
"Face\bf_std_nananaa_shifuku_01_2_s40.png",".png","569"
"Face\bf_std_nananaa_shifuku_02_1_s40.png",".png","569"
"Face\bf_std_nananaa_shifuku_02_2_s40.png",".png","569"
"Face\bf_std_nananaa_shifuku_03_s40.png",".png","569"
"Face\bf_std_nananaa_shifuku_04_s40.png",".png","569"
"Face\bf_std_nananaa_shifuku_05_s40.png",".png","569"
"Face\bf_std_nananaa_shifuku_06_s40.png",".png","569"
"Face\bf_std_nananaa_shifuku_07_1_s40.png",".png","569"
"Face\bf_std_nananaa_shifuku_07_2_s40.png",".png","569"
"Face\bf_std_nananaa_shifuku_08_s40.png",".png","569"
"Face\bf_std_nananaa_shifuku_09_s40.png",".png","569"
"Face\bf_std_nananaa_shifuku_09_s50.png",".png","569"
"Face\bf_std_nananaa_shifuku_10_s40.png",".png","569"
"Face\bf_std_nananaa_shifuku_11_s40.png",".png","569"
"Face\bf_std_nananaa_shifuku_12_s40.png",".png","569"
"Face\bf_std_nananaa_shifuku_13_1_s40.png",".png","569"
"Face\bf_std_nananaa_shifuku_13_1_s50.png",".png","569"
"Face\bf_std_nananaa_shifuku_13_2_s40.png",".png","569"
"Face\bf_std_nananaa_shifuku_13_2_s50.png",".png","569"
"Face\bf_std_nananab_maid_00_s40.png",".png","569"
"Face\bf_std_nananab_maid_01_1_s40.png",".png","569"
"Face\bf_std_nananab_maid_01_2_s40.png",".png","569"
"Face\bf_std_nananab_maid_02_1_s40.png",".png","569"
"Face\bf_std_nananab_maid_02_2_s40.png",".png","569"
"Face\bf_std_nananab_maid_03_s40.png",".png","569"
"Face\bf_std_nananab_maid_04_s40.png",".png","569"
"Face\bf_std_nananab_maid_05_s40.png",".png","569"
"Face\bf_std_nananab_maid_06_s40.png",".png","569"
"Face\bf_std_nananab_maid_07_1_s40.png",".png","569"
"Face\bf_std_nananab_maid_07_2_s40.png",".png","569"
"Face\bf_std_nananab_maid_08_s40.png",".png","569"
"Face\bf_std_nananab_maid_09_s40.png",".png","569"
"Face\bf_std_nananab_maid_10_s40.png",".png","569"
"Face\bf_std_nananab_maid_11_s40.png",".png","569"
"Face\bf_std_nananab_maid_12_s40.png",".png","569"
"Face\bf_std_nananab_maid_13_1_s40.png",".png","569"
"Face\bf_std_nananab_maid_13_2_s40.png",".png","569"
"Face\bf_std_nananab_maid_14_1_s40.png",".png","569"
"Face\bf_std_nananab_maid_14_2_s40.png",".png","569"
"Face\bf_std_nananab_seifuku_00_s40.png",".png","569"
"Face\bf_std_nananab_seifuku_01_1_s40.png",".png","569"
"Face\bf_std_nananab_seifuku_01_2_s40.png",".png","569"
"Face\bf_std_nananab_seifuku_02_1_s40.png",".png","569"
"Face\bf_std_nananab_seifuku_02_2_s40.png",".png","569"
"Face\bf_std_nananab_seifuku_03_s40.png",".png","569"
"Face\bf_std_nananab_seifuku_04_s40.png",".png","569"
"Face\bf_std_nananab_seifuku_05_s40.png",".png","569"
"Face\bf_std_nananab_seifuku_06_s40.png",".png","569"
"Face\bf_std_nananab_seifuku_07_1_s40.png",".png","569"
"Face\bf_std_nananab_seifuku_07_2_s40.png",".png","569"
"Face\bf_std_nananab_seifuku_08_s40.png",".png","569"
"Face\bf_std_nananab_seifuku_09_s40.png",".png","569"
"Face\bf_std_nananab_seifuku_10_s40.png",".png","569"
"Face\bf_std_nananab_seifuku_11_s40.png",".png","569"
"Face\bf_std_nananab_seifuku_12_s40.png",".png","569"
"Face\bf_std_nananab_seifuku_13_1_s40.png",".png","569"
"Face\bf_std_nananab_seifuku_13_2_s40.png",".png","569"
"Face\bf_std_nananab_seifuku_14_1_s40.png",".png","569"
"Face\bf_std_nananab_seifuku_14_2_s40.png",".png","569"
"Face\bf_std_nananab_shifuku_00_s40.png",".png","569"
"Face\bf_std_nananab_shifuku_01_1_s40.png",".png","569"
"Face\bf_std_nananab_shifuku_01_2_s40.png",".png","569"
"Face\bf_std_nananab_shifuku_02_1_s40.png",".png","569"
"Face\bf_std_nananab_shifuku_02_2_s40.png",".png","569"
"Face\bf_std_nananab_shifuku_03_s40.png",".png","569"
"Face\bf_std_nananab_shifuku_04_s40.png",".png","569"
"Face\bf_std_nananab_shifuku_05_s40.png",".png","569"
"Face\bf_std_nananab_shifuku_06_s40.png",".png","569"
"Face\bf_std_nananab_shifuku_07_1_s40.png",".png","569"
"Face\bf_std_nananab_shifuku_07_2_s40.png",".png","569"
"Face\bf_std_nananab_shifuku_08_s40.png",".png","569"
"Face\bf_std_nananab_shifuku_09_s40.png",".png","569"
"Face\bf_std_nananab_shifuku_10_s40.png",".png","569"
"Face\bf_std_nananab_shifuku_11_s40.png",".png","569"
"Face\bf_std_nananab_shifuku_12_s40.png",".png","569"
"Face\bf_std_nananab_shifuku_13_1_s40.png",".png","569"
"Face\bf_std_nananab_shifuku_13_1_s50.png",".png","569"
"Face\bf_std_nananab_shifuku_13_2_s40.png",".png","569"
"Face\bf_std_nananab_shifuku_13_2_s50.png",".png","569"
"Face\bf_std_nananab_shifuku_14_1_s40.png",".png","569"
"Face\bf_std_nananab_shifuku_14_1_s50.png",".png","569"
"Face\bf_std_nananab_shifuku_14_2_s40.png",".png","569"
"Face\bf_std_nananab_shifuku_14_2_s50.png",".png","569"
"Face\bf_std_oboro_seifuku_00_s00.png",".png","92222"
"Face\bf_std_oboro_seifuku_00_s61.png",".png","1371"
"Face\bf_std_oboro_seifuku_00_s73.png",".png","1279"
"Face\bf_std_oboro_seifuku_01_s61.png",".png","1363"
"Face\bf_std_oboro_seifuku_01_s73.png",".png","1256"
"Face\bf_std_oboro_seifuku_02_s61.png",".png","1398"
"Face\bf_std_oboro_seifuku_02_s73.png",".png","1281"
"Face\bf_std_oboro_seifuku_03_s61.png",".png","1322"
"Face\bf_std_oboro_seifuku_03_s73.png",".png","1255"
"Face\bf_std_oboro_seifuku_04_s61.png",".png","1320"
"Face\bf_std_oboro_seifuku_05_s61.png",".png","1350"
"Face\bf_std_oboro_seifuku_06_s61.png",".png","1407"
"Face\bf_std_oboro_seifuku_07_s61.png",".png","1370"
"Face\bf_std_oboro_seifuku_08_s61.png",".png","1322"
"Face\bf_std_oboro_seifuku_09_s61.png",".png","1323"
"Face\bf_std_oboro_seifuku_10_s61.png",".png","1330"
"Face\bf_std_rairai_seifuku_00_s00.png",".png","67833"
"Face\bf_std_rairai_seifuku_00_s59.png",".png","817"
"Face\bf_std_rairai_seifuku_00_s69.png",".png","873"
"Face\bf_std_rairai_seifuku_01_s59.png",".png","817"
"Face\bf_std_rairai_seifuku_01_s69.png",".png","873"
"Face\bf_std_rairai_seifuku_02_s59.png",".png","817"
"Face\bf_std_rairai_seifuku_02_s69.png",".png","873"
"Face\bf_std_rairai_seifuku_03_s59.png",".png","817"
"Face\bf_std_rairai_seifuku_03_s69.png",".png","873"
"Face\bf_std_rairai_seifuku_04_s59.png",".png","817"
"Face\bf_std_rairai_seifuku_04_s69.png",".png","873"
"Face\bf_std_rairai_seifuku_05_s59.png",".png","817"
"Face\bf_std_rairai_seifuku_05_s69.png",".png","873"
"Face\bf_std_rairai_seifuku_06_s00.png",".png","67981"
"Face\bf_std_rairai_seifuku_06_s59.png",".png","817"
"Face\bf_std_rairai_seifuku_06_s69.png",".png","873"
"Face\bf_std_rairai_seifuku_07_s00.png",".png","67825"
"Face\bf_std_rairai_seifuku_07_s59.png",".png","817"
"Face\bf_std_rairai_seifuku_07_s69.png",".png","873"
"Face\bf_std_rairai_seifuku_08_s59.png",".png","817"
"Face\bf_std_rairai_seifuku_08_s69.png",".png","873"
"Face\bf_std_rairai_seifuku_09_s00.png",".png","67178"
"Face\bf_std_rairai_seifuku_09_s59.png",".png","817"
"Face\bf_std_rairai_seifuku_09_s69.png",".png","873"
"Face\bf_std_rairai_seifuku_10_s59.png",".png","817"
"Face\bf_std_rairai_seifuku_10_s69.png",".png","873"
"Face\bf_std_rizea_seifuku_00_s40.png",".png","1040"
"Face\bf_std_rizea_seifuku_01_1_s40.png",".png","1040"
"Face\bf_std_rizea_seifuku_01_2_s40.png",".png","1040"
"Face\bf_std_rizea_seifuku_02_1_s40.png",".png","1040"
"Face\bf_std_rizea_seifuku_02_2_s40.png",".png","1040"
"Face\bf_std_rizea_seifuku_03_s40.png",".png","1040"
"Face\bf_std_rizea_seifuku_04_s40.png",".png","1040"
"Face\bf_std_rizea_seifuku_05_s40.png",".png","1040"
"Face\bf_std_rizea_seifuku_06_1_s40.png",".png","1040"
"Face\bf_std_rizea_seifuku_06_2_s40.png",".png","1040"
"Face\bf_std_rizea_seifuku_07_1_s40.png",".png","1040"
"Face\bf_std_rizea_seifuku_07_2_s40.png",".png","1040"
"Face\bf_std_rizea_seifuku_08_s40.png",".png","1040"
"Face\bf_std_rizea_seifuku_08_s50.png",".png","1135"
"Face\bf_std_rizea_seifuku_09_s40.png",".png","1040"
"Face\bf_std_rizea_seifuku_10_s40.png",".png","1040"
"Face\bf_std_rizea_seifuku_10_s50.png",".png","1007"
"Face\bf_std_rizea_seifuku_11_s40.png",".png","1040"
"Face\bf_std_rizea_seifuku_11_s50.png",".png","1007"
"Face\bf_std_rizea_seifuku_12_s40.png",".png","1040"
"Face\bf_std_rizea_seifuku_12_s50.png",".png","1135"
"Face\bf_std_rizea_seifuku_13_s40.png",".png","1040"
"Face\bf_std_rizea_seifuku_14_s40.png",".png","1040"
"Face\bf_std_rizea_seifuku_15_s40.png",".png","1040"
"Face\bf_std_rizea_shifuku_00_s40.png",".png","1040"
"Face\bf_std_rizea_shifuku_01_1_s40.png",".png","1040"
"Face\bf_std_rizea_shifuku_01_2_s40.png",".png","1040"
"Face\bf_std_rizea_shifuku_02_1_s40.png",".png","1040"
"Face\bf_std_rizea_shifuku_02_2_s40.png",".png","1040"
"Face\bf_std_rizea_shifuku_03_s40.png",".png","1040"
"Face\bf_std_rizea_shifuku_04_s40.png",".png","1040"
"Face\bf_std_rizea_shifuku_05_s40.png",".png","1040"
"Face\bf_std_rizea_shifuku_06_1_s40.png",".png","1040"
"Face\bf_std_rizea_shifuku_06_2_s40.png",".png","1040"
"Face\bf_std_rizea_shifuku_06_2_s50.png",".png","1007"
"Face\bf_std_rizea_shifuku_07_1_s40.png",".png","1040"
"Face\bf_std_rizea_shifuku_07_2_s40.png",".png","1040"
"Face\bf_std_rizea_shifuku_08_s40.png",".png","1040"
"Face\bf_std_rizea_shifuku_09_s40.png",".png","1040"
"Face\bf_std_rizea_shifuku_10_s40.png",".png","1040"
"Face\bf_std_rizea_shifuku_11_s40.png",".png","1040"
"Face\bf_std_rizea_shifuku_11_s50.png",".png","1135"
"Face\bf_std_rizea_shifuku_12_s40.png",".png","1040"
"Face\bf_std_rizea_shifuku_12_s50.png",".png","1135"
"Face\bf_std_rizea_shifuku_13_s40.png",".png","1040"
"Face\bf_std_rizea_shifuku_14_s40.png",".png","1040"
"Face\bf_std_rizea_shifuku_15_s40.png",".png","1040"
"Face\bf_std_rizeb_seifuku_00_s40.png",".png","1002"
"Face\bf_std_rizeb_seifuku_01_1_s40.png",".png","1002"
"Face\bf_std_rizeb_seifuku_01_2_s40.png",".png","1002"
"Face\bf_std_rizeb_seifuku_02_1_s40.png",".png","1002"
"Face\bf_std_rizeb_seifuku_02_2_s40.png",".png","1002"
"Face\bf_std_rizeb_seifuku_03_s40.png",".png","1002"
"Face\bf_std_rizeb_seifuku_04_1_s40.png",".png","1002"
"Face\bf_std_rizeb_seifuku_04_2_s40.png",".png","1002"
"Face\bf_std_rizeb_seifuku_05_s40.png",".png","1002"
"Face\bf_std_rizeb_seifuku_06_s40.png",".png","1002"
"Face\bf_std_rizeb_seifuku_07_s40.png",".png","1002"
"Face\bf_std_rizeb_seifuku_08_s40.png",".png","1002"
"Face\bf_std_rizeb_seifuku_09_s40.png",".png","1002"
"Face\bf_std_rizeb_seifuku_10_s40.png",".png","1002"
"Face\bf_std_rizeb_seifuku_11_s40.png",".png","1002"
"Face\bf_std_rizeb_seifuku_12_s40.png",".png","1002"
"Face\bf_std_rizeb_seifuku_12_s50.png",".png","865"
"Face\bf_std_rizeb_seifuku_13_s40.png",".png","1002"
"Face\bf_std_rizeb_seifuku_14_1_s40.png",".png","1002"
"Face\bf_std_rizeb_seifuku_14_2_s40.png",".png","1002"
"Face\bf_std_rizeb_shifuku_00_s40.png",".png","1002"
"Face\bf_std_rizeb_shifuku_01_1_s40.png",".png","1002"
"Face\bf_std_rizeb_shifuku_01_2_s40.png",".png","1002"
"Face\bf_std_rizeb_shifuku_02_1_s40.png",".png","1002"
"Face\bf_std_rizeb_shifuku_02_2_s40.png",".png","1002"
"Face\bf_std_rizeb_shifuku_03_s40.png",".png","1002"
"Face\bf_std_rizeb_shifuku_04_1_s40.png",".png","1002"
"Face\bf_std_rizeb_shifuku_04_2_s40.png",".png","1002"
"Face\bf_std_rizeb_shifuku_05_s40.png",".png","1002"
"Face\bf_std_rizeb_shifuku_06_s40.png",".png","1002"
"Face\bf_std_rizeb_shifuku_07_s40.png",".png","1002"
"Face\bf_std_rizeb_shifuku_08_s40.png",".png","1002"
"Face\bf_std_rizeb_shifuku_09_s40.png",".png","1002"
"Face\bf_std_rizeb_shifuku_10_s40.png",".png","1002"
"Face\bf_std_rizeb_shifuku_11_s40.png",".png","1002"
"Face\bf_std_rizeb_shifuku_12_s40.png",".png","1002"
"Face\bf_std_rizeb_shifuku_13_s40.png",".png","1002"
"Face\bf_std_rizeb_shifuku_14_1_s40.png",".png","1002"
"Face\bf_std_rizeb_shifuku_14_2_s40.png",".png","1002"
"Face\bf_std_yuuen_apron_00_s40.png",".png","20869"
"Face\bf_std_yuuen_apron_01_1_s40.png",".png","21061"
"Face\bf_std_yuuen_apron_01_2_s40.png",".png","21065"
"Face\bf_std_yuuen_apron_02_1_s40.png",".png","20896"
"Face\bf_std_yuuen_apron_02_2_s40.png",".png","20908"
"Face\bf_std_yuuen_apron_03_s40.png",".png","21197"
"Face\bf_std_yuuen_apron_04_s40.png",".png","21094"
"Face\bf_std_yuuen_apron_05_s40.png",".png","21135"
"Face\bf_std_yuuen_apron_06_s40.png",".png","20999"
"Face\bf_std_yuuen_apron_07_1_s40.png",".png","20879"
"Face\bf_std_yuuen_apron_07_2_s40.png",".png","20879"
"Face\bf_std_yuuen_apron_08_s40.png",".png","20935"
"Face\bf_std_yuuen_apron_09_s40.png",".png","20988"
"Face\bf_std_yuuen_apron_10_s40.png",".png","20965"
"Face\bf_std_yuuen_seifuku_00_s40.png",".png","21170"
"Face\bf_std_yuuen_seifuku_01_1_s00.png",".png","69745"
"Face\bf_std_yuuen_seifuku_01_1_s40.png",".png","21334"
"Face\bf_std_yuuen_seifuku_01_1_s50.png",".png","1061"
"Face\bf_std_yuuen_seifuku_01_2_s40.png",".png","21361"
"Face\bf_std_yuuen_seifuku_02_1_s40.png",".png","21180"
"Face\bf_std_yuuen_seifuku_02_2_s40.png",".png","21191"
"Face\bf_std_yuuen_seifuku_03_s40.png",".png","21452"
"Face\bf_std_yuuen_seifuku_04_s00.png",".png","69387"
"Face\bf_std_yuuen_seifuku_04_s40.png",".png","21355"
"Face\bf_std_yuuen_seifuku_05_s40.png",".png","21389"
"Face\bf_std_yuuen_seifuku_06_s40.png",".png","21294"
"Face\bf_std_yuuen_seifuku_06_s50.png",".png","1061"
"Face\bf_std_yuuen_seifuku_07_1_s40.png",".png","21159"
"Face\bf_std_yuuen_seifuku_07_2_s40.png",".png","21159"
"Face\bf_std_yuuen_seifuku_08_s40.png",".png","21205"
"Face\bf_std_yuuen_seifuku_09_s40.png",".png","21264"
"Face\bf_std_yuuen_seifuku_10_s40.png",".png","21253"
"Face\f_eff_candle.png",".png","357"
"Face\f_eff_castle.png",".png","357"
"Face\f_eff_etudeframe.png",".png","357"
"Face\f_eff_frameb.png",".png","357"
"Face\f_eff_isu.png",".png","357"
"Face\f_eff_mirror.png",".png","357"
"Face\f_eff_mirror2.png",".png","357"
"Face\f_kao_cg06_03.png",".png","4057"
"Face\f_kao_cg06_04a.png",".png","4067"
"Face\f_kao_futaba_seifuku_01_2.png",".png","12173"
"Face\f_kao_futaba_seifuku_02_1.png",".png","12173"
"Face\f_kao_futaba_seifuku_03.png",".png","12198"
"Face\f_kao_futaba_seifuku_04_1.png",".png","12013"
"Face\f_kao_futaba_seifuku_04_2.png",".png","12037"
"Face\f_kao_futaba_seifuku_05.png",".png","12073"
"Face\f_kao_futaba_seifuku_06_1.png",".png","12037"
"Face\f_kao_futaba_seifuku_06_2.png",".png","12028"
"Face\f_kao_futaba_seifuku_07.png",".png","12217"
"Face\f_kao_futaba_seifuku_08.png",".png","12045"
"Face\f_kao_futaba_seifuku_09_1.png",".png","12179"
"Face\f_kao_futaba_seifuku_10.png",".png","12218"
"Face\f_kao_hana_seifuku_01_2.png",".png","7265"
"Face\f_kao_hana_seifuku_04.png",".png","7256"
"Face\f_kao_hana_seifuku_05.png",".png","7274"
"Face\f_kao_hana_seifuku_11.png",".png","7274"
"Face\f_kao_hyokoa_seifuku_01_1.png",".png","7261"
"Face\f_kao_hyokoa_seifuku_03.png",".png","7261"
"Face\f_kao_hyokoa_seifuku_06.png",".png","7271"
"Face\f_kao_hyokoa_shifuku_06.png",".png","7245"
"Face\f_kao_hyokoa_shifuku_07_2.png",".png","7245"
"Face\f_kao_hyokoa_shifuku_09.png",".png","7271"
"Face\f_kao_hyokoa_shifuku_13.png",".png","7245"
"Face\f_kao_hyokob_seifuku_01_2.png",".png","5961"
"Face\f_kao_hyokob_seifuku_03.png",".png","5964"
"Face\f_kao_hyokob_shifuku_01_1.png",".png","6006"
"Face\f_kao_hyokob_shifuku_04.png",".png","6005"
"Face\f_kao_hyokob_shifuku_05.png",".png","6004"
"Face\f_kao_hyokob_shifuku_06.png",".png","6011"
"Face\f_kao_hyokob_shifuku_09.png",".png","5973"
"Face\f_kao_hyokob_shifuku_11.png",".png","5975"
"Face\f_kao_kohakua_seifuku_00.png",".png","10101"
"Face\f_kao_kohakua_seifuku_01_2.png",".png","9981"
"Face\f_kao_kohakua_seifuku_03.png",".png","10007"
"Face\f_kao_kohakua_seifuku_10.png",".png","10123"
"Face\f_kao_kohakua_seifuku_13_1.png",".png","9893"
"Face\f_kao_kohakua_seifuku_13_2.png",".png","9893"
"Face\f_kao_kohakua_shifuku_03.png",".png","10078"
"Face\f_kao_kohakua_shifuku_11.png",".png","9957"
"Face\f_kao_kohakub_seifuku_02_2.png",".png","11265"
"Face\f_kao_kohakub_seifuku_05.png",".png","11199"
"Face\f_kao_kohakub_seifuku_07_2.png",".png","11183"
"Face\f_kao_kohakub_seifuku_10_0.png",".png","9842"
"Face\f_kao_kohakub_seifuku_10_1.png",".png","11182"
"Face\f_kao_kohakub_seifuku_11.png",".png","11167"
"Face\f_kao_kohakub_seifuku_12.png",".png","11293"
"Face\f_kao_kohakub_shifuku_01_1.png",".png","11183"
"Face\f_kao_kohakub_shifuku_05.png",".png","11199"
"Face\f_kao_kohakub_shifuku_07_2.png",".png","11281"
"Face\f_kao_meguria_seifuku_00.png",".png","7984"
"Face\f_kao_meguria_seifuku_05.png",".png","7976"
"Face\f_kao_meguria_seifuku_09.png",".png","7973"
"Face\f_kao_meguria_seifuku_11.png",".png","7994"
"Face\f_kao_meguria_seifuku_12.png",".png","7973"
"Face\f_kao_meguria_shifuku_02_1.png",".png","7973"
"Face\f_kao_meguria_shifuku_10.png",".png","7981"
"Face\f_kao_meguria_shifuku_11.png",".png","7994"
"Face\f_kao_megurib_seifuku_05.png",".png","3438"
"Face\f_kao_megurib_seifuku_07_2.png",".png","3434"
"Face\f_kao_megurib_seifuku_08.png",".png","3438"
"Face\f_kao_megurib_seifuku_09.png",".png","3428"
"Face\f_kao_megurib_seifuku_10.png",".png","3361"
"Face\f_kao_megurib_seifuku_15.png",".png","3460"
"Face\f_kao_megurib_shifuku_01_1.png",".png","3437"
"Face\f_kao_megurib_shifuku_05.png",".png","3438"
"Face\f_kao_megurib_shifuku_08.png",".png","3438"
"Face\f_kao_megurib_shifuku_13.png",".png","3428"
"Face\f_kao_nananaa_maid_04.png",".png","16804"
"Face\f_kao_nananaa_seifuku_00.png",".png","16304"
"Face\f_kao_nananaa_seifuku_06.png",".png","16251"
"Face\f_kao_nananaa_seifuku_07_1.png",".png","16248"
"Face\f_kao_nananaa_seifuku_09.png",".png","16180"
"Face\f_kao_nananaa_shifuku_00.png",".png","16304"
"Face\f_kao_nananaa_shifuku_06.png",".png","16264"
"Face\f_kao_nananaa_shifuku_08.png",".png","16244"
"Face\f_kao_nananaa_shifuku_09.png",".png","16200"
"Face\f_kao_nananab_maid_12.png",".png","17444"
"Face\f_kao_nananab_seifuku_09.png",".png","15715"
"Face\f_kao_nananab_seifuku_10.png",".png","15729"
"Face\f_kao_nananab_seifuku_12.png",".png","15697"
"Face\f_kao_nananab_seifuku_13_1.png",".png","15666"
"Face\f_kao_nananab_seifuku_14_2.png",".png","15561"
"Face\f_kao_nananab_shifuku_00.png",".png","15801"
"Face\f_kao_nananab_shifuku_02_1.png",".png","15719"
"Face\f_kao_nananab_shifuku_08.png",".png","15567"
"Face\f_kao_nananab_shifuku_09.png",".png","15715"
"Face\f_kao_nananab_shifuku_10.png",".png","15729"
"Face\f_kao_nananab_shifuku_12.png",".png","15697"
"Face\f_kao_nananab_shifuku_13_1.png",".png","15666"
"Face\f_kao_nananab_shifuku_14_2.png",".png","15561"
"Face\f_kao_oboro_seifuku_00.png",".png","11604"
"Face\f_kao_oboro_seifuku_01.png",".png","11761"
"Face\f_kao_philia2.png",".png","10316"
"Face\f_kao_rairai_seifuku_01.png",".png","5819"
"Face\f_kao_rairai_seifuku_02.png",".png","5917"
"Face\f_kao_rairai_seifuku_03.png",".png","5819"
"Face\f_kao_rairai_seifuku_04.png",".png","5819"
"Face\f_kao_rairai_seifuku_07.png",".png","5917"
"Face\f_kao_rairai_seifuku_09.png",".png","5819"
"Face\f_kao_rizea_seifuku_06_2.png",".png","8898"
"Face\f_kao_rizea_seifuku_07_2.png",".png","8901"
"Face\f_kao_rizea_seifuku_09.png",".png","8901"
"Face\f_kao_rizea_seifuku_11.png",".png","8892"
"Face\f_kao_rizea_seifuku_12.png",".png","8930"
"Face\f_kao_rizea_seifuku_13.png",".png","8894"
"Face\f_kao_rizea_shifuku_05.png",".png","8895"
"Face\f_kao_rizea_shifuku_07_2.png",".png","8901"
"Face\f_kao_rizea_shifuku_11.png",".png","8892"
"Face\f_kao_rizea_shifuku_13.png",".png","8894"
"Face\f_kao_rizeb_seifuku_00.png",".png","5800"
"Face\f_kao_rizeb_seifuku_06.png",".png","5876"
"Face\f_kao_rizeb_seifuku_07.png",".png","5794"
"Face\f_kao_rizeb_seifuku_12.png",".png","5805"
"Face\f_kao_rizeb_seifuku_14_1.png",".png","5815"
"Face\f_kao_rizeb_seifuku_14_2.png",".png","5878"
"Face\f_kao_rizeb_shifuku_03.png",".png","5888"
"Face\f_kao_rizeb_shifuku_07.png",".png","5872"
"Face\f_kao_rizeb_shifuku_12.png",".png","5805"
"Face\f_kao_rizeb_shifuku_14_1.png",".png","5815"
"Face\f_kao_yuuen_apron_08.png",".png","9553"
"Face\f_kao_yuuen_seifuku_01_1.png",".png","9532"
"Face\f_kao_yuuen_seifuku_04.png",".png","9509"
"Face\f_kao_yuuen_seifuku_05.png",".png","9561"
"Face\f_kao_yuuen_seifuku_07_1.png",".png","9509"
"Face\f_std_futaba_seifuku_00_s40.png",".png","136"
"Face\f_std_futaba_seifuku_00_s50.png",".png","136"
"Face\f_std_futaba_seifuku_01_1_s40.png",".png","136"
"Face\f_std_futaba_seifuku_01_1_s50.png",".png","136"
"Face\f_std_futaba_seifuku_01_2_s40.png",".png","136"
"Face\f_std_futaba_seifuku_01_2_s50.png",".png","136"
"Face\f_std_futaba_seifuku_02_1_s40.png",".png","136"
"Face\f_std_futaba_seifuku_02_1_s50.png",".png","136"
"Face\f_std_futaba_seifuku_02_2_s40.png",".png","136"
"Face\f_std_futaba_seifuku_02_2_s50.png",".png","136"
"Face\f_std_futaba_seifuku_02_3_s40.png",".png","136"
"Face\f_std_futaba_seifuku_02_3_s50.png",".png","136"
"Face\f_std_futaba_seifuku_02_4_s40.png",".png","136"
"Face\f_std_futaba_seifuku_02_4_s50.png",".png","136"
"Face\f_std_futaba_seifuku_03_s00.png",".png","136"
"Face\f_std_futaba_seifuku_03_s40.png",".png","136"
"Face\f_std_futaba_seifuku_03_s50.png",".png","136"
"Face\f_std_futaba_seifuku_04_1_s40.png",".png","136"
"Face\f_std_futaba_seifuku_04_1_s50.png",".png","136"
"Face\f_std_futaba_seifuku_04_2_s40.png",".png","136"
"Face\f_std_futaba_seifuku_04_2_s50.png",".png","136"
"Face\f_std_futaba_seifuku_05_s40.png",".png","136"
"Face\f_std_futaba_seifuku_05_s50.png",".png","136"
"Face\f_std_futaba_seifuku_06_1_s40.png",".png","136"
"Face\f_std_futaba_seifuku_06_1_s50.png",".png","136"
"Face\f_std_futaba_seifuku_06_2_s40.png",".png","136"
"Face\f_std_futaba_seifuku_06_2_s50.png",".png","136"
"Face\f_std_futaba_seifuku_07_s40.png",".png","136"
"Face\f_std_futaba_seifuku_07_s50.png",".png","136"
"Face\f_std_futaba_seifuku_08_s00.png",".png","136"
"Face\f_std_futaba_seifuku_08_s40.png",".png","136"
"Face\f_std_futaba_seifuku_08_s50.png",".png","136"
"Face\f_std_futaba_seifuku_09_1_s40.png",".png","136"
"Face\f_std_futaba_seifuku_09_1_s50.png",".png","136"
"Face\f_std_futaba_seifuku_09_2_s40.png",".png","136"
"Face\f_std_futaba_seifuku_09_2_s50.png",".png","136"
"Face\f_std_futaba_seifuku_10_s40.png",".png","136"
"Face\f_std_futaba_seifuku_10_s50.png",".png","136"
"Face\f_std_hana_seifuku_00_s40.png",".png","379"
"Face\f_std_hana_seifuku_00_s50.png",".png","136"
"Face\f_std_hana_seifuku_01_1_s40.png",".png","379"
"Face\f_std_hana_seifuku_01_1_s50.png",".png","136"
"Face\f_std_hana_seifuku_01_2_s40.png",".png","379"
"Face\f_std_hana_seifuku_01_2_s50.png",".png","136"
"Face\f_std_hana_seifuku_02_s40.png",".png","379"
"Face\f_std_hana_seifuku_02_s50.png",".png","136"
"Face\f_std_hana_seifuku_03_s40.png",".png","379"
"Face\f_std_hana_seifuku_04_s40.png",".png","379"
"Face\f_std_hana_seifuku_05_s40.png",".png","379"
"Face\f_std_hana_seifuku_05_s50.png",".png","136"
"Face\f_std_hana_seifuku_06_s40.png",".png","379"
"Face\f_std_hana_seifuku_06_s50.png",".png","136"
"Face\f_std_hana_seifuku_07_s40.png",".png","379"
"Face\f_std_hana_seifuku_08_s40.png",".png","379"
"Face\f_std_hana_seifuku_09_s40.png",".png","379"
"Face\f_std_hana_seifuku_10_s40.png",".png","379"
"Face\f_std_hana_seifuku_11_s40.png",".png","379"
"Face\f_std_hana_seifuku_11_s50.png",".png","136"
"Face\f_std_hana_seifuku_12_s40.png",".png","379"
"Face\f_std_hyokoa_seifuku_00_s40.png",".png","136"
"Face\f_std_hyokoa_seifuku_01_1_s40.png",".png","136"
"Face\f_std_hyokoa_seifuku_01_2_s40.png",".png","136"
"Face\f_std_hyokoa_seifuku_02_s40.png",".png","136"
"Face\f_std_hyokoa_seifuku_03_s40.png",".png","136"
"Face\f_std_hyokoa_seifuku_04_1_s40.png",".png","136"
"Face\f_std_hyokoa_seifuku_04_2_s40.png",".png","136"
"Face\f_std_hyokoa_seifuku_05_s40.png",".png","136"
"Face\f_std_hyokoa_seifuku_06_s40.png",".png","136"
"Face\f_std_hyokoa_seifuku_07_1_s40.png",".png","136"
"Face\f_std_hyokoa_seifuku_07_2_s40.png",".png","136"
"Face\f_std_hyokoa_seifuku_08_s40.png",".png","136"
"Face\f_std_hyokoa_seifuku_09_s40.png",".png","136"
"Face\f_std_hyokoa_seifuku_10_s40.png",".png","136"
"Face\f_std_hyokoa_seifuku_11_s40.png",".png","136"
"Face\f_std_hyokoa_seifuku_11_s50.png",".png","136"
"Face\f_std_hyokoa_seifuku_12_s40.png",".png","136"
"Face\f_std_hyokoa_seifuku_13_s40.png",".png","136"
"Face\f_std_hyokoa_seifuku_14_s40.png",".png","136"
"Face\f_std_hyokoa_seifuku_15_s40.png",".png","136"
"Face\f_std_hyokoa_shifuku_00_s40.png",".png","136"
"Face\f_std_hyokoa_shifuku_01_1_s40.png",".png","136"
"Face\f_std_hyokoa_shifuku_01_2_s40.png",".png","136"
"Face\f_std_hyokoa_shifuku_02_s40.png",".png","136"
"Face\f_std_hyokoa_shifuku_02_s50.png",".png","136"
"Face\f_std_hyokoa_shifuku_03_s40.png",".png","136"
"Face\f_std_hyokoa_shifuku_04_1_s40.png",".png","136"
"Face\f_std_hyokoa_shifuku_04_2_s40.png",".png","136"
"Face\f_std_hyokoa_shifuku_05_s40.png",".png","136"
"Face\f_std_hyokoa_shifuku_06_s40.png",".png","136"
"Face\f_std_hyokoa_shifuku_07_1_s40.png",".png","136"
"Face\f_std_hyokoa_shifuku_07_2_s40.png",".png","136"
"Face\f_std_hyokoa_shifuku_08_s40.png",".png","136"
"Face\f_std_hyokoa_shifuku_08_s50.png",".png","136"
"Face\f_std_hyokoa_shifuku_09_s40.png",".png","136"
"Face\f_std_hyokoa_shifuku_09_s50.png",".png","136"
"Face\f_std_hyokoa_shifuku_10_s40.png",".png","136"
"Face\f_std_hyokoa_shifuku_11_s40.png",".png","136"
"Face\f_std_hyokoa_shifuku_11_s50.png",".png","136"
"Face\f_std_hyokoa_shifuku_12_s40.png",".png","136"
"Face\f_std_hyokoa_shifuku_12_s50.png",".png","136"
"Face\f_std_hyokoa_shifuku_13_s40.png",".png","136"
"Face\f_std_hyokoa_shifuku_14_s40.png",".png","136"
"Face\f_std_hyokoa_shifuku_15_s40.png",".png","136"
"Face\f_std_hyokob_seifuku_00_s40.png",".png","136"
"Face\f_std_hyokob_seifuku_01_1_s40.png",".png","136"
"Face\f_std_hyokob_seifuku_01_2_s40.png",".png","136"
"Face\f_std_hyokob_seifuku_02_1_s40.png",".png","136"
"Face\f_std_hyokob_seifuku_02_2_s40.png",".png","136"
"Face\f_std_hyokob_seifuku_03_s40.png",".png","136"
"Face\f_std_hyokob_seifuku_04_s40.png",".png","136"
"Face\f_std_hyokob_seifuku_05_s40.png",".png","136"
"Face\f_std_hyokob_seifuku_06_s40.png",".png","136"
"Face\f_std_hyokob_seifuku_07_1_s40.png",".png","136"
"Face\f_std_hyokob_seifuku_07_2_s40.png",".png","136"
"Face\f_std_hyokob_seifuku_08_s40.png",".png","136"
"Face\f_std_hyokob_seifuku_09_s40.png",".png","136"
"Face\f_std_hyokob_seifuku_10_s40.png",".png","136"
"Face\f_std_hyokob_seifuku_11_s40.png",".png","136"
"Face\f_std_hyokob_seifuku_12_s40.png",".png","136"
"Face\f_std_hyokob_seifuku_12_s50.png",".png","136"
"Face\f_std_hyokob_seifuku_13_s40.png",".png","136"
"Face\f_std_hyokob_seifuku_14_s40.png",".png","136"
"Face\f_std_hyokob_seifuku_15_s40.png",".png","136"
"Face\f_std_hyokob_shifuku_00_s40.png",".png","136"
"Face\f_std_hyokob_shifuku_01_1_s40.png",".png","136"
"Face\f_std_hyokob_shifuku_01_2_s40.png",".png","136"
"Face\f_std_hyokob_shifuku_01_2_s50.png",".png","136"
"Face\f_std_hyokob_shifuku_02_1_s40.png",".png","136"
"Face\f_std_hyokob_shifuku_02_1_s50.png",".png","136"
"Face\f_std_hyokob_shifuku_02_2_s40.png",".png","136"
"Face\f_std_hyokob_shifuku_02_2_s50.png",".png","136"
"Face\f_std_hyokob_shifuku_03_s40.png",".png","136"
"Face\f_std_hyokob_shifuku_03_s50.png",".png","136"
"Face\f_std_hyokob_shifuku_04_s40.png",".png","136"
"Face\f_std_hyokob_shifuku_05_s40.png",".png","136"
"Face\f_std_hyokob_shifuku_06_s40.png",".png","136"
"Face\f_std_hyokob_shifuku_06_s50.png",".png","136"
"Face\f_std_hyokob_shifuku_07_1_s40.png",".png","136"
"Face\f_std_hyokob_shifuku_07_2_s40.png",".png","136"
"Face\f_std_hyokob_shifuku_08_s40.png",".png","136"
"Face\f_std_hyokob_shifuku_09_s40.png",".png","136"
"Face\f_std_hyokob_shifuku_09_s50.png",".png","136"
"Face\f_std_hyokob_shifuku_10_s40.png",".png","136"
"Face\f_std_hyokob_shifuku_10_s50.png",".png","136"
"Face\f_std_hyokob_shifuku_11_s40.png",".png","136"
"Face\f_std_hyokob_shifuku_11_s50.png",".png","136"
"Face\f_std_hyokob_shifuku_12_s40.png",".png","136"
"Face\f_std_hyokob_shifuku_13_s40.png",".png","136"
"Face\f_std_hyokob_shifuku_14_s40.png",".png","136"
"Face\f_std_hyokob_shifuku_15_s40.png",".png","136"
"Face\f_std_kohakua_seifuku_00_s40.png",".png","136"
"Face\f_std_kohakua_seifuku_01_1_s40.png",".png","136"
"Face\f_std_kohakua_seifuku_01_2_s40.png",".png","136"
"Face\f_std_kohakua_seifuku_02_1_s40.png",".png","136"
"Face\f_std_kohakua_seifuku_02_1_s50.png",".png","136"
"Face\f_std_kohakua_seifuku_02_2_s40.png",".png","136"
"Face\f_std_kohakua_seifuku_02_2_s50.png",".png","136"
"Face\f_std_kohakua_seifuku_03_s40.png",".png","136"
"Face\f_std_kohakua_seifuku_04_s40.png",".png","136"
"Face\f_std_kohakua_seifuku_04_s50.png",".png","136"
"Face\f_std_kohakua_seifuku_05_s40.png",".png","136"
"Face\f_std_kohakua_seifuku_06_1_s00.png",".png","136"
"Face\f_std_kohakua_seifuku_06_1_s40.png",".png","136"
"Face\f_std_kohakua_seifuku_06_1_s50.png",".png","136"
"Face\f_std_kohakua_seifuku_06_2_s00.png",".png","136"
"Face\f_std_kohakua_seifuku_06_2_s40.png",".png","136"
"Face\f_std_kohakua_seifuku_06_2_s50.png",".png","136"
"Face\f_std_kohakua_seifuku_07_s40.png",".png","136"
"Face\f_std_kohakua_seifuku_08_s40.png",".png","136"
"Face\f_std_kohakua_seifuku_09_s40.png",".png","136"
"Face\f_std_kohakua_seifuku_10_s40.png",".png","136"
"Face\f_std_kohakua_seifuku_10_s50.png",".png","136"
"Face\f_std_kohakua_seifuku_11_1_s40.png",".png","136"
"Face\f_std_kohakua_seifuku_11_1_s50.png",".png","136"
"Face\f_std_kohakua_seifuku_11_2_s40.png",".png","136"
"Face\f_std_kohakua_seifuku_11_2_s50.png",".png","136"
"Face\f_std_kohakua_seifuku_12_s40.png",".png","136"
"Face\f_std_kohakua_seifuku_13_1_s40.png",".png","136"
"Face\f_std_kohakua_seifuku_13_2_s40.png",".png","136"
"Face\f_std_kohakua_seifuku_14_s40.png",".png","136"
"Face\f_std_kohakua_seifuku_15_s40.png",".png","136"
"Face\f_std_kohakua_shifuku_00_s40.png",".png","136"
"Face\f_std_kohakua_shifuku_01_1_s40.png",".png","136"
"Face\f_std_kohakua_shifuku_01_2_s40.png",".png","136"
"Face\f_std_kohakua_shifuku_02_1_s40.png",".png","136"
"Face\f_std_kohakua_shifuku_02_2_s40.png",".png","136"
"Face\f_std_kohakua_shifuku_03_s40.png",".png","136"
"Face\f_std_kohakua_shifuku_04_s40.png",".png","136"
"Face\f_std_kohakua_shifuku_05_s40.png",".png","136"
"Face\f_std_kohakua_shifuku_06_1_s40.png",".png","136"
"Face\f_std_kohakua_shifuku_06_2_s40.png",".png","136"
"Face\f_std_kohakua_shifuku_07_s40.png",".png","136"
"Face\f_std_kohakua_shifuku_08_s40.png",".png","136"
"Face\f_std_kohakua_shifuku_09_s40.png",".png","136"
"Face\f_std_kohakua_shifuku_10_s40.png",".png","136"
"Face\f_std_kohakua_shifuku_10_s50.png",".png","136"
"Face\f_std_kohakua_shifuku_11_s40.png",".png","136"
"Face\f_std_kohakua_shifuku_12_s40.png",".png","136"
"Face\f_std_kohakua_shifuku_13_1_s40.png",".png","136"
"Face\f_std_kohakua_shifuku_13_2_s40.png",".png","136"
"Face\f_std_kohakua_shifuku_14_s40.png",".png","136"
"Face\f_std_kohakua_shifuku_15_s40.png",".png","136"
"Face\f_std_kohakub_seifuku_00_s40.png",".png","136"
"Face\f_std_kohakub_seifuku_01_1_s40.png",".png","136"
"Face\f_std_kohakub_seifuku_01_1_s50.png",".png","136"
"Face\f_std_kohakub_seifuku_01_2_s40.png",".png","136"
"Face\f_std_kohakub_seifuku_01_2_s50.png",".png","136"
"Face\f_std_kohakub_seifuku_02_1_s40.png",".png","136"
"Face\f_std_kohakub_seifuku_02_1_s50.png",".png","136"
"Face\f_std_kohakub_seifuku_02_2_s40.png",".png","136"
"Face\f_std_kohakub_seifuku_03_s40.png",".png","136"
"Face\f_std_kohakub_seifuku_03_s50.png",".png","136"
"Face\f_std_kohakub_seifuku_04_s40.png",".png","136"
"Face\f_std_kohakub_seifuku_05_s40.png",".png","136"
"Face\f_std_kohakub_seifuku_06_s40.png",".png","136"
"Face\f_std_kohakub_seifuku_07_1_s40.png",".png","136"
"Face\f_std_kohakub_seifuku_07_1_s50.png",".png","136"
"Face\f_std_kohakub_seifuku_07_2_s40.png",".png","136"
"Face\f_std_kohakub_seifuku_07_2_s50.png",".png","136"
"Face\f_std_kohakub_seifuku_08_s40.png",".png","136"
"Face\f_std_kohakub_seifuku_09_s40.png",".png","136"
"Face\f_std_kohakub_seifuku_10_1_s40.png",".png","136"
"Face\f_std_kohakub_seifuku_10_1_s50.png",".png","136"
"Face\f_std_kohakub_seifuku_10_2_s40.png",".png","136"
"Face\f_std_kohakub_seifuku_10_2_s50.png",".png","136"
"Face\f_std_kohakub_seifuku_10_3_s40.png",".png","136"
"Face\f_std_kohakub_seifuku_10_3_s50.png",".png","136"
"Face\f_std_kohakub_seifuku_11_s00.png",".png","136"
"Face\f_std_kohakub_seifuku_11_s40.png",".png","136"
"Face\f_std_kohakub_seifuku_12_s40.png",".png","136"
"Face\f_std_kohakub_seifuku_13_s40.png",".png","136"
"Face\f_std_kohakub_seifuku_14_s40.png",".png","136"
"Face\f_std_kohakub_seifuku_14_s50.png",".png","136"
"Face\f_std_kohakub_shifuku_00_s40.png",".png","136"
"Face\f_std_kohakub_shifuku_01_1_s40.png",".png","136"
"Face\f_std_kohakub_shifuku_01_2_s40.png",".png","136"
"Face\f_std_kohakub_shifuku_02_1_s40.png",".png","136"
"Face\f_std_kohakub_shifuku_02_2_s40.png",".png","136"
"Face\f_std_kohakub_shifuku_03_s40.png",".png","136"
"Face\f_std_kohakub_shifuku_04_s40.png",".png","136"
"Face\f_std_kohakub_shifuku_05_s40.png",".png","136"
"Face\f_std_kohakub_shifuku_06_s40.png",".png","136"
"Face\f_std_kohakub_shifuku_07_1_s40.png",".png","136"
"Face\f_std_kohakub_shifuku_07_2_s40.png",".png","136"
"Face\f_std_kohakub_shifuku_08_s40.png",".png","136"
"Face\f_std_kohakub_shifuku_08_s50.png",".png","136"
"Face\f_std_kohakub_shifuku_09_s40.png",".png","136"
"Face\f_std_kohakub_shifuku_10_s40.png",".png","136"
"Face\f_std_kohakub_shifuku_11_s40.png",".png","136"
"Face\f_std_kohakub_shifuku_12_s40.png",".png","136"
"Face\f_std_kohakub_shifuku_13_s40.png",".png","136"
"Face\f_std_kohakub_shifuku_14_s40.png",".png","136"
"Face\f_std_meguria_seifuku_00_s00.png",".png","136"
"Face\f_std_meguria_seifuku_00_s40.png",".png","136"
"Face\f_std_meguria_seifuku_01_1_s40.png",".png","136"
"Face\f_std_meguria_seifuku_01_2_s40.png",".png","136"
"Face\f_std_meguria_seifuku_02_1_s40.png",".png","136"
"Face\f_std_meguria_seifuku_02_2_s40.png",".png","136"
"Face\f_std_meguria_seifuku_03_s40.png",".png","136"
"Face\f_std_meguria_seifuku_04_s40.png",".png","136"
"Face\f_std_meguria_seifuku_05_s00.png",".png","136"
"Face\f_std_meguria_seifuku_05_s40.png",".png","136"
"Face\f_std_meguria_seifuku_05_s50.png",".png","136"
"Face\f_std_meguria_seifuku_06_1_s40.png",".png","136"
"Face\f_std_meguria_seifuku_06_2_s00.png",".png","136"
"Face\f_std_meguria_seifuku_06_2_s40.png",".png","136"
"Face\f_std_meguria_seifuku_06_2_s50.png",".png","136"
"Face\f_std_meguria_seifuku_07_s40.png",".png","136"
"Face\f_std_meguria_seifuku_08_s40.png",".png","136"
"Face\f_std_meguria_seifuku_08_s50.png",".png","136"
"Face\f_std_meguria_seifuku_09_s40.png",".png","136"
"Face\f_std_meguria_seifuku_10_s40.png",".png","136"
"Face\f_std_meguria_seifuku_11_s40.png",".png","136"
"Face\f_std_meguria_seifuku_12_s40.png",".png","136"
"Face\f_std_meguria_seifuku_13_1_s40.png",".png","136"
"Face\f_std_meguria_seifuku_13_2_s40.png",".png","136"
"Face\f_std_meguria_seifuku_14_s40.png",".png","136"
"Face\f_std_meguria_seifuku_15_s40.png",".png","136"
"Face\f_std_meguria_seifuku_15_s50.png",".png","136"
"Face\f_std_meguria_shifuku_00_s40.png",".png","136"
"Face\f_std_meguria_shifuku_01_1_s40.png",".png","136"
"Face\f_std_meguria_shifuku_01_2_s40.png",".png","136"
"Face\f_std_meguria_shifuku_02_1_s40.png",".png","136"
"Face\f_std_meguria_shifuku_02_2_s40.png",".png","136"
"Face\f_std_meguria_shifuku_03_s40.png",".png","136"
"Face\f_std_meguria_shifuku_04_s40.png",".png","136"
"Face\f_std_meguria_shifuku_05_s40.png",".png","136"
"Face\f_std_meguria_shifuku_06_1_s40.png",".png","136"
"Face\f_std_meguria_shifuku_06_2_s40.png",".png","136"
"Face\f_std_meguria_shifuku_07_s40.png",".png","136"
"Face\f_std_meguria_shifuku_08_s40.png",".png","136"
"Face\f_std_meguria_shifuku_09_s40.png",".png","136"
"Face\f_std_meguria_shifuku_10_s40.png",".png","136"
"Face\f_std_meguria_shifuku_11_s40.png",".png","136"
"Face\f_std_meguria_shifuku_12_s40.png",".png","136"
"Face\f_std_meguria_shifuku_13_1_s40.png",".png","136"
"Face\f_std_meguria_shifuku_13_2_s40.png",".png","136"
"Face\f_std_meguria_shifuku_14_s40.png",".png","136"
"Face\f_std_meguria_shifuku_15_s40.png",".png","136"
"Face\f_std_meguria_shifuku_15_s50.png",".png","356"
"Face\f_std_megurib_seifuku_00_s40.png",".png","136"
"Face\f_std_megurib_seifuku_01_1_s00.png",".png","136"
"Face\f_std_megurib_seifuku_01_1_s40.png",".png","136"
"Face\f_std_megurib_seifuku_01_1_s50.png",".png","136"
"Face\f_std_megurib_seifuku_01_2_s40.png",".png","136"
"Face\f_std_megurib_seifuku_02_1_s40.png",".png","136"
"Face\f_std_megurib_seifuku_02_2_s40.png",".png","136"
"Face\f_std_megurib_seifuku_02_2_s50.png",".png","136"
"Face\f_std_megurib_seifuku_03_s40.png",".png","136"
"Face\f_std_megurib_seifuku_03_s50.png",".png","136"
"Face\f_std_megurib_seifuku_04_s40.png",".png","136"
"Face\f_std_megurib_seifuku_05_s40.png",".png","136"
"Face\f_std_megurib_seifuku_06_s40.png",".png","136"
"Face\f_std_megurib_seifuku_07_1_s00.png",".png","136"
"Face\f_std_megurib_seifuku_07_1_s40.png",".png","136"
"Face\f_std_megurib_seifuku_07_1_s50.png",".png","136"
"Face\f_std_megurib_seifuku_07_2_s40.png",".png","136"
"Face\f_std_megurib_seifuku_08_s40.png",".png","136"
"Face\f_std_megurib_seifuku_08_s50.png",".png","136"
"Face\f_std_megurib_seifuku_09_s40.png",".png","136"
"Face\f_std_megurib_seifuku_09_s50.png",".png","136"
"Face\f_std_megurib_seifuku_10_s00.png",".png","136"
"Face\f_std_megurib_seifuku_10_s40.png",".png","136"
"Face\f_std_megurib_seifuku_11_s40.png",".png","136"
"Face\f_std_megurib_seifuku_12_s40.png",".png","136"
"Face\f_std_megurib_seifuku_13_s40.png",".png","136"
"Face\f_std_megurib_seifuku_14_s40.png",".png","136"
"Face\f_std_megurib_seifuku_14_s50.png",".png","136"
"Face\f_std_megurib_seifuku_15_s40.png",".png","136"
"Face\f_std_megurib_shifuku_00_s40.png",".png","136"
"Face\f_std_megurib_shifuku_01_1_s40.png",".png","136"
"Face\f_std_megurib_shifuku_01_2_s40.png",".png","136"
"Face\f_std_megurib_shifuku_02_1_s40.png",".png","136"
"Face\f_std_megurib_shifuku_02_2_s40.png",".png","136"
"Face\f_std_megurib_shifuku_03_s40.png",".png","136"
"Face\f_std_megurib_shifuku_04_s40.png",".png","136"
"Face\f_std_megurib_shifuku_05_s40.png",".png","136"
"Face\f_std_megurib_shifuku_06_s40.png",".png","136"
"Face\f_std_megurib_shifuku_07_1_s40.png",".png","136"
"Face\f_std_megurib_shifuku_07_2_s40.png",".png","136"
"Face\f_std_megurib_shifuku_08_s40.png",".png","136"
"Face\f_std_megurib_shifuku_09_s40.png",".png","136"
"Face\f_std_megurib_shifuku_10_s40.png",".png","136"
"Face\f_std_megurib_shifuku_11_s40.png",".png","136"
"Face\f_std_megurib_shifuku_12_s40.png",".png","136"
"Face\f_std_megurib_shifuku_13_s40.png",".png","136"
"Face\f_std_megurib_shifuku_14_s40.png",".png","136"
"Face\f_std_megurib_shifuku_14_s50.png",".png","136"
"Face\f_std_megurib_shifuku_15_s40.png",".png","136"
"Face\f_std_nananaa_maid_00_s40.png",".png","136"
"Face\f_std_nananaa_maid_01_1_s40.png",".png","136"
"Face\f_std_nananaa_maid_01_2_s40.png",".png","136"
"Face\f_std_nananaa_maid_02_1_s40.png",".png","136"
"Face\f_std_nananaa_maid_02_2_s40.png",".png","136"
"Face\f_std_nananaa_maid_03_s40.png",".png","136"
"Face\f_std_nananaa_maid_04_s40.png",".png","136"
"Face\f_std_nananaa_maid_05_s40.png",".png","136"
"Face\f_std_nananaa_maid_06_s40.png",".png","136"
"Face\f_std_nananaa_maid_07_1_s40.png",".png","136"
"Face\f_std_nananaa_maid_07_2_s40.png",".png","136"
"Face\f_std_nananaa_maid_08_s40.png",".png","136"
"Face\f_std_nananaa_maid_09_s40.png",".png","136"
"Face\f_std_nananaa_maid_10_s40.png",".png","136"
"Face\f_std_nananaa_maid_11_s40.png",".png","136"
"Face\f_std_nananaa_maid_12_s40.png",".png","136"
"Face\f_std_nananaa_maid_13_1_s40.png",".png","136"
"Face\f_std_nananaa_maid_13_2_s40.png",".png","136"
"Face\f_std_nananaa_seifuku_00_s40.png",".png","136"
"Face\f_std_nananaa_seifuku_01_1_s40.png",".png","136"
"Face\f_std_nananaa_seifuku_01_2_s40.png",".png","136"
"Face\f_std_nananaa_seifuku_02_1_s40.png",".png","136"
"Face\f_std_nananaa_seifuku_02_2_s40.png",".png","136"
"Face\f_std_nananaa_seifuku_03_s40.png",".png","136"
"Face\f_std_nananaa_seifuku_04_s40.png",".png","136"
"Face\f_std_nananaa_seifuku_05_s40.png",".png","136"
"Face\f_std_nananaa_seifuku_06_s40.png",".png","136"
"Face\f_std_nananaa_seifuku_07_1_s40.png",".png","136"
"Face\f_std_nananaa_seifuku_07_2_s40.png",".png","136"
"Face\f_std_nananaa_seifuku_08_s40.png",".png","136"
"Face\f_std_nananaa_seifuku_09_s40.png",".png","136"
"Face\f_std_nananaa_seifuku_10_s40.png",".png","136"
"Face\f_std_nananaa_seifuku_11_s40.png",".png","136"
"Face\f_std_nananaa_seifuku_12_s40.png",".png","136"
"Face\f_std_nananaa_seifuku_13_1_s40.png",".png","136"
"Face\f_std_nananaa_seifuku_13_2_s40.png",".png","136"
"Face\f_std_nananaa_shifuku_00_s40.png",".png","136"
"Face\f_std_nananaa_shifuku_01_1_s40.png",".png","136"
"Face\f_std_nananaa_shifuku_01_2_s40.png",".png","136"
"Face\f_std_nananaa_shifuku_02_1_s40.png",".png","136"
"Face\f_std_nananaa_shifuku_02_2_s40.png",".png","136"
"Face\f_std_nananaa_shifuku_03_s40.png",".png","136"
"Face\f_std_nananaa_shifuku_04_s40.png",".png","136"
"Face\f_std_nananaa_shifuku_05_s40.png",".png","136"
"Face\f_std_nananaa_shifuku_06_s40.png",".png","136"
"Face\f_std_nananaa_shifuku_07_1_s40.png",".png","136"
"Face\f_std_nananaa_shifuku_07_2_s40.png",".png","136"
"Face\f_std_nananaa_shifuku_08_s40.png",".png","136"
"Face\f_std_nananaa_shifuku_09_s40.png",".png","136"
"Face\f_std_nananaa_shifuku_09_s50.png",".png","136"
"Face\f_std_nananaa_shifuku_10_s40.png",".png","136"
"Face\f_std_nananaa_shifuku_11_s40.png",".png","136"
"Face\f_std_nananaa_shifuku_12_s40.png",".png","136"
"Face\f_std_nananaa_shifuku_13_1_s40.png",".png","136"
"Face\f_std_nananaa_shifuku_13_1_s50.png",".png","136"
"Face\f_std_nananaa_shifuku_13_2_s40.png",".png","136"
"Face\f_std_nananaa_shifuku_13_2_s50.png",".png","136"
"Face\f_std_nananab_maid_00_s40.png",".png","136"
"Face\f_std_nananab_maid_01_1_s40.png",".png","136"
"Face\f_std_nananab_maid_01_2_s40.png",".png","136"
"Face\f_std_nananab_maid_02_1_s40.png",".png","136"
"Face\f_std_nananab_maid_02_2_s40.png",".png","136"
"Face\f_std_nananab_maid_03_s40.png",".png","136"
"Face\f_std_nananab_maid_04_s40.png",".png","136"
"Face\f_std_nananab_maid_05_s40.png",".png","136"
"Face\f_std_nananab_maid_06_s40.png",".png","136"
"Face\f_std_nananab_maid_07_1_s40.png",".png","136"
"Face\f_std_nananab_maid_07_2_s40.png",".png","136"
"Face\f_std_nananab_maid_08_s40.png",".png","136"
"Face\f_std_nananab_maid_09_s40.png",".png","136"
"Face\f_std_nananab_maid_10_s40.png",".png","136"
"Face\f_std_nananab_maid_11_s40.png",".png","136"
"Face\f_std_nananab_maid_12_s40.png",".png","136"
"Face\f_std_nananab_maid_13_1_s40.png",".png","136"
"Face\f_std_nananab_maid_13_2_s40.png",".png","136"
"Face\f_std_nananab_maid_14_1_s40.png",".png","136"
"Face\f_std_nananab_maid_14_2_s40.png",".png","136"
"Face\f_std_nananab_seifuku_00_s40.png",".png","136"
"Face\f_std_nananab_seifuku_01_1_s40.png",".png","136"
"Face\f_std_nananab_seifuku_01_2_s40.png",".png","136"
"Face\f_std_nananab_seifuku_02_1_s40.png",".png","136"
"Face\f_std_nananab_seifuku_02_2_s40.png",".png","136"
"Face\f_std_nananab_seifuku_03_s40.png",".png","136"
"Face\f_std_nananab_seifuku_04_s40.png",".png","136"
"Face\f_std_nananab_seifuku_05_s40.png",".png","136"
"Face\f_std_nananab_seifuku_06_s40.png",".png","136"
"Face\f_std_nananab_seifuku_07_1_s40.png",".png","136"
"Face\f_std_nananab_seifuku_07_2_s40.png",".png","136"
"Face\f_std_nananab_seifuku_08_s40.png",".png","136"
"Face\f_std_nananab_seifuku_09_s40.png",".png","136"
"Face\f_std_nananab_seifuku_10_s40.png",".png","136"
"Face\f_std_nananab_seifuku_11_s40.png",".png","136"
"Face\f_std_nananab_seifuku_12_s40.png",".png","136"
"Face\f_std_nananab_seifuku_13_1_s40.png",".png","136"
"Face\f_std_nananab_seifuku_13_2_s40.png",".png","136"
"Face\f_std_nananab_seifuku_14_1_s40.png",".png","136"
"Face\f_std_nananab_seifuku_14_2_s40.png",".png","136"
"Face\f_std_nananab_shifuku_00_s40.png",".png","136"
"Face\f_std_nananab_shifuku_01_1_s40.png",".png","136"
"Face\f_std_nananab_shifuku_01_2_s40.png",".png","136"
"Face\f_std_nananab_shifuku_02_1_s40.png",".png","136"
"Face\f_std_nananab_shifuku_02_2_s40.png",".png","136"
"Face\f_std_nananab_shifuku_03_s40.png",".png","136"
"Face\f_std_nananab_shifuku_04_s40.png",".png","136"
"Face\f_std_nananab_shifuku_05_s40.png",".png","136"
"Face\f_std_nananab_shifuku_06_s40.png",".png","136"
"Face\f_std_nananab_shifuku_07_1_s40.png",".png","136"
"Face\f_std_nananab_shifuku_07_2_s40.png",".png","136"
"Face\f_std_nananab_shifuku_08_s40.png",".png","136"
"Face\f_std_nananab_shifuku_09_s40.png",".png","136"
"Face\f_std_nananab_shifuku_10_s40.png",".png","136"
"Face\f_std_nananab_shifuku_11_s40.png",".png","136"
"Face\f_std_nananab_shifuku_12_s40.png",".png","136"
"Face\f_std_nananab_shifuku_13_1_s40.png",".png","136"
"Face\f_std_nananab_shifuku_13_1_s50.png",".png","136"
"Face\f_std_nananab_shifuku_13_2_s40.png",".png","136"
"Face\f_std_nananab_shifuku_13_2_s50.png",".png","136"
"Face\f_std_nananab_shifuku_14_1_s40.png",".png","136"
"Face\f_std_nananab_shifuku_14_1_s50.png",".png","136"
"Face\f_std_nananab_shifuku_14_2_s40.png",".png","136"
"Face\f_std_nananab_shifuku_14_2_s50.png",".png","136"
"Face\f_std_oboro_seifuku_00_s00.png",".png","449"
"Face\f_std_oboro_seifuku_00_s61.png",".png","524"
"Face\f_std_oboro_seifuku_00_s73.png",".png","460"
"Face\f_std_oboro_seifuku_01_s61.png",".png","524"
"Face\f_std_oboro_seifuku_01_s73.png",".png","460"
"Face\f_std_oboro_seifuku_02_s61.png",".png","524"
"Face\f_std_oboro_seifuku_02_s73.png",".png","460"
"Face\f_std_oboro_seifuku_03_s61.png",".png","524"
"Face\f_std_oboro_seifuku_03_s73.png",".png","460"
"Face\f_std_oboro_seifuku_04_s61.png",".png","524"
"Face\f_std_oboro_seifuku_05_s61.png",".png","524"
"Face\f_std_oboro_seifuku_06_s61.png",".png","524"
"Face\f_std_oboro_seifuku_07_s61.png",".png","524"
"Face\f_std_oboro_seifuku_08_s61.png",".png","524"
"Face\f_std_oboro_seifuku_09_s61.png",".png","524"
"Face\f_std_oboro_seifuku_10_s61.png",".png","524"
"Face\f_std_rairai_seifuku_00_s00.png",".png","196"
"Face\f_std_rairai_seifuku_00_s59.png",".png","136"
"Face\f_std_rairai_seifuku_00_s69.png",".png","136"
"Face\f_std_rairai_seifuku_01_s59.png",".png","136"
"Face\f_std_rairai_seifuku_01_s69.png",".png","136"
"Face\f_std_rairai_seifuku_02_s59.png",".png","136"
"Face\f_std_rairai_seifuku_02_s69.png",".png","136"
"Face\f_std_rairai_seifuku_03_s59.png",".png","136"
"Face\f_std_rairai_seifuku_03_s69.png",".png","136"
"Face\f_std_rairai_seifuku_04_s59.png",".png","136"
"Face\f_std_rairai_seifuku_04_s69.png",".png","136"
"Face\f_std_rairai_seifuku_05_s59.png",".png","136"
"Face\f_std_rairai_seifuku_05_s69.png",".png","136"
"Face\f_std_rairai_seifuku_06_s00.png",".png","196"
"Face\f_std_rairai_seifuku_06_s59.png",".png","136"
"Face\f_std_rairai_seifuku_06_s69.png",".png","136"
"Face\f_std_rairai_seifuku_07_s00.png",".png","196"
"Face\f_std_rairai_seifuku_07_s59.png",".png","136"
"Face\f_std_rairai_seifuku_07_s69.png",".png","136"
"Face\f_std_rairai_seifuku_08_s59.png",".png","136"
"Face\f_std_rairai_seifuku_08_s69.png",".png","136"
"Face\f_std_rairai_seifuku_09_s00.png",".png","196"
"Face\f_std_rairai_seifuku_09_s59.png",".png","136"
"Face\f_std_rairai_seifuku_09_s69.png",".png","136"
"Face\f_std_rairai_seifuku_10_s59.png",".png","136"
"Face\f_std_rairai_seifuku_10_s69.png",".png","136"
"Face\f_std_rizea_seifuku_00_s40.png",".png","136"
"Face\f_std_rizea_seifuku_01_1_s40.png",".png","136"
"Face\f_std_rizea_seifuku_01_2_s40.png",".png","136"
"Face\f_std_rizea_seifuku_02_1_s40.png",".png","136"
"Face\f_std_rizea_seifuku_02_2_s40.png",".png","136"
"Face\f_std_rizea_seifuku_03_s40.png",".png","136"
"Face\f_std_rizea_seifuku_04_s40.png",".png","136"
"Face\f_std_rizea_seifuku_05_s40.png",".png","136"
"Face\f_std_rizea_seifuku_06_1_s40.png",".png","136"
"Face\f_std_rizea_seifuku_06_2_s40.png",".png","136"
"Face\f_std_rizea_seifuku_07_1_s40.png",".png","136"
"Face\f_std_rizea_seifuku_07_2_s40.png",".png","136"
"Face\f_std_rizea_seifuku_08_s40.png",".png","136"
"Face\f_std_rizea_seifuku_08_s50.png",".png","356"
"Face\f_std_rizea_seifuku_09_s40.png",".png","136"
"Face\f_std_rizea_seifuku_10_s40.png",".png","136"
"Face\f_std_rizea_seifuku_10_s50.png",".png","136"
"Face\f_std_rizea_seifuku_11_s40.png",".png","136"
"Face\f_std_rizea_seifuku_11_s50.png",".png","136"
"Face\f_std_rizea_seifuku_12_s40.png",".png","136"
"Face\f_std_rizea_seifuku_12_s50.png",".png","356"
"Face\f_std_rizea_seifuku_13_s40.png",".png","136"
"Face\f_std_rizea_seifuku_14_s40.png",".png","136"
"Face\f_std_rizea_seifuku_15_s40.png",".png","136"
"Face\f_std_rizea_shifuku_00_s40.png",".png","136"
"Face\f_std_rizea_shifuku_01_1_s40.png",".png","136"
"Face\f_std_rizea_shifuku_01_2_s40.png",".png","136"
"Face\f_std_rizea_shifuku_02_1_s40.png",".png","136"
"Face\f_std_rizea_shifuku_02_2_s40.png",".png","136"
"Face\f_std_rizea_shifuku_03_s40.png",".png","136"
"Face\f_std_rizea_shifuku_04_s40.png",".png","136"
"Face\f_std_rizea_shifuku_05_s40.png",".png","136"
"Face\f_std_rizea_shifuku_06_1_s40.png",".png","136"
"Face\f_std_rizea_shifuku_06_2_s40.png",".png","136"
"Face\f_std_rizea_shifuku_06_2_s50.png",".png","136"
"Face\f_std_rizea_shifuku_07_1_s40.png",".png","136"
"Face\f_std_rizea_shifuku_07_2_s40.png",".png","136"
"Face\f_std_rizea_shifuku_08_s40.png",".png","136"
"Face\f_std_rizea_shifuku_09_s40.png",".png","136"
"Face\f_std_rizea_shifuku_10_s40.png",".png","136"
"Face\f_std_rizea_shifuku_11_s40.png",".png","136"
"Face\f_std_rizea_shifuku_11_s50.png",".png","356"
"Face\f_std_rizea_shifuku_12_s40.png",".png","136"
"Face\f_std_rizea_shifuku_12_s50.png",".png","356"
"Face\f_std_rizea_shifuku_13_s40.png",".png","136"
"Face\f_std_rizea_shifuku_14_s40.png",".png","136"
"Face\f_std_rizea_shifuku_15_s40.png",".png","136"
"Face\f_std_rizeb_seifuku_00_s40.png",".png","136"
"Face\f_std_rizeb_seifuku_01_1_s40.png",".png","136"
"Face\f_std_rizeb_seifuku_01_2_s40.png",".png","136"
"Face\f_std_rizeb_seifuku_02_1_s40.png",".png","136"
"Face\f_std_rizeb_seifuku_02_2_s40.png",".png","136"
"Face\f_std_rizeb_seifuku_03_s40.png",".png","136"
"Face\f_std_rizeb_seifuku_04_1_s40.png",".png","136"
"Face\f_std_rizeb_seifuku_04_2_s40.png",".png","136"
"Face\f_std_rizeb_seifuku_05_s40.png",".png","136"
"Face\f_std_rizeb_seifuku_06_s40.png",".png","136"
"Face\f_std_rizeb_seifuku_07_s40.png",".png","136"
"Face\f_std_rizeb_seifuku_08_s40.png",".png","136"
"Face\f_std_rizeb_seifuku_09_s40.png",".png","136"
"Face\f_std_rizeb_seifuku_10_s40.png",".png","136"
"Face\f_std_rizeb_seifuku_11_s40.png",".png","136"
"Face\f_std_rizeb_seifuku_12_s40.png",".png","136"
"Face\f_std_rizeb_seifuku_12_s50.png",".png","136"
"Face\f_std_rizeb_seifuku_13_s40.png",".png","136"
"Face\f_std_rizeb_seifuku_14_1_s40.png",".png","136"
"Face\f_std_rizeb_seifuku_14_2_s40.png",".png","136"
"Face\f_std_rizeb_shifuku_00_s40.png",".png","136"
"Face\f_std_rizeb_shifuku_01_1_s40.png",".png","136"
"Face\f_std_rizeb_shifuku_01_2_s40.png",".png","136"
"Face\f_std_rizeb_shifuku_02_1_s40.png",".png","136"
"Face\f_std_rizeb_shifuku_02_2_s40.png",".png","136"
"Face\f_std_rizeb_shifuku_03_s40.png",".png","136"
"Face\f_std_rizeb_shifuku_04_1_s40.png",".png","136"
"Face\f_std_rizeb_shifuku_04_2_s40.png",".png","136"
"Face\f_std_rizeb_shifuku_05_s40.png",".png","136"
"Face\f_std_rizeb_shifuku_06_s40.png",".png","136"
"Face\f_std_rizeb_shifuku_07_s40.png",".png","136"
"Face\f_std_rizeb_shifuku_08_s40.png",".png","136"
"Face\f_std_rizeb_shifuku_09_s40.png",".png","136"
"Face\f_std_rizeb_shifuku_10_s40.png",".png","136"
"Face\f_std_rizeb_shifuku_11_s40.png",".png","136"
"Face\f_std_rizeb_shifuku_12_s40.png",".png","136"
"Face\f_std_rizeb_shifuku_13_s40.png",".png","136"
"Face\f_std_rizeb_shifuku_14_1_s40.png",".png","136"
"Face\f_std_rizeb_shifuku_14_2_s40.png",".png","136"
"Face\f_std_yuuen_apron_00_s40.png",".png","233"
"Face\f_std_yuuen_apron_01_1_s40.png",".png","233"
"Face\f_std_yuuen_apron_01_2_s40.png",".png","233"
"Face\f_std_yuuen_apron_02_1_s40.png",".png","233"
"Face\f_std_yuuen_apron_02_2_s40.png",".png","233"
"Face\f_std_yuuen_apron_03_s40.png",".png","233"
"Face\f_std_yuuen_apron_04_s40.png",".png","233"
"Face\f_std_yuuen_apron_05_s40.png",".png","233"
"Face\f_std_yuuen_apron_06_s40.png",".png","233"
"Face\f_std_yuuen_apron_07_1_s40.png",".png","233"
"Face\f_std_yuuen_apron_07_2_s40.png",".png","233"
"Face\f_std_yuuen_apron_08_s40.png",".png","233"
"Face\f_std_yuuen_apron_09_s40.png",".png","233"
"Face\f_std_yuuen_apron_10_s40.png",".png","233"
"Face\f_std_yuuen_seifuku_00_s40.png",".png","235"
"Face\f_std_yuuen_seifuku_01_1_s00.png",".png","351"
"Face\f_std_yuuen_seifuku_01_1_s40.png",".png","235"
"Face\f_std_yuuen_seifuku_01_1_s50.png",".png","136"
"Face\f_std_yuuen_seifuku_01_2_s40.png",".png","235"
"Face\f_std_yuuen_seifuku_02_1_s40.png",".png","235"
"Face\f_std_yuuen_seifuku_02_2_s40.png",".png","235"
"Face\f_std_yuuen_seifuku_03_s40.png",".png","235"
"Face\f_std_yuuen_seifuku_04_s00.png",".png","351"
"Face\f_std_yuuen_seifuku_04_s40.png",".png","235"
"Face\f_std_yuuen_seifuku_05_s40.png",".png","235"
"Face\f_std_yuuen_seifuku_06_s40.png",".png","235"
"Face\f_std_yuuen_seifuku_06_s50.png",".png","136"
"Face\f_std_yuuen_seifuku_07_1_s40.png",".png","235"
"Face\f_std_yuuen_seifuku_07_2_s40.png",".png","235"
"Face\f_std_yuuen_seifuku_08_s40.png",".png","235"
"Face\f_std_yuuen_seifuku_09_s40.png",".png","235"
"Face\f_std_yuuen_seifuku_10_s40.png",".png","235"
"Movie\ed.mp4",".mp4","244258264"
"Movie\op.mp4",".mp4","125307743"
"Rename\renamelist_se.datu8",".datu8","2011"
"Rename\renamelist_system.datu8",".datu8","2363"
"Resource\copyalpha1d.bnsh",".bnsh","8544"
"Resource\drawwavecircle.bnsh",".bnsh","12696"
"Resource\movie.bnsh",".bnsh","12680"
"Resource\simple.bnsh",".bnsh","25592"
"Resource\simpleflashrgb.bnsh",".bnsh","12696"
"Resource\simpleflashrgbraster.bnsh",".bnsh","12712"
"Resource\simpleinterpolation.bnsh",".bnsh","12744"
"Resource\simplemono.bnsh",".bnsh","16920"
"Resource\simplemonoraster.bnsh",".bnsh","21040"
"Resource\simpleraster.bnsh",".bnsh","33752"
"Script\__global.binu8",".binu8","16"
"Script\eventmode.binu8",".binu8","1437"
"Script\replaymode.binu8",".binu8","3208"
"Script\scenario01_1.binu8",".binu8","87205"
"Script\scenario01_10.binu8",".binu8","111284"
"Script\scenario01_2.binu8",".binu8","99156"
"Script\scenario01_3.binu8",".binu8","113463"
"Script\scenario01_4.binu8",".binu8","102528"
"Script\scenario01_5.binu8",".binu8","95707"
"Script\scenario01_6.binu8",".binu8","88772"
"Script\scenario01_7.binu8",".binu8","104830"
"Script\scenario01_8.binu8",".binu8","85119"
"Script\scenario01_9.binu8",".binu8","100420"
"Script\scenario02_1.binu8",".binu8","93481"
"Script\scenario02_10.binu8",".binu8","84017"
"Script\scenario02_11.binu8",".binu8","76249"
"Script\scenario02_12.binu8",".binu8","75785"
"Script\scenario02_2.binu8",".binu8","102504"
"Script\scenario02_3.binu8",".binu8","114234"
"Script\scenario02_4.binu8",".binu8","87749"
"Script\scenario02_5.binu8",".binu8","86576"
"Script\scenario02_6.binu8",".binu8","97098"
"Script\scenario02_7.binu8",".binu8","90105"
"Script\scenario02_8.binu8",".binu8","82039"
"Script\scenario02_9.binu8",".binu8","86063"
"Script\scenario03_1.binu8",".binu8","75202"
"Script\scenario03_2.binu8",".binu8","115984"
"Script\scenario03_3.binu8",".binu8","101425"
"Script\scenario03_4.binu8",".binu8","95764"
"Script\scenario03_5.binu8",".binu8","97705"
"Script\scenario03_6.binu8",".binu8","99965"
"Script\scenario03_7.binu8",".binu8","100995"
"Script\scenario04_1.binu8",".binu8","115895"
"Script\scenario04_2.binu8",".binu8","105923"
"Script\scenario04_3.binu8",".binu8","82724"
"Script\scenario04_4.binu8",".binu8","100151"
"Script\scenario04_5.binu8",".binu8","96236"
"Script\scenario04_6.binu8",".binu8","87068"
"Script\scenario04_7.binu8",".binu8","56573"
"Script\scenario05_1.binu8",".binu8","106749"
"Script\scenario05_10.binu8",".binu8","107522"
"Script\scenario05_11.binu8",".binu8","112454"
"Script\scenario05_12.binu8",".binu8","104750"
"Script\scenario05_13.binu8",".binu8","83218"
"Script\scenario05_14.binu8",".binu8","95884"
"Script\scenario05_2.binu8",".binu8","101232"
"Script\scenario05_3.binu8",".binu8","104433"
"Script\scenario05_4.binu8",".binu8","93135"
"Script\scenario05_5.binu8",".binu8","99241"
"Script\scenario05_6.binu8",".binu8","108554"
"Script\scenario05_7.binu8",".binu8","100293"
"Script\scenario05_8.binu8",".binu8","90086"
"Script\scenario05_9.binu8",".binu8","107251"
"Script\scenario06_1.binu8",".binu8","110971"
"Script\scenario06_10.binu8",".binu8","69898"
"Script\scenario06_2.binu8",".binu8","111346"
"Script\scenario06_3.binu8",".binu8","71723"
"Script\scenario06_4.binu8",".binu8","97532"
"Script\scenario06_5.binu8",".binu8","90894"
"Script\scenario06_6.binu8",".binu8","93163"
"Script\scenario06_7.binu8",".binu8","112373"
"Script\scenario06_8.binu8",".binu8","28513"
"Script\scenario06_9.binu8",".binu8","35961"
"Script\scenario06b_1.binu8",".binu8","98828"
"Script\scenario06b_2.binu8",".binu8","97773"
"Script\scenario06b_3.binu8",".binu8","99340"
"Script\scenario06b_4.binu8",".binu8","87902"
"Script\scenario06b_5.binu8",".binu8","31218"
"Script\scenario06b_6.binu8",".binu8","84323"
"Script\scenario06b_7.binu8",".binu8","49449"
"Script\scenario06b_8.binu8",".binu8","51145"
"Script\scenario07_1.binu8",".binu8","125389"
"Script\scenario07_2.binu8",".binu8","112270"
"Script\scenario07_3.binu8",".binu8","89157"
"Script\scenario07_4.binu8",".binu8","77901"
"Script\scenario07_5.binu8",".binu8","83825"
"Script\scenario07_6.binu8",".binu8","93388"
"Script\scenario07b_1.binu8",".binu8","110447"
"Script\scenario07b_2.binu8",".binu8","96362"
"Script\scenario07b_3.binu8",".binu8","35659"
"Script\scenario07b_4.binu8",".binu8","82465"
"Script\scenario07b_5.binu8",".binu8","61130"
"Script\scenario08_1.binu8",".binu8","108631"
"Script\scenario08_2.binu8",".binu8","108237"
"Script\scenario08_3.binu8",".binu8","93389"
"Script\scenario08_4.binu8",".binu8","78319"
"Script\scenario08_5.binu8",".binu8","108051"
"Script\scenario08b_1.binu8",".binu8","95620"
"Script\scenario08b_2.binu8",".binu8","102341"
"Script\scenario08b_3.binu8",".binu8","18776"
"Script\scenario08b_4.binu8",".binu8","75009"
"Script\scenario08b_5.binu8",".binu8","54299"
"Script\scenario09_1.binu8",".binu8","65618"
"Script\scenario09_2.binu8",".binu8","100517"
"Script\scenario09_3.binu8",".binu8","82415"
"Script\scenario09_4.binu8",".binu8","101020"
"Script\scenario09_5.binu8",".binu8","118693"
"Script\system.binu8",".binu8","6205"
"Script\title.binu8",".binu8","19635"
"Se\ashiotojari.opus",".opus","25393"
"Se\bakuhatsu.opus",".opus","53174"
"Se\bu-.opus",".opus","54179"
"Se\daboku1.opus",".opus","16810"
"Se\daboku2.opus",".opus","16841"
"Se\daboku3.opus",".opus","17237"
"Se\dokkun.opus",".opus","16404"
"Se\eiganoyokonagi.opus",".opus","54137"
"Se\eiganoyokonagisaisoku.opus",".opus","53169"
"Se\fuanppoioto.opus",".opus","30982"
"Se\fuanwoaorukinzokuon.opus",".opus","89652"
"Se\ga-n.opus",".opus","41626"
"Se\gayagaya.opus",".opus","101681"
"Se\gouonshougeki.opus",".opus","15178"
"Se\gusha.opus",".opus","8271"
"Se\hikukuhibikufuonnaoto.opus",".opus","700553"
"Se\honoo.opus",".opus","21933"
"Se\juusei.opus",".opus","6826"
"Se\k_chaimu.opus",".opus","246314"
"Se\k_doawoakeru.opus",".opus","14887"
"Se\k_fukitsunakarasu.opus",".opus","82170"
"Se\k_garasuchuu.opus",".opus","19122"
"Se\k_garasudai.opus",".opus","27085"
"Se\k_garasushou.opus",".opus","13487"
"Se\k_ha-pu.opus",".opus","56518"
"Se\k_memo.opus",".opus","16385"
"Se\k_memo0.opus",".opus","15631"
"Se\k_nokku.opus",".opus","10147"
"Se\k_pimpo-n.opus",".opus","65469"
"Se\kamiwokiru.opus",".opus","33228"
"Se\kazi.opus",".opus","220899"
"Se\keiteki.opus",".opus","68140"
"Se\kenwonuku.opus",".opus","29277"
"Se\koori.opus",".opus","19805"
"Se\kuukishougeki.opus",".opus","33099"
"Se\kyupi-n.opus",".opus","30488"
"Se\niziri.opus",".opus","16206"
"Se\ookami.opus",".opus","61486"
"Se\perari.opus",".opus","16489"
"Se\perariperari.opus",".opus","15941"
"Se\rakurai.opus",".opus","39350"
"Se\samusounakaze.opus",".opus","132447"
"Se\shinzounokodou.opus",".opus","45432"
"Se\shougekion.opus",".opus","15253"
"Se\sunaarashi.opus",".opus","15980"
"Se\yabuku.opus",".opus","12465"
"Se\yokonagi.opus",".opus","12263"
"Se\yokonagi2.opus",".opus","15434"
"Se\yokonagi3.opus",".opus","5992"
"Se\zan.opus",".opus","64850"
"Stand\eff_candle.png",".png","68143"
"Stand\eff_candle.spm",".spm","175"
"Stand\eff_castle.png",".png","66334"
"Stand\eff_castle.spm",".spm","175"
"Stand\eff_etudeframe.png",".png","63756"
"Stand\eff_etudeframe.spm",".spm","183"
"Stand\eff_frameb.png",".png","9774"
"Stand\eff_frameb.spm",".spm","175"
"Stand\eff_isu.png",".png","18144"
"Stand\eff_isu.spm",".spm","169"
"Stand\eff_mirror.png",".png","108472"
"Stand\eff_mirror.spm",".spm","175"
"Stand\eff_mirror2.png",".png","67080"
"Stand\eff_mirror2.spm",".spm","177"
"Stand\kao_cg06_03.png",".png","147570"
"Stand\kao_cg06_03.spm",".spm","383"
"Stand\kao_cg06_04a.png",".png","23831"
"Stand\kao_futaba_seifuku_01_2.png",".png","107985"
"Stand\kao_futaba_seifuku_01_2.spm",".spm","429"
"Stand\kao_futaba_seifuku_02_1.png",".png","109320"
"Stand\kao_futaba_seifuku_03.png",".png","109802"
"Stand\kao_futaba_seifuku_03.spm",".spm","197"
"Stand\kao_futaba_seifuku_04_1.png",".png","109595"
"Stand\kao_futaba_seifuku_04_1.spm",".spm","201"
"Stand\kao_futaba_seifuku_04_2.png",".png","110521"
"Stand\kao_futaba_seifuku_04_2.spm",".spm","201"
"Stand\kao_futaba_seifuku_05.png",".png","110077"
"Stand\kao_futaba_seifuku_05.spm",".spm","197"
"Stand\kao_futaba_seifuku_06_1.png",".png","108737"
"Stand\kao_futaba_seifuku_06_1.spm",".spm","429"
"Stand\kao_futaba_seifuku_06_2.png",".png","523"
"Stand\kao_futaba_seifuku_07.png",".png","110750"
"Stand\kao_futaba_seifuku_07.spm",".spm","197"
"Stand\kao_futaba_seifuku_08.png",".png","109566"
"Stand\kao_futaba_seifuku_08.spm",".spm","197"
"Stand\kao_futaba_seifuku_09_1.png",".png","109685"
"Stand\kao_futaba_seifuku_09_1.spm",".spm","201"
"Stand\kao_futaba_seifuku_10.png",".png","109706"
"Stand\kao_futaba_seifuku_10.spm",".spm","197"
"Stand\kao_hana_seifuku_01_2.png",".png","124982"
"Stand\kao_hana_seifuku_01_2.spm",".spm","857"
"Stand\kao_hana_seifuku_04.png",".png","14832"
"Stand\kao_hana_seifuku_05.png",".png","18054"
"Stand\kao_hana_seifuku_11.png",".png","18054"
"Stand\kao_hyokoa_seifuku_01_1.png",".png","119944"
"Stand\kao_hyokoa_seifuku_01_1.spm",".spm","649"
"Stand\kao_hyokoa_seifuku_03.png",".png","21789"
"Stand\kao_hyokoa_seifuku_06.png",".png","24009"
"Stand\kao_hyokoa_shifuku_06.png",".png","118203"
"Stand\kao_hyokoa_shifuku_06.spm",".spm","873"
"Stand\kao_hyokoa_shifuku_07_2.png",".png","22997"
"Stand\kao_hyokoa_shifuku_09.png",".png","24840"
"Stand\kao_hyokoa_shifuku_13.png",".png","25632"
"Stand\kao_hyokob_seifuku_01_2.png",".png","104057"
"Stand\kao_hyokob_seifuku_01_2.spm",".spm","425"
"Stand\kao_hyokob_seifuku_03.png",".png","25324"
"Stand\kao_hyokob_shifuku_01_1.png",".png","99662"
"Stand\kao_hyokob_shifuku_01_1.spm",".spm","1321"
"Stand\kao_hyokob_shifuku_04.png",".png","25358"
"Stand\kao_hyokob_shifuku_05.png",".png","28649"
"Stand\kao_hyokob_shifuku_06.png",".png","21906"
"Stand\kao_hyokob_shifuku_09.png",".png","28729"
"Stand\kao_hyokob_shifuku_11.png",".png","22418"
"Stand\kao_kohakua_seifuku_00.png",".png","102741"
"Stand\kao_kohakua_seifuku_00.spm",".spm","1571"
"Stand\kao_kohakua_seifuku_01_2.png",".png","22879"
"Stand\kao_kohakua_seifuku_03.png",".png","21495"
"Stand\kao_kohakua_seifuku_10.png",".png","21633"
"Stand\kao_kohakua_seifuku_13_1.png",".png","22178"
"Stand\kao_kohakua_seifuku_13_2.png",".png","22431"
"Stand\kao_kohakua_shifuku_03.png",".png","101606"
"Stand\kao_kohakua_shifuku_03.spm",".spm","425"
"Stand\kao_kohakua_shifuku_11.png",".png","19977"
"Stand\kao_kohakub_seifuku_02_2.png",".png","105598"
"Stand\kao_kohakub_seifuku_02_2.spm",".spm","659"
"Stand\kao_kohakub_seifuku_05.png",".png","106638"
"Stand\kao_kohakub_seifuku_05.spm",".spm","429"
"Stand\kao_kohakub_seifuku_07_2.png",".png","28858"
"Stand\kao_kohakub_seifuku_10_0.png",".png","21102"
"Stand\kao_kohakub_seifuku_10_1.png",".png","22269"
"Stand\kao_kohakub_seifuku_11.png",".png","102875"
"Stand\kao_kohakub_seifuku_11.spm",".spm","199"
"Stand\kao_kohakub_seifuku_12.png",".png","22921"
"Stand\kao_kohakub_shifuku_01_1.png",".png","103558"
"Stand\kao_kohakub_shifuku_01_1.spm",".spm","659"
"Stand\kao_kohakub_shifuku_05.png",".png","29519"
"Stand\kao_kohakub_shifuku_07_2.png",".png","23373"
"Stand\kao_meguria_seifuku_00.png",".png","93761"
"Stand\kao_meguria_seifuku_00.spm",".spm","199"
"Stand\kao_meguria_seifuku_05.png",".png","94373"
"Stand\kao_meguria_seifuku_05.spm",".spm","199"
"Stand\kao_meguria_seifuku_09.png",".png","91744"
"Stand\kao_meguria_seifuku_09.spm",".spm","199"
"Stand\kao_meguria_seifuku_11.png",".png","93730"
"Stand\kao_meguria_seifuku_11.spm",".spm","199"
"Stand\kao_meguria_seifuku_12.png",".png","94375"
"Stand\kao_meguria_seifuku_12.spm",".spm","199"
"Stand\kao_meguria_shifuku_02_1.png",".png","94308"
"Stand\kao_meguria_shifuku_02_1.spm",".spm","203"
"Stand\kao_meguria_shifuku_10.png",".png","95890"
"Stand\kao_meguria_shifuku_10.spm",".spm","199"
"Stand\kao_meguria_shifuku_11.png",".png","95547"
"Stand\kao_meguria_shifuku_11.spm",".spm","199"
"Stand\kao_megurib_seifuku_05.png",".png","94283"
"Stand\kao_megurib_seifuku_05.spm",".spm","199"
"Stand\kao_megurib_seifuku_07_2.png",".png","93581"
"Stand\kao_megurib_seifuku_07_2.spm",".spm","203"
"Stand\kao_megurib_seifuku_08.png",".png","94235"
"Stand\kao_megurib_seifuku_08.spm",".spm","199"
"Stand\kao_megurib_seifuku_09.png",".png","94278"
"Stand\kao_megurib_seifuku_09.spm",".spm","425"
"Stand\kao_megurib_seifuku_10.png",".png","30154"
"Stand\kao_megurib_seifuku_15.png",".png","94103"
"Stand\kao_megurib_seifuku_15.spm",".spm","199"
"Stand\kao_megurib_shifuku_01_1.png",".png","91792"
"Stand\kao_megurib_shifuku_01_1.spm",".spm","203"
"Stand\kao_megurib_shifuku_05.png",".png","91537"
"Stand\kao_megurib_shifuku_05.spm",".spm","199"
"Stand\kao_megurib_shifuku_08.png",".png","91462"
"Stand\kao_megurib_shifuku_08.spm",".spm","425"
"Stand\kao_megurib_shifuku_13.png",".png","30304"
"Stand\kao_nananaa_maid_04.png",".png","148318"
"Stand\kao_nananaa_maid_04.spm",".spm","193"
"Stand\kao_nananaa_seifuku_00.png",".png","143776"
"Stand\kao_nananaa_seifuku_00.spm",".spm","881"
"Stand\kao_nananaa_seifuku_06.png",".png","27966"
"Stand\kao_nananaa_seifuku_07_1.png",".png","25446"
"Stand\kao_nananaa_seifuku_09.png",".png","27487"
"Stand\kao_nananaa_shifuku_00.png",".png","150799"
"Stand\kao_nananaa_shifuku_00.spm",".spm","877"
"Stand\kao_nananaa_shifuku_06.png",".png","28117"
"Stand\kao_nananaa_shifuku_08.png",".png","28441"
"Stand\kao_nananaa_shifuku_09.png",".png","27639"
"Stand\kao_nananab_maid_12.png",".png","147066"
"Stand\kao_nananab_maid_12.spm",".spm","193"
"Stand\kao_nananab_seifuku_09.png",".png","136036"
"Stand\kao_nananab_seifuku_09.spm",".spm","1111"
"Stand\kao_nananab_seifuku_10.png",".png","33030"
"Stand\kao_nananab_seifuku_12.png",".png","33688"
"Stand\kao_nananab_seifuku_13_1.png",".png","31816"
"Stand\kao_nananab_seifuku_14_2.png",".png","31925"
"Stand\kao_nananab_shifuku_00.png",".png","143300"
"Stand\kao_nananab_shifuku_00.spm",".spm","1793"
"Stand\kao_nananab_shifuku_02_1.png",".png","29963"
"Stand\kao_nananab_shifuku_08.png",".png","30730"
"Stand\kao_nananab_shifuku_09.png",".png","31405"
"Stand\kao_nananab_shifuku_10.png",".png","32576"
"Stand\kao_nananab_shifuku_12.png",".png","32714"
"Stand\kao_nananab_shifuku_13_1.png",".png","31615"
"Stand\kao_nananab_shifuku_14_2.png",".png","31728"
"Stand\kao_oboro_seifuku_00.png",".png","81751"
"Stand\kao_oboro_seifuku_00.spm",".spm","195"
"Stand\kao_oboro_seifuku_01.png",".png","81972"
"Stand\kao_oboro_seifuku_01.spm",".spm","195"
"Stand\kao_philia2.png",".png","125051"
"Stand\kao_philia2.spm",".spm","177"
"Stand\kao_rairai_seifuku_01.png",".png","84880"
"Stand\kao_rairai_seifuku_01.spm",".spm","1317"
"Stand\kao_rairai_seifuku_02.png",".png","16265"
"Stand\kao_rairai_seifuku_03.png",".png","13932"
"Stand\kao_rairai_seifuku_04.png",".png","14230"
"Stand\kao_rairai_seifuku_07.png",".png","12700"
"Stand\kao_rairai_seifuku_09.png",".png","11887"
"Stand\kao_rizea_seifuku_06_2.png",".png","123354"
"Stand\kao_rizea_seifuku_06_2.spm",".spm","1313"
"Stand\kao_rizea_seifuku_07_2.png",".png","25539"
"Stand\kao_rizea_seifuku_09.png",".png","31843"
"Stand\kao_rizea_seifuku_11.png",".png","32048"
"Stand\kao_rizea_seifuku_12.png",".png","29049"
"Stand\kao_rizea_seifuku_13.png",".png","29745"
"Stand\kao_rizea_shifuku_05.png",".png","122381"
"Stand\kao_rizea_shifuku_05.spm",".spm","865"
"Stand\kao_rizea_shifuku_07_2.png",".png","30564"
"Stand\kao_rizea_shifuku_11.png",".png","32386"
"Stand\kao_rizea_shifuku_13.png",".png","31180"
"Stand\kao_rizeb_seifuku_00.png",".png","115458"
"Stand\kao_rizeb_seifuku_00.spm",".spm","1087"
"Stand\kao_rizeb_seifuku_06.png",".png","32843"
"Stand\kao_rizeb_seifuku_07.png",".png","32420"
"Stand\kao_rizeb_seifuku_12.png",".png","31491"
"Stand\kao_rizeb_seifuku_14_1.png",".png","116047"
"Stand\kao_rizeb_seifuku_14_1.spm",".spm","1091"
"Stand\kao_rizeb_seifuku_14_2.png",".png","27595"
"Stand\kao_rizeb_shifuku_03.png",".png","38586"
"Stand\kao_rizeb_shifuku_07.png",".png","32549"
"Stand\kao_rizeb_shifuku_12.png",".png","32265"
"Stand\kao_rizeb_shifuku_14_1.png",".png","117452"
"Stand\kao_yuuen_apron_08.png",".png","103682"
"Stand\kao_yuuen_apron_08.spm",".spm","417"
"Stand\kao_yuuen_seifuku_01_1.png",".png","104308"
"Stand\kao_yuuen_seifuku_01_1.spm",".spm","199"
"Stand\kao_yuuen_seifuku_04.png",".png","102087"
"Stand\kao_yuuen_seifuku_04.spm",".spm","195"
"Stand\kao_yuuen_seifuku_05.png",".png","104613"
"Stand\kao_yuuen_seifuku_05.spm",".spm","195"
"Stand\kao_yuuen_seifuku_07_1.png",".png","30683"
"Stand\std_futaba_seifuku_00_s40.png",".png","973398"
"Stand\std_futaba_seifuku_00_s40.spm",".spm","415"
"Stand\std_futaba_seifuku_00_s50.png",".png","1358296"
"Stand\std_futaba_seifuku_00_s50.spm",".spm","415"
"Stand\std_futaba_seifuku_01_1_s40.png",".png","53893"
"Stand\std_futaba_seifuku_01_1_s50.png",".png","75577"
"Stand\std_futaba_seifuku_01_2_s40.png",".png","975362"
"Stand\std_futaba_seifuku_01_2_s40.spm",".spm","196"
"Stand\std_futaba_seifuku_01_2_s50.png",".png","1361995"
"Stand\std_futaba_seifuku_01_2_s50.spm",".spm","650"
"Stand\std_futaba_seifuku_02_1_s40.png",".png","971633"
"Stand\std_futaba_seifuku_02_1_s40.spm",".spm","427"
"Stand\std_futaba_seifuku_02_1_s50.png",".png","81519"
"Stand\std_futaba_seifuku_02_2_s40.png",".png","965804"
"Stand\std_futaba_seifuku_02_2_s40.spm",".spm","861"
"Stand\std_futaba_seifuku_02_2_s50.png",".png","1347689"
"Stand\std_futaba_seifuku_02_2_s50.spm",".spm","861"
"Stand\std_futaba_seifuku_02_3_s40.png",".png","24397"
"Stand\std_futaba_seifuku_02_3_s50.png",".png","78943"
"Stand\std_futaba_seifuku_02_4_s40.png",".png","19493"
"Stand\std_futaba_seifuku_02_4_s50.png",".png","29427"
"Stand\std_futaba_seifuku_03_s00.png",".png","635664"
"Stand\std_futaba_seifuku_03_s00.spm",".spm","186"
"Stand\std_futaba_seifuku_03_s40.png",".png","974106"
"Stand\std_futaba_seifuku_03_s40.spm",".spm","186"
"Stand\std_futaba_seifuku_03_s50.png",".png","1360060"
"Stand\std_futaba_seifuku_03_s50.spm",".spm","186"
"Stand\std_futaba_seifuku_04_1_s40.png",".png","973251"
"Stand\std_futaba_seifuku_04_1_s40.spm",".spm","192"
"Stand\std_futaba_seifuku_04_1_s50.png",".png","1357687"
"Stand\std_futaba_seifuku_04_1_s50.spm",".spm","192"
"Stand\std_futaba_seifuku_04_2_s40.png",".png","976016"
"Stand\std_futaba_seifuku_04_2_s40.spm",".spm","192"
"Stand\std_futaba_seifuku_04_2_s50.png",".png","1362024"
"Stand\std_futaba_seifuku_04_2_s50.spm",".spm","192"
"Stand\std_futaba_seifuku_05_s40.png",".png","976126"
"Stand\std_futaba_seifuku_05_s40.spm",".spm","190"
"Stand\std_futaba_seifuku_05_s50.png",".png","1362841"
"Stand\std_futaba_seifuku_05_s50.spm",".spm","190"
"Stand\std_futaba_seifuku_06_1_s40.png",".png","58312"
"Stand\std_futaba_seifuku_06_1_s50.png",".png","82326"
"Stand\std_futaba_seifuku_06_2_s40.png",".png","59199"
"Stand\std_futaba_seifuku_06_2_s50.png",".png","83408"
"Stand\std_futaba_seifuku_07_s40.png",".png","978413"
"Stand\std_futaba_seifuku_07_s40.spm",".spm","190"
"Stand\std_futaba_seifuku_07_s50.png",".png","1366983"
"Stand\std_futaba_seifuku_07_s50.spm",".spm","190"
"Stand\std_futaba_seifuku_08_s00.png",".png","637138"
"Stand\std_futaba_seifuku_08_s00.spm",".spm","194"
"Stand\std_futaba_seifuku_08_s40.png",".png","974119"
"Stand\std_futaba_seifuku_08_s40.spm",".spm","194"
"Stand\std_futaba_seifuku_08_s50.png",".png","1358943"
"Stand\std_futaba_seifuku_08_s50.spm",".spm","194"
"Stand\std_futaba_seifuku_09_1_s40.png",".png","973207"
"Stand\std_futaba_seifuku_09_1_s40.spm",".spm","411"
"Stand\std_futaba_seifuku_09_1_s50.png",".png","1357790"
"Stand\std_futaba_seifuku_09_1_s50.spm",".spm","631"
"Stand\std_futaba_seifuku_09_2_s40.png",".png","19680"
"Stand\std_futaba_seifuku_09_2_s50.png",".png","27564"
"Stand\std_futaba_seifuku_10_s40.png",".png","974358"
"Stand\std_futaba_seifuku_10_s40.spm",".spm","193"
"Stand\std_futaba_seifuku_10_s50.png",".png","95404"
"Stand\std_hana_seifuku_00_s40.png",".png","916665"
"Stand\std_hana_seifuku_00_s40.spm",".spm","2962"
"Stand\std_hana_seifuku_00_s50.png",".png","1235525"
"Stand\std_hana_seifuku_00_s50.spm",".spm","1475"
"Stand\std_hana_seifuku_01_1_s40.png",".png","34224"
"Stand\std_hana_seifuku_01_1_s50.png",".png","48182"
"Stand\std_hana_seifuku_01_2_s40.png",".png","32103"
"Stand\std_hana_seifuku_01_2_s50.png",".png","45184"
"Stand\std_hana_seifuku_02_s40.png",".png","31249"
"Stand\std_hana_seifuku_02_s50.png",".png","43824"
"Stand\std_hana_seifuku_03_s40.png",".png","37115"
"Stand\std_hana_seifuku_04_s40.png",".png","37226"
"Stand\std_hana_seifuku_05_s40.png",".png","39817"
"Stand\std_hana_seifuku_05_s50.png",".png","55185"
"Stand\std_hana_seifuku_06_s40.png",".png","42059"
"Stand\std_hana_seifuku_06_s50.png",".png","58565"
"Stand\std_hana_seifuku_07_s40.png",".png","34619"
"Stand\std_hana_seifuku_08_s40.png",".png","37747"
"Stand\std_hana_seifuku_09_s40.png",".png","37998"
"Stand\std_hana_seifuku_10_s40.png",".png","29168"
"Stand\std_hana_seifuku_11_s40.png",".png","42326"
"Stand\std_hana_seifuku_11_s50.png",".png","58876"
"Stand\std_hana_seifuku_12_s40.png",".png","38827"
"Stand\std_hyokoa_seifuku_00_s40.png",".png","1239868"
"Stand\std_hyokoa_seifuku_00_s40.spm",".spm","4112"
"Stand\std_hyokoa_seifuku_01_1_s40.png",".png","30007"
"Stand\std_hyokoa_seifuku_01_2_s40.png",".png","29183"
"Stand\std_hyokoa_seifuku_02_s40.png",".png","50957"
"Stand\std_hyokoa_seifuku_03_s40.png",".png","50923"
"Stand\std_hyokoa_seifuku_04_1_s40.png",".png","49168"
"Stand\std_hyokoa_seifuku_04_2_s40.png",".png","49310"
"Stand\std_hyokoa_seifuku_05_s40.png",".png","58619"
"Stand\std_hyokoa_seifuku_06_s40.png",".png","55490"
"Stand\std_hyokoa_seifuku_07_1_s40.png",".png","50019"
"Stand\std_hyokoa_seifuku_07_2_s40.png",".png","50955"
"Stand\std_hyokoa_seifuku_08_s40.png",".png","51002"
"Stand\std_hyokoa_seifuku_09_s40.png",".png","50928"
"Stand\std_hyokoa_seifuku_10_s40.png",".png","52430"
"Stand\std_hyokoa_seifuku_11_s40.png",".png","57072"
"Stand\std_hyokoa_seifuku_11_s50.png",".png","1712919"
"Stand\std_hyokoa_seifuku_11_s50.spm",".spm","193"
"Stand\std_hyokoa_seifuku_12_s40.png",".png","51637"
"Stand\std_hyokoa_seifuku_13_s40.png",".png","53879"
"Stand\std_hyokoa_seifuku_14_s40.png",".png","56114"
"Stand\std_hyokoa_seifuku_15_s40.png",".png","57724"
"Stand\std_hyokoa_shifuku_00_s40.png",".png","1232413"
"Stand\std_hyokoa_shifuku_00_s40.spm",".spm","4112"
"Stand\std_hyokoa_shifuku_01_1_s40.png",".png","30042"
"Stand\std_hyokoa_shifuku_01_2_s40.png",".png","29200"
"Stand\std_hyokoa_shifuku_02_s40.png",".png","50924"
"Stand\std_hyokoa_shifuku_02_s50.png",".png","1694036"
"Stand\std_hyokoa_shifuku_02_s50.spm",".spm","1058"
"Stand\std_hyokoa_shifuku_03_s40.png",".png","50816"
"Stand\std_hyokoa_shifuku_04_1_s40.png",".png","49092"
"Stand\std_hyokoa_shifuku_04_2_s40.png",".png","49146"
"Stand\std_hyokoa_shifuku_05_s40.png",".png","58534"
"Stand\std_hyokoa_shifuku_06_s40.png",".png","55276"
"Stand\std_hyokoa_shifuku_07_1_s40.png",".png","49812"
"Stand\std_hyokoa_shifuku_07_2_s40.png",".png","50893"
"Stand\std_hyokoa_shifuku_08_s40.png",".png","50914"
"Stand\std_hyokoa_shifuku_08_s50.png",".png","69643"
"Stand\std_hyokoa_shifuku_09_s40.png",".png","50855"
"Stand\std_hyokoa_shifuku_09_s50.png",".png","71647"
"Stand\std_hyokoa_shifuku_10_s40.png",".png","52387"
"Stand\std_hyokoa_shifuku_11_s40.png",".png","57032"
"Stand\std_hyokoa_shifuku_11_s50.png",".png","78483"
"Stand\std_hyokoa_shifuku_12_s40.png",".png","51549"
"Stand\std_hyokoa_shifuku_12_s50.png",".png","74593"
"Stand\std_hyokoa_shifuku_13_s40.png",".png","53817"
"Stand\std_hyokoa_shifuku_14_s40.png",".png","55943"
"Stand\std_hyokoa_shifuku_15_s40.png",".png","57631"
"Stand\std_hyokob_seifuku_00_s40.png",".png","1194425"
"Stand\std_hyokob_seifuku_00_s40.spm",".spm","4120"
"Stand\std_hyokob_seifuku_01_1_s40.png",".png","29971"
"Stand\std_hyokob_seifuku_01_2_s40.png",".png","58889"
"Stand\std_hyokob_seifuku_02_1_s40.png",".png","53107"
"Stand\std_hyokob_seifuku_02_2_s40.png",".png","53570"
"Stand\std_hyokob_seifuku_03_s40.png",".png","54902"
"Stand\std_hyokob_seifuku_04_s40.png",".png","57488"
"Stand\std_hyokob_seifuku_05_s40.png",".png","65388"
"Stand\std_hyokob_seifuku_06_s40.png",".png","50234"
"Stand\std_hyokob_seifuku_07_1_s40.png",".png","57881"
"Stand\std_hyokob_seifuku_07_2_s40.png",".png","57687"
"Stand\std_hyokob_seifuku_08_s40.png",".png","50957"
"Stand\std_hyokob_seifuku_09_s40.png",".png","61357"
"Stand\std_hyokob_seifuku_10_s40.png",".png","56430"
"Stand\std_hyokob_seifuku_11_s40.png",".png","50456"
"Stand\std_hyokob_seifuku_12_s40.png",".png","60911"
"Stand\std_hyokob_seifuku_12_s50.png",".png","1651737"
"Stand\std_hyokob_seifuku_12_s50.spm",".spm","193"
"Stand\std_hyokob_seifuku_13_s40.png",".png","56504"
"Stand\std_hyokob_seifuku_14_s40.png",".png","58749"
"Stand\std_hyokob_seifuku_15_s40.png",".png","58516"
"Stand\std_hyokob_shifuku_00_s40.png",".png","1160740"
"Stand\std_hyokob_shifuku_00_s40.spm",".spm","4120"
"Stand\std_hyokob_shifuku_01_1_s40.png",".png","29972"
"Stand\std_hyokob_shifuku_01_2_s40.png",".png","58933"
"Stand\std_hyokob_shifuku_01_2_s50.png",".png","1605437"
"Stand\std_hyokob_shifuku_01_2_s50.spm",".spm","1727"
"Stand\std_hyokob_shifuku_02_1_s40.png",".png","53278"
"Stand\std_hyokob_shifuku_02_1_s50.png",".png","76902"
"Stand\std_hyokob_shifuku_02_2_s40.png",".png","53740"
"Stand\std_hyokob_shifuku_02_2_s50.png",".png","77559"
"Stand\std_hyokob_shifuku_03_s40.png",".png","55150"
"Stand\std_hyokob_shifuku_03_s50.png",".png","83045"
"Stand\std_hyokob_shifuku_04_s40.png",".png","57665"
"Stand\std_hyokob_shifuku_05_s40.png",".png","65554"
"Stand\std_hyokob_shifuku_06_s40.png",".png","50227"
"Stand\std_hyokob_shifuku_06_s50.png",".png","82332"
"Stand\std_hyokob_shifuku_07_1_s40.png",".png","58048"
"Stand\std_hyokob_shifuku_07_2_s40.png",".png","57858"
"Stand\std_hyokob_shifuku_08_s40.png",".png","51130"
"Stand\std_hyokob_shifuku_09_s40.png",".png","61538"
"Stand\std_hyokob_shifuku_09_s50.png",".png","92043"
"Stand\std_hyokob_shifuku_10_s40.png",".png","56593"
"Stand\std_hyokob_shifuku_10_s50.png",".png","81778"
"Stand\std_hyokob_shifuku_11_s40.png",".png","50695"
"Stand\std_hyokob_shifuku_11_s50.png",".png","73067"
"Stand\std_hyokob_shifuku_12_s40.png",".png","61077"
"Stand\std_hyokob_shifuku_13_s40.png",".png","56671"
"Stand\std_hyokob_shifuku_14_s40.png",".png","58758"
"Stand\std_hyokob_shifuku_15_s40.png",".png","58752"
"Stand\std_kohakua_seifuku_00_s40.png",".png","740472"
"Stand\std_kohakua_seifuku_00_s40.spm",".spm","4580"
"Stand\std_kohakua_seifuku_01_1_s40.png",".png","48931"
"Stand\std_kohakua_seifuku_01_2_s40.png",".png","49431"
"Stand\std_kohakua_seifuku_02_1_s40.png",".png","42471"
"Stand\std_kohakua_seifuku_02_1_s50.png",".png","1024098"
"Stand\std_kohakua_seifuku_02_1_s50.spm",".spm","1733"
"Stand\std_kohakua_seifuku_02_2_s40.png",".png","42869"
"Stand\std_kohakua_seifuku_02_2_s50.png",".png","15742"
"Stand\std_kohakua_seifuku_03_s40.png",".png","46651"
"Stand\std_kohakua_seifuku_04_s40.png",".png","48438"
"Stand\std_kohakua_seifuku_04_s50.png",".png","62962"
"Stand\std_kohakua_seifuku_05_s40.png",".png","49303"
"Stand\std_kohakua_seifuku_06_1_s00.png",".png","568295"
"Stand\std_kohakua_seifuku_06_1_s00.spm",".spm","409"
"Stand\std_kohakua_seifuku_06_1_s40.png",".png","45402"
"Stand\std_kohakua_seifuku_06_1_s50.png",".png","60812"
"Stand\std_kohakua_seifuku_06_2_s00.png",".png","688"
"Stand\std_kohakua_seifuku_06_2_s40.png",".png","46634"
"Stand\std_kohakua_seifuku_06_2_s50.png",".png","61622"
"Stand\std_kohakua_seifuku_07_s40.png",".png","40625"
"Stand\std_kohakua_seifuku_08_s40.png",".png","53449"
"Stand\std_kohakua_seifuku_09_s40.png",".png","48094"
"Stand\std_kohakua_seifuku_10_s40.png",".png","45994"
"Stand\std_kohakua_seifuku_10_s50.png",".png","57711"
"Stand\std_kohakua_seifuku_11_1_s40.png",".png","44688"
"Stand\std_kohakua_seifuku_11_1_s50.png",".png","58160"
"Stand\std_kohakua_seifuku_11_2_s40.png",".png","45726"
"Stand\std_kohakua_seifuku_11_2_s50.png",".png","59147"
"Stand\std_kohakua_seifuku_12_s40.png",".png","48164"
"Stand\std_kohakua_seifuku_13_1_s40.png",".png","47533"
"Stand\std_kohakua_seifuku_13_2_s40.png",".png","48203"
"Stand\std_kohakua_seifuku_14_s40.png",".png","43578"
"Stand\std_kohakua_seifuku_15_s40.png",".png","50595"
"Stand\std_kohakua_shifuku_00_s40.png",".png","588561"
"Stand\std_kohakua_shifuku_00_s40.spm",".spm","193"
"Stand\std_kohakua_shifuku_01_1_s40.png",".png","659924"
"Stand\std_kohakua_shifuku_01_1_s40.spm",".spm","4140"
"Stand\std_kohakua_shifuku_01_2_s40.png",".png","16986"
"Stand\std_kohakua_shifuku_02_1_s40.png",".png","39862"
"Stand\std_kohakua_shifuku_02_2_s40.png",".png","40283"
"Stand\std_kohakua_shifuku_03_s40.png",".png","47063"
"Stand\std_kohakua_shifuku_04_s40.png",".png","44794"
"Stand\std_kohakua_shifuku_05_s40.png",".png","51277"
"Stand\std_kohakua_shifuku_06_1_s40.png",".png","43622"
"Stand\std_kohakua_shifuku_06_2_s40.png",".png","41797"
"Stand\std_kohakua_shifuku_07_s40.png",".png","37251"
"Stand\std_kohakua_shifuku_08_s40.png",".png","54118"
"Stand\std_kohakua_shifuku_09_s40.png",".png","43402"
"Stand\std_kohakua_shifuku_10_s40.png",".png","40482"
"Stand\std_kohakua_shifuku_10_s50.png",".png","913673"
"Stand\std_kohakua_shifuku_10_s50.spm",".spm","190"
"Stand\std_kohakua_shifuku_11_s40.png",".png","42475"
"Stand\std_kohakua_shifuku_12_s40.png",".png","43191"
"Stand\std_kohakua_shifuku_13_1_s40.png",".png","45179"
"Stand\std_kohakua_shifuku_13_2_s40.png",".png","45846"
"Stand\std_kohakua_shifuku_14_s40.png",".png","40307"
"Stand\std_kohakua_shifuku_15_s40.png",".png","52259"
"Stand\std_kohakub_seifuku_00_s40.png",".png","884041"
"Stand\std_kohakub_seifuku_00_s40.spm",".spm","3244"
"Stand\std_kohakub_seifuku_01_1_s40.png",".png","56505"
"Stand\std_kohakub_seifuku_01_1_s50.png",".png","1232487"
"Stand\std_kohakub_seifuku_01_1_s50.spm",".spm","1494"
"Stand\std_kohakub_seifuku_01_2_s40.png",".png","66380"
"Stand\std_kohakub_seifuku_01_2_s50.png",".png","1236000"
"Stand\std_kohakub_seifuku_01_2_s50.spm",".spm","191"
"Stand\std_kohakub_seifuku_02_1_s40.png",".png","880231"
"Stand\std_kohakub_seifuku_02_1_s40.spm",".spm","421"
"Stand\std_kohakub_seifuku_02_1_s50.png",".png","1226942"
"Stand\std_kohakub_seifuku_02_1_s50.spm",".spm","197"
"Stand\std_kohakub_seifuku_02_2_s40.png",".png","39259"
"Stand\std_kohakub_seifuku_03_s40.png",".png","59550"
"Stand\std_kohakub_seifuku_03_s50.png",".png","70307"
"Stand\std_kohakub_seifuku_04_s40.png",".png","51859"
"Stand\std_kohakub_seifuku_05_s40.png",".png","66743"
"Stand\std_kohakub_seifuku_06_s40.png",".png","57592"
"Stand\std_kohakub_seifuku_07_1_s40.png",".png","60773"
"Stand\std_kohakub_seifuku_07_1_s50.png",".png","73037"
"Stand\std_kohakub_seifuku_07_2_s40.png",".png","61514"
"Stand\std_kohakub_seifuku_07_2_s50.png",".png","73260"
"Stand\std_kohakub_seifuku_08_s40.png",".png","62884"
"Stand\std_kohakub_seifuku_09_s40.png",".png","876852"
"Stand\std_kohakub_seifuku_09_s40.spm",".spm","410"
"Stand\std_kohakub_seifuku_10_1_s40.png",".png","60047"
"Stand\std_kohakub_seifuku_10_1_s50.png",".png","70782"
"Stand\std_kohakub_seifuku_10_2_s40.png",".png","61018"
"Stand\std_kohakub_seifuku_10_2_s50.png",".png","78860"
"Stand\std_kohakub_seifuku_10_3_s40.png",".png","60334"
"Stand\std_kohakub_seifuku_10_3_s50.png",".png","77582"
"Stand\std_kohakub_seifuku_11_s00.png",".png","577558"
"Stand\std_kohakub_seifuku_11_s00.spm",".spm","194"
"Stand\std_kohakub_seifuku_11_s40.png",".png","38465"
"Stand\std_kohakub_seifuku_12_s40.png",".png","61971"
"Stand\std_kohakub_seifuku_13_s40.png",".png","64348"
"Stand\std_kohakub_seifuku_14_s40.png",".png","889452"
"Stand\std_kohakub_seifuku_14_s40.spm",".spm","192"
"Stand\std_kohakub_seifuku_14_s50.png",".png","1239855"
"Stand\std_kohakub_seifuku_14_s50.spm",".spm","192"
"Stand\std_kohakub_shifuku_00_s40.png",".png","777312"
"Stand\std_kohakub_shifuku_00_s40.spm",".spm","2806"
"Stand\std_kohakub_shifuku_01_1_s40.png",".png","56509"
"Stand\std_kohakub_shifuku_01_2_s40.png",".png","66385"
"Stand\std_kohakub_shifuku_02_1_s40.png",".png","773581"
"Stand\std_kohakub_shifuku_02_1_s40.spm",".spm","421"
"Stand\std_kohakub_shifuku_02_2_s40.png",".png","39259"
"Stand\std_kohakub_shifuku_03_s40.png",".png","59547"
"Stand\std_kohakub_shifuku_04_s40.png",".png","51844"
"Stand\std_kohakub_shifuku_05_s40.png",".png","66771"
"Stand\std_kohakub_shifuku_06_s40.png",".png","57586"
"Stand\std_kohakub_shifuku_07_1_s40.png",".png","60771"
"Stand\std_kohakub_shifuku_07_2_s40.png",".png","61511"
"Stand\std_kohakub_shifuku_08_s40.png",".png","62885"
"Stand\std_kohakub_shifuku_08_s50.png",".png","1087127"
"Stand\std_kohakub_shifuku_08_s50.spm",".spm","191"
"Stand\std_kohakub_shifuku_09_s40.png",".png","770265"
"Stand\std_kohakub_shifuku_09_s40.spm",".spm","410"
"Stand\std_kohakub_shifuku_10_s40.png",".png","60049"
"Stand\std_kohakub_shifuku_11_s40.png",".png","38461"
"Stand\std_kohakub_shifuku_12_s40.png",".png","61941"
"Stand\std_kohakub_shifuku_13_s40.png",".png","64332"
"Stand\std_kohakub_shifuku_14_s40.png",".png","782340"
"Stand\std_kohakub_shifuku_14_s40.spm",".spm","192"
"Stand\std_meguria_seifuku_00_s00.png",".png","338339"
"Stand\std_meguria_seifuku_00_s00.spm",".spm","193"
"Stand\std_meguria_seifuku_00_s40.png",".png","519486"
"Stand\std_meguria_seifuku_00_s40.spm",".spm","193"
"Stand\std_meguria_seifuku_01_1_s40.png",".png","521606"
"Stand\std_meguria_seifuku_01_1_s40.spm",".spm","197"
"Stand\std_meguria_seifuku_01_2_s40.png",".png","521341"
"Stand\std_meguria_seifuku_01_2_s40.spm",".spm","197"
"Stand\std_meguria_seifuku_02_1_s40.png",".png","516672"
"Stand\std_meguria_seifuku_02_1_s40.spm",".spm","201"
"Stand\std_meguria_seifuku_02_2_s40.png",".png","517697"
"Stand\std_meguria_seifuku_02_2_s40.spm",".spm","201"
"Stand\std_meguria_seifuku_03_s40.png",".png","521343"
"Stand\std_meguria_seifuku_03_s40.spm",".spm","187"
"Stand\std_meguria_seifuku_04_s40.png",".png","514922"
"Stand\std_meguria_seifuku_04_s40.spm",".spm","189"
"Stand\std_meguria_seifuku_05_s00.png",".png","339095"
"Stand\std_meguria_seifuku_05_s00.spm",".spm","189"
"Stand\std_meguria_seifuku_05_s40.png",".png","520398"
"Stand\std_meguria_seifuku_05_s40.spm",".spm","189"
"Stand\std_meguria_seifuku_05_s50.png",".png","726196"
"Stand\std_meguria_seifuku_05_s50.spm",".spm","189"
"Stand\std_meguria_seifuku_06_1_s40.png",".png","518357"
"Stand\std_meguria_seifuku_06_1_s40.spm",".spm","191"
"Stand\std_meguria_seifuku_06_2_s00.png",".png","337741"
"Stand\std_meguria_seifuku_06_2_s00.spm",".spm","191"
"Stand\std_meguria_seifuku_06_2_s40.png",".png","518637"
"Stand\std_meguria_seifuku_06_2_s40.spm",".spm","191"
"Stand\std_meguria_seifuku_06_2_s50.png",".png","722932"
"Stand\std_meguria_seifuku_06_2_s50.spm",".spm","191"
"Stand\std_meguria_seifuku_07_s40.png",".png","519435"
"Stand\std_meguria_seifuku_07_s40.spm",".spm","191"
"Stand\std_meguria_seifuku_08_s40.png",".png","521615"
"Stand\std_meguria_seifuku_08_s40.spm",".spm","191"
"Stand\std_meguria_seifuku_08_s50.png",".png","727279"
"Stand\std_meguria_seifuku_08_s50.spm",".spm","191"
"Stand\std_meguria_seifuku_09_s40.png",".png","512793"
"Stand\std_meguria_seifuku_09_s40.spm",".spm","197"
"Stand\std_meguria_seifuku_10_s40.png",".png","520203"
"Stand\std_meguria_seifuku_10_s40.spm",".spm","200"
"Stand\std_meguria_seifuku_11_s40.png",".png","519245"
"Stand\std_meguria_seifuku_11_s40.spm",".spm","194"
"Stand\std_meguria_seifuku_12_s40.png",".png","521090"
"Stand\std_meguria_seifuku_12_s40.spm",".spm","200"
"Stand\std_meguria_seifuku_13_1_s40.png",".png","521597"
"Stand\std_meguria_seifuku_13_1_s40.spm",".spm","196"
"Stand\std_meguria_seifuku_13_2_s40.png",".png","521894"
"Stand\std_meguria_seifuku_13_2_s40.spm",".spm","196"
"Stand\std_meguria_seifuku_14_s40.png",".png","516913"
"Stand\std_meguria_seifuku_14_s40.spm",".spm","188"
"Stand\std_meguria_seifuku_15_s40.png",".png","520981"
"Stand\std_meguria_seifuku_15_s40.spm",".spm","196"
"Stand\std_meguria_seifuku_15_s50.png",".png","727003"
"Stand\std_meguria_seifuku_15_s50.spm",".spm","196"
"Stand\std_meguria_shifuku_00_s40.png",".png","637353"
"Stand\std_meguria_shifuku_00_s40.spm",".spm","193"
"Stand\std_meguria_shifuku_01_1_s40.png",".png","639468"
"Stand\std_meguria_shifuku_01_1_s40.spm",".spm","197"
"Stand\std_meguria_shifuku_01_2_s40.png",".png","639734"
"Stand\std_meguria_shifuku_01_2_s40.spm",".spm","197"
"Stand\std_meguria_shifuku_02_1_s40.png",".png","634630"
"Stand\std_meguria_shifuku_02_1_s40.spm",".spm","201"
"Stand\std_meguria_shifuku_02_2_s40.png",".png","635270"
"Stand\std_meguria_shifuku_02_2_s40.spm",".spm","201"
"Stand\std_meguria_shifuku_03_s40.png",".png","639000"
"Stand\std_meguria_shifuku_03_s40.spm",".spm","187"
"Stand\std_meguria_shifuku_04_s40.png",".png","632812"
"Stand\std_meguria_shifuku_04_s40.spm",".spm","189"
"Stand\std_meguria_shifuku_05_s40.png",".png","638590"
"Stand\std_meguria_shifuku_05_s40.spm",".spm","189"
"Stand\std_meguria_shifuku_06_1_s40.png",".png","636469"
"Stand\std_meguria_shifuku_06_1_s40.spm",".spm","191"
"Stand\std_meguria_shifuku_06_2_s40.png",".png","636725"
"Stand\std_meguria_shifuku_06_2_s40.spm",".spm","191"
"Stand\std_meguria_shifuku_07_s40.png",".png","637464"
"Stand\std_meguria_shifuku_07_s40.spm",".spm","191"
"Stand\std_meguria_shifuku_08_s40.png",".png","639843"
"Stand\std_meguria_shifuku_08_s40.spm",".spm","191"
"Stand\std_meguria_shifuku_09_s40.png",".png","631399"
"Stand\std_meguria_shifuku_09_s40.spm",".spm","197"
"Stand\std_meguria_shifuku_10_s40.png",".png","638437"
"Stand\std_meguria_shifuku_10_s40.spm",".spm","200"
"Stand\std_meguria_shifuku_11_s40.png",".png","637052"
"Stand\std_meguria_shifuku_11_s40.spm",".spm","194"
"Stand\std_meguria_shifuku_12_s40.png",".png","639107"
"Stand\std_meguria_shifuku_12_s40.spm",".spm","200"
"Stand\std_meguria_shifuku_13_1_s40.png",".png","639113"
"Stand\std_meguria_shifuku_13_1_s40.spm",".spm","196"
"Stand\std_meguria_shifuku_13_2_s40.png",".png","639458"
"Stand\std_meguria_shifuku_13_2_s40.spm",".spm","196"
"Stand\std_meguria_shifuku_14_s40.png",".png","634821"
"Stand\std_meguria_shifuku_14_s40.spm",".spm","188"
"Stand\std_meguria_shifuku_15_s40.png",".png","639099"
"Stand\std_meguria_shifuku_15_s40.spm",".spm","196"
"Stand\std_meguria_shifuku_15_s50.png",".png","897042"
"Stand\std_meguria_shifuku_15_s50.spm",".spm","196"
"Stand\std_megurib_seifuku_00_s40.png",".png","503996"
"Stand\std_megurib_seifuku_00_s40.spm",".spm","407"
"Stand\std_megurib_seifuku_01_1_s00.png",".png","361312"
"Stand\std_megurib_seifuku_01_1_s00.spm",".spm","191"
"Stand\std_megurib_seifuku_01_1_s40.png",".png","506649"
"Stand\std_megurib_seifuku_01_1_s40.spm",".spm","854"
"Stand\std_megurib_seifuku_01_1_s50.png",".png","709038"
"Stand\std_megurib_seifuku_01_1_s50.spm",".spm","415"
"Stand\std_megurib_seifuku_01_2_s40.png",".png","508299"
"Stand\std_megurib_seifuku_01_2_s40.spm",".spm","191"
"Stand\std_megurib_seifuku_02_1_s40.png",".png","69808"
"Stand\std_megurib_seifuku_02_2_s40.png",".png","68540"
"Stand\std_megurib_seifuku_02_2_s50.png",".png","97852"
"Stand\std_megurib_seifuku_03_s40.png",".png","503302"
"Stand\std_megurib_seifuku_03_s40.spm",".spm","839"
"Stand\std_megurib_seifuku_03_s50.png",".png","703710"
"Stand\std_megurib_seifuku_03_s50.spm",".spm","401"
"Stand\std_megurib_seifuku_04_s40.png",".png","503652"
"Stand\std_megurib_seifuku_04_s40.spm",".spm","189"
"Stand\std_megurib_seifuku_05_s40.png",".png","75164"
"Stand\std_megurib_seifuku_06_s40.png",".png","507861"
"Stand\std_megurib_seifuku_06_s40.spm",".spm","197"
"Stand\std_megurib_seifuku_07_1_s00.png",".png","359735"
"Stand\std_megurib_seifuku_07_1_s00.spm",".spm","191"
"Stand\std_megurib_seifuku_07_1_s40.png",".png","503780"
"Stand\std_megurib_seifuku_07_1_s40.spm",".spm","630"
"Stand\std_megurib_seifuku_07_1_s50.png",".png","704936"
"Stand\std_megurib_seifuku_07_1_s50.spm",".spm","191"
"Stand\std_megurib_seifuku_07_2_s40.png",".png","27469"
"Stand\std_megurib_seifuku_08_s40.png",".png","506230"
"Stand\std_megurib_seifuku_08_s40.spm",".spm","406"
"Stand\std_megurib_seifuku_08_s50.png",".png","708175"
"Stand\std_megurib_seifuku_08_s50.spm",".spm","187"
"Stand\std_megurib_seifuku_09_s40.png",".png","64993"
"Stand\std_megurib_seifuku_09_s50.png",".png","92863"
"Stand\std_megurib_seifuku_10_s00.png",".png","359183"
"Stand\std_megurib_seifuku_10_s00.spm",".spm","190"
"Stand\std_megurib_seifuku_10_s40.png",".png","64031"
"Stand\std_megurib_seifuku_11_s40.png",".png","52478"
"Stand\std_megurib_seifuku_12_s40.png",".png","69347"
"Stand\std_megurib_seifuku_13_s40.png",".png","66546"
"Stand\std_megurib_seifuku_14_s40.png",".png","507038"
"Stand\std_megurib_seifuku_14_s40.spm",".spm","188"
"Stand\std_megurib_seifuku_14_s50.png",".png","709377"
"Stand\std_megurib_seifuku_14_s50.spm",".spm","188"
"Stand\std_megurib_seifuku_15_s40.png",".png","60437"
"Stand\std_megurib_shifuku_00_s40.png",".png","615915"
"Stand\std_megurib_shifuku_00_s40.spm",".spm","407"
"Stand\std_megurib_shifuku_01_1_s40.png",".png","618208"
"Stand\std_megurib_shifuku_01_1_s40.spm",".spm","854"
"Stand\std_megurib_shifuku_01_2_s40.png",".png","619861"
"Stand\std_megurib_shifuku_01_2_s40.spm",".spm","191"
"Stand\std_megurib_shifuku_02_1_s40.png",".png","69808"
"Stand\std_megurib_shifuku_02_2_s40.png",".png","68540"
"Stand\std_megurib_shifuku_03_s40.png",".png","615009"
"Stand\std_megurib_shifuku_03_s40.spm",".spm","839"
"Stand\std_megurib_shifuku_04_s40.png",".png","615587"
"Stand\std_megurib_shifuku_04_s40.spm",".spm","189"
"Stand\std_megurib_shifuku_05_s40.png",".png","75164"
"Stand\std_megurib_shifuku_06_s40.png",".png","619685"
"Stand\std_megurib_shifuku_06_s40.spm",".spm","197"
"Stand\std_megurib_shifuku_07_1_s40.png",".png","615676"
"Stand\std_megurib_shifuku_07_1_s40.spm",".spm","630"
"Stand\std_megurib_shifuku_07_2_s40.png",".png","27469"
"Stand\std_megurib_shifuku_08_s40.png",".png","617897"
"Stand\std_megurib_shifuku_08_s40.spm",".spm","406"
"Stand\std_megurib_shifuku_09_s40.png",".png","64993"
"Stand\std_megurib_shifuku_10_s40.png",".png","64031"
"Stand\std_megurib_shifuku_11_s40.png",".png","52478"
"Stand\std_megurib_shifuku_12_s40.png",".png","69347"
"Stand\std_megurib_shifuku_13_s40.png",".png","66546"
"Stand\std_megurib_shifuku_14_s40.png",".png","618344"
"Stand\std_megurib_shifuku_14_s40.spm",".spm","188"
"Stand\std_megurib_shifuku_14_s50.png",".png","853274"
"Stand\std_megurib_shifuku_14_s50.spm",".spm","188"
"Stand\std_megurib_shifuku_15_s40.png",".png","60437"
"Stand\std_nananaa_maid_00_s40.png",".png","876407"
"Stand\std_nananaa_maid_00_s40.spm",".spm","3852"
"Stand\std_nananaa_maid_01_1_s40.png",".png","61946"
"Stand\std_nananaa_maid_01_2_s40.png",".png","62409"
"Stand\std_nananaa_maid_02_1_s40.png",".png","59161"
"Stand\std_nananaa_maid_02_2_s40.png",".png","59981"
"Stand\std_nananaa_maid_03_s40.png",".png","62564"
"Stand\std_nananaa_maid_04_s40.png",".png","60109"
"Stand\std_nananaa_maid_05_s40.png",".png","66178"
"Stand\std_nananaa_maid_06_s40.png",".png","64713"
"Stand\std_nananaa_maid_07_1_s40.png",".png","57906"
"Stand\std_nananaa_maid_07_2_s40.png",".png","58250"
"Stand\std_nananaa_maid_08_s40.png",".png","65079"
"Stand\std_nananaa_maid_09_s40.png",".png","63521"
"Stand\std_nananaa_maid_10_s40.png",".png","66788"
"Stand\std_nananaa_maid_11_s40.png",".png","63929"
"Stand\std_nananaa_maid_12_s40.png",".png","67410"
"Stand\std_nananaa_maid_13_1_s40.png",".png","64354"
"Stand\std_nananaa_maid_13_2_s40.png",".png","64498"
"Stand\std_nananaa_seifuku_00_s40.png",".png","851230"
"Stand\std_nananaa_seifuku_00_s40.spm",".spm","3906"
"Stand\std_nananaa_seifuku_01_1_s40.png",".png","62028"
"Stand\std_nananaa_seifuku_01_2_s40.png",".png","62405"
"Stand\std_nananaa_seifuku_02_1_s40.png",".png","58798"
"Stand\std_nananaa_seifuku_02_2_s40.png",".png","59604"
"Stand\std_nananaa_seifuku_03_s40.png",".png","62231"
"Stand\std_nananaa_seifuku_04_s40.png",".png","59715"
"Stand\std_nananaa_seifuku_05_s40.png",".png","65829"
"Stand\std_nananaa_seifuku_06_s40.png",".png","64279"
"Stand\std_nananaa_seifuku_07_1_s40.png",".png","57730"
"Stand\std_nananaa_seifuku_07_2_s40.png",".png","58040"
"Stand\std_nananaa_seifuku_08_s40.png",".png","64482"
"Stand\std_nananaa_seifuku_09_s40.png",".png","63133"
"Stand\std_nananaa_seifuku_10_s40.png",".png","66365"
"Stand\std_nananaa_seifuku_11_s40.png",".png","63702"
"Stand\std_nananaa_seifuku_12_s40.png",".png","66845"
"Stand\std_nananaa_seifuku_13_1_s40.png",".png","63990"
"Stand\std_nananaa_seifuku_13_2_s40.png",".png","64139"
"Stand\std_nananaa_shifuku_00_s40.png",".png","766001"
"Stand\std_nananaa_shifuku_00_s40.spm",".spm","3906"
"Stand\std_nananaa_shifuku_01_1_s40.png",".png","61855"
"Stand\std_nananaa_shifuku_01_2_s40.png",".png","62344"
"Stand\std_nananaa_shifuku_02_1_s40.png",".png","59124"
"Stand\std_nananaa_shifuku_02_2_s40.png",".png","59937"
"Stand\std_nananaa_shifuku_03_s40.png",".png","62532"
"Stand\std_nananaa_shifuku_04_s40.png",".png","60046"
"Stand\std_nananaa_shifuku_05_s40.png",".png","66115"
"Stand\std_nananaa_shifuku_06_s40.png",".png","64667"
"Stand\std_nananaa_shifuku_07_1_s40.png",".png","57851"
"Stand\std_nananaa_shifuku_07_2_s40.png",".png","58192"
"Stand\std_nananaa_shifuku_08_s40.png",".png","65029"
"Stand\std_nananaa_shifuku_09_s40.png",".png","63480"
"Stand\std_nananaa_shifuku_09_s50.png",".png","1062105"
"Stand\std_nananaa_shifuku_09_s50.spm",".spm","637"
"Stand\std_nananaa_shifuku_10_s40.png",".png","66757"
"Stand\std_nananaa_shifuku_11_s40.png",".png","63934"
"Stand\std_nananaa_shifuku_12_s40.png",".png","67342"
"Stand\std_nananaa_shifuku_13_1_s40.png",".png","64334"
"Stand\std_nananaa_shifuku_13_1_s50.png",".png","80651"
"Stand\std_nananaa_shifuku_13_2_s40.png",".png","64492"
"Stand\std_nananaa_shifuku_13_2_s50.png",".png","80953"
"Stand\std_nananab_maid_00_s40.png",".png","905120"
"Stand\std_nananab_maid_00_s40.spm",".spm","4320"
"Stand\std_nananab_maid_01_1_s40.png",".png","67594"
"Stand\std_nananab_maid_01_2_s40.png",".png","68033"
"Stand\std_nananab_maid_02_1_s40.png",".png","65876"
"Stand\std_nananab_maid_02_2_s40.png",".png","66509"
"Stand\std_nananab_maid_03_s40.png",".png","64390"
"Stand\std_nananab_maid_04_s40.png",".png","60883"
"Stand\std_nananab_maid_05_s40.png",".png","67887"
"Stand\std_nananab_maid_06_s40.png",".png","69210"
"Stand\std_nananab_maid_07_1_s40.png",".png","64842"
"Stand\std_nananab_maid_07_2_s40.png",".png","66336"
"Stand\std_nananab_maid_08_s40.png",".png","65279"
"Stand\std_nananab_maid_09_s40.png",".png","67554"
"Stand\std_nananab_maid_10_s40.png",".png","70810"
"Stand\std_nananab_maid_11_s40.png",".png","70698"
"Stand\std_nananab_maid_12_s40.png",".png","70784"
"Stand\std_nananab_maid_13_1_s40.png",".png","68041"
"Stand\std_nananab_maid_13_2_s40.png",".png","68243"
"Stand\std_nananab_maid_14_1_s40.png",".png","71144"
"Stand\std_nananab_maid_14_2_s40.png",".png","68096"
"Stand\std_nananab_seifuku_00_s40.png",".png","921067"
"Stand\std_nananab_seifuku_00_s40.spm",".spm","4380"
"Stand\std_nananab_seifuku_01_1_s40.png",".png","67594"
"Stand\std_nananab_seifuku_01_2_s40.png",".png","68033"
"Stand\std_nananab_seifuku_02_1_s40.png",".png","65876"
"Stand\std_nananab_seifuku_02_2_s40.png",".png","66509"
"Stand\std_nananab_seifuku_03_s40.png",".png","64390"
"Stand\std_nananab_seifuku_04_s40.png",".png","60883"
"Stand\std_nananab_seifuku_05_s40.png",".png","67887"
"Stand\std_nananab_seifuku_06_s40.png",".png","69210"
"Stand\std_nananab_seifuku_07_1_s40.png",".png","64842"
"Stand\std_nananab_seifuku_07_2_s40.png",".png","66336"
"Stand\std_nananab_seifuku_08_s40.png",".png","65279"
"Stand\std_nananab_seifuku_09_s40.png",".png","67554"
"Stand\std_nananab_seifuku_10_s40.png",".png","70810"
"Stand\std_nananab_seifuku_11_s40.png",".png","70698"
"Stand\std_nananab_seifuku_12_s40.png",".png","70784"
"Stand\std_nananab_seifuku_13_1_s40.png",".png","68041"
"Stand\std_nananab_seifuku_13_2_s40.png",".png","68243"
"Stand\std_nananab_seifuku_14_1_s40.png",".png","71144"
"Stand\std_nananab_seifuku_14_2_s40.png",".png","68096"
"Stand\std_nananab_shifuku_00_s40.png",".png","797598"
"Stand\std_nananab_shifuku_00_s40.spm",".spm","4380"
"Stand\std_nananab_shifuku_01_1_s40.png",".png","67594"
"Stand\std_nananab_shifuku_01_2_s40.png",".png","68033"
"Stand\std_nananab_shifuku_02_1_s40.png",".png","65876"
"Stand\std_nananab_shifuku_02_2_s40.png",".png","66509"
"Stand\std_nananab_shifuku_03_s40.png",".png","64390"
"Stand\std_nananab_shifuku_04_s40.png",".png","60883"
"Stand\std_nananab_shifuku_05_s40.png",".png","67887"
"Stand\std_nananab_shifuku_06_s40.png",".png","69210"
"Stand\std_nananab_shifuku_07_1_s40.png",".png","64842"
"Stand\std_nananab_shifuku_07_2_s40.png",".png","66336"
"Stand\std_nananab_shifuku_08_s40.png",".png","65279"
"Stand\std_nananab_shifuku_09_s40.png",".png","67554"
"Stand\std_nananab_shifuku_10_s40.png",".png","70810"
"Stand\std_nananab_shifuku_11_s40.png",".png","70698"
"Stand\std_nananab_shifuku_12_s40.png",".png","70784"
"Stand\std_nananab_shifuku_13_1_s40.png",".png","68041"
"Stand\std_nananab_shifuku_13_1_s50.png",".png","1110395"
"Stand\std_nananab_shifuku_13_1_s50.spm",".spm","869"
"Stand\std_nananab_shifuku_13_2_s40.png",".png","68243"
"Stand\std_nananab_shifuku_13_2_s50.png",".png","65058"
"Stand\std_nananab_shifuku_14_1_s40.png",".png","71144"
"Stand\std_nananab_shifuku_14_1_s50.png",".png","88027"
"Stand\std_nananab_shifuku_14_2_s40.png",".png","68096"
"Stand\std_nananab_shifuku_14_2_s50.png",".png","80243"
"Stand\std_oboro_seifuku_00_s00.png",".png","419234"
"Stand\std_oboro_seifuku_00_s00.spm",".spm","191"
"Stand\std_oboro_seifuku_00_s61.png",".png","667446"
"Stand\std_oboro_seifuku_00_s61.spm",".spm","1902"
"Stand\std_oboro_seifuku_00_s73.png",".png","897335"
"Stand\std_oboro_seifuku_00_s73.spm",".spm","617"
"Stand\std_oboro_seifuku_01_s61.png",".png","667459"
"Stand\std_oboro_seifuku_01_s61.spm",".spm","185"
"Stand\std_oboro_seifuku_01_s73.png",".png","896788"
"Stand\std_oboro_seifuku_01_s73.spm",".spm","185"
"Stand\std_oboro_seifuku_02_s61.png",".png","32856"
"Stand\std_oboro_seifuku_02_s73.png",".png","45015"
"Stand\std_oboro_seifuku_03_s61.png",".png","32750"
"Stand\std_oboro_seifuku_03_s73.png",".png","44405"
"Stand\std_oboro_seifuku_04_s61.png",".png","32994"
"Stand\std_oboro_seifuku_05_s61.png",".png","27289"
"Stand\std_oboro_seifuku_06_s61.png",".png","33298"
"Stand\std_oboro_seifuku_07_s61.png",".png","669613"
"Stand\std_oboro_seifuku_07_s61.spm",".spm","189"
"Stand\std_oboro_seifuku_08_s61.png",".png","32301"
"Stand\std_oboro_seifuku_09_s61.png",".png","31882"
"Stand\std_oboro_seifuku_10_s61.png",".png","33123"
"Stand\std_rairai_seifuku_00_s00.png",".png","435162"
"Stand\std_rairai_seifuku_00_s00.spm",".spm","835"
"Stand\std_rairai_seifuku_00_s59.png",".png","662915"
"Stand\std_rairai_seifuku_00_s59.spm",".spm","2341"
"Stand\std_rairai_seifuku_00_s69.png",".png","848670"
"Stand\std_rairai_seifuku_00_s69.spm",".spm","2341"
"Stand\std_rairai_seifuku_01_s59.png",".png","32564"
"Stand\std_rairai_seifuku_01_s69.png",".png","37395"
"Stand\std_rairai_seifuku_02_s59.png",".png","35766"
"Stand\std_rairai_seifuku_02_s69.png",".png","46224"
"Stand\std_rairai_seifuku_03_s59.png",".png","24675"
"Stand\std_rairai_seifuku_03_s69.png",".png","32232"
"Stand\std_rairai_seifuku_04_s59.png",".png","30452"
"Stand\std_rairai_seifuku_04_s69.png",".png","39040"
"Stand\std_rairai_seifuku_05_s59.png",".png","36527"
"Stand\std_rairai_seifuku_05_s69.png",".png","47253"
"Stand\std_rairai_seifuku_06_s00.png",".png","22210"
"Stand\std_rairai_seifuku_06_s59.png",".png","33071"
"Stand\std_rairai_seifuku_06_s69.png",".png","42666"
"Stand\std_rairai_seifuku_07_s00.png",".png","18000"
"Stand\std_rairai_seifuku_07_s59.png",".png","28469"
"Stand\std_rairai_seifuku_07_s69.png",".png","33756"
"Stand\std_rairai_seifuku_08_s59.png",".png","28808"
"Stand\std_rairai_seifuku_08_s69.png",".png","36197"
"Stand\std_rairai_seifuku_09_s00.png",".png","20507"
"Stand\std_rairai_seifuku_09_s59.png",".png","30183"
"Stand\std_rairai_seifuku_09_s69.png",".png","36237"
"Stand\std_rairai_seifuku_10_s59.png",".png","36426"
"Stand\std_rairai_seifuku_10_s69.png",".png","47209"
"Stand\std_rizea_seifuku_00_s40.png",".png","877377"
"Stand\std_rizea_seifuku_00_s40.spm",".spm","2560"
"Stand\std_rizea_seifuku_01_1_s40.png",".png","879885"
"Stand\std_rizea_seifuku_01_1_s40.spm",".spm","1716"
"Stand\std_rizea_seifuku_01_2_s40.png",".png","41558"
"Stand\std_rizea_seifuku_02_1_s40.png",".png","60139"
"Stand\std_rizea_seifuku_02_2_s40.png",".png","64675"
"Stand\std_rizea_seifuku_03_s40.png",".png","60645"
"Stand\std_rizea_seifuku_04_s40.png",".png","47627"
"Stand\std_rizea_seifuku_05_s40.png",".png","63273"
"Stand\std_rizea_seifuku_06_1_s40.png",".png","62219"
"Stand\std_rizea_seifuku_06_2_s40.png",".png","58225"
"Stand\std_rizea_seifuku_07_1_s40.png",".png","52542"
"Stand\std_rizea_seifuku_07_2_s40.png",".png","52885"
"Stand\std_rizea_seifuku_08_s40.png",".png","64227"
"Stand\std_rizea_seifuku_08_s50.png",".png","1246167"
"Stand\std_rizea_seifuku_08_s50.spm",".spm","838"
"Stand\std_rizea_seifuku_09_s40.png",".png","64627"
"Stand\std_rizea_seifuku_10_s40.png",".png","67571"
"Stand\std_rizea_seifuku_10_s50.png",".png","99510"
"Stand\std_rizea_seifuku_11_s40.png",".png","65669"
"Stand\std_rizea_seifuku_11_s50.png",".png","94311"
"Stand\std_rizea_seifuku_12_s40.png",".png","58628"
"Stand\std_rizea_seifuku_12_s50.png",".png","87019"
"Stand\std_rizea_seifuku_13_s40.png",".png","60054"
"Stand\std_rizea_seifuku_14_s40.png",".png","60887"
"Stand\std_rizea_seifuku_15_s40.png",".png","63724"
"Stand\std_rizea_shifuku_00_s40.png",".png","917824"
"Stand\std_rizea_shifuku_00_s40.spm",".spm","2560"
"Stand\std_rizea_shifuku_01_1_s40.png",".png","920540"
"Stand\std_rizea_shifuku_01_1_s40.spm",".spm","1716"
"Stand\std_rizea_shifuku_01_2_s40.png",".png","41558"
"Stand\std_rizea_shifuku_02_1_s40.png",".png","60139"
"Stand\std_rizea_shifuku_02_2_s40.png",".png","64675"
"Stand\std_rizea_shifuku_03_s40.png",".png","60645"
"Stand\std_rizea_shifuku_04_s40.png",".png","47627"
"Stand\std_rizea_shifuku_05_s40.png",".png","63273"
"Stand\std_rizea_shifuku_06_1_s40.png",".png","62219"
"Stand\std_rizea_shifuku_06_2_s40.png",".png","58225"
"Stand\std_rizea_shifuku_06_2_s50.png",".png","1296885"
"Stand\std_rizea_shifuku_06_2_s50.spm",".spm","625"
"Stand\std_rizea_shifuku_07_1_s40.png",".png","52542"
"Stand\std_rizea_shifuku_07_2_s40.png",".png","52885"
"Stand\std_rizea_shifuku_08_s40.png",".png","64227"
"Stand\std_rizea_shifuku_09_s40.png",".png","64627"
"Stand\std_rizea_shifuku_10_s40.png",".png","67571"
"Stand\std_rizea_shifuku_11_s40.png",".png","65669"
"Stand\std_rizea_shifuku_11_s50.png",".png","100682"
"Stand\std_rizea_shifuku_12_s40.png",".png","58628"
"Stand\std_rizea_shifuku_12_s50.png",".png","91581"
"Stand\std_rizea_shifuku_13_s40.png",".png","60054"
"Stand\std_rizea_shifuku_14_s40.png",".png","60887"
"Stand\std_rizea_shifuku_15_s40.png",".png","63724"
"Stand\std_rizeb_seifuku_00_s40.png",".png","818568"
"Stand\std_rizeb_seifuku_00_s40.spm",".spm","4105"
"Stand\std_rizeb_seifuku_01_1_s40.png",".png","70697"
"Stand\std_rizeb_seifuku_01_2_s40.png",".png","71115"
"Stand\std_rizeb_seifuku_02_1_s40.png",".png","70545"
"Stand\std_rizeb_seifuku_02_2_s40.png",".png","71143"
"Stand\std_rizeb_seifuku_03_s40.png",".png","81712"
"Stand\std_rizeb_seifuku_04_1_s40.png",".png","63250"
"Stand\std_rizeb_seifuku_04_2_s40.png",".png","65967"
"Stand\std_rizeb_seifuku_05_s40.png",".png","77576"
"Stand\std_rizeb_seifuku_06_s40.png",".png","70794"
"Stand\std_rizeb_seifuku_07_s40.png",".png","69032"
"Stand\std_rizeb_seifuku_08_s40.png",".png","73458"
"Stand\std_rizeb_seifuku_09_s40.png",".png","75489"
"Stand\std_rizeb_seifuku_10_s40.png",".png","77111"
"Stand\std_rizeb_seifuku_11_s40.png",".png","75119"
"Stand\std_rizeb_seifuku_12_s40.png",".png","68051"
"Stand\std_rizeb_seifuku_12_s50.png",".png","1143965"
"Stand\std_rizeb_seifuku_12_s50.spm",".spm","190"
"Stand\std_rizeb_seifuku_13_s40.png",".png","80566"
"Stand\std_rizeb_seifuku_14_1_s40.png",".png","57445"
"Stand\std_rizeb_seifuku_14_2_s40.png",".png","58441"
"Stand\std_rizeb_shifuku_00_s40.png",".png","891768"
"Stand\std_rizeb_shifuku_00_s40.spm",".spm","4105"
"Stand\std_rizeb_shifuku_01_1_s40.png",".png","70697"
"Stand\std_rizeb_shifuku_01_2_s40.png",".png","71115"
"Stand\std_rizeb_shifuku_02_1_s40.png",".png","70545"
"Stand\std_rizeb_shifuku_02_2_s40.png",".png","71143"
"Stand\std_rizeb_shifuku_03_s40.png",".png","81758"
"Stand\std_rizeb_shifuku_04_1_s40.png",".png","63263"
"Stand\std_rizeb_shifuku_04_2_s40.png",".png","65973"
"Stand\std_rizeb_shifuku_05_s40.png",".png","77576"
"Stand\std_rizeb_shifuku_06_s40.png",".png","70794"
"Stand\std_rizeb_shifuku_07_s40.png",".png","69032"
"Stand\std_rizeb_shifuku_08_s40.png",".png","73475"
"Stand\std_rizeb_shifuku_09_s40.png",".png","75489"
"Stand\std_rizeb_shifuku_10_s40.png",".png","77111"
"Stand\std_rizeb_shifuku_11_s40.png",".png","75125"
"Stand\std_rizeb_shifuku_12_s40.png",".png","68051"
"Stand\std_rizeb_shifuku_13_s40.png",".png","80566"
"Stand\std_rizeb_shifuku_14_1_s40.png",".png","57445"
"Stand\std_rizeb_shifuku_14_2_s40.png",".png","58441"
"Stand\std_yuuen_apron_00_s40.png",".png","894421"
"Stand\std_yuuen_apron_00_s40.spm",".spm","189"
"Stand\std_yuuen_apron_01_1_s40.png",".png","896879"
"Stand\std_yuuen_apron_01_1_s40.spm",".spm","401"
"Stand\std_yuuen_apron_01_2_s40.png",".png","61230"
"Stand\std_yuuen_apron_02_1_s40.png",".png","892555"
"Stand\std_yuuen_apron_02_1_s40.spm",".spm","401"
"Stand\std_yuuen_apron_02_2_s40.png",".png","55508"
"Stand\std_yuuen_apron_03_s40.png",".png","892885"
"Stand\std_yuuen_apron_03_s40.spm",".spm","183"
"Stand\std_yuuen_apron_04_s40.png",".png","894530"
"Stand\std_yuuen_apron_04_s40.spm",".spm","613"
"Stand\std_yuuen_apron_05_s40.png",".png","895368"
"Stand\std_yuuen_apron_05_s40.spm",".spm","183"
"Stand\std_yuuen_apron_06_s40.png",".png","896725"
"Stand\std_yuuen_apron_06_s40.spm",".spm","193"
"Stand\std_yuuen_apron_07_1_s40.png",".png","66222"
"Stand\std_yuuen_apron_07_2_s40.png",".png","66970"
"Stand\std_yuuen_apron_08_s40.png",".png","890160"
"Stand\std_yuuen_apron_08_s40.spm",".spm","183"
"Stand\std_yuuen_apron_09_s40.png",".png","895824"
"Stand\std_yuuen_apron_09_s40.spm",".spm","183"
"Stand\std_yuuen_apron_10_s40.png",".png","892663"
"Stand\std_yuuen_apron_10_s40.spm",".spm","186"
"Stand\std_yuuen_seifuku_00_s40.png",".png","872461"
"Stand\std_yuuen_seifuku_00_s40.spm",".spm","191"
"Stand\std_yuuen_seifuku_01_1_s00.png",".png","478833"
"Stand\std_yuuen_seifuku_01_1_s00.spm",".spm","189"
"Stand\std_yuuen_seifuku_01_1_s40.png",".png","873698"
"Stand\std_yuuen_seifuku_01_1_s40.spm",".spm","405"
"Stand\std_yuuen_seifuku_01_1_s50.png",".png","1172324"
"Stand\std_yuuen_seifuku_01_1_s50.spm",".spm","189"
"Stand\std_yuuen_seifuku_01_2_s40.png",".png","61846"
"Stand\std_yuuen_seifuku_02_1_s40.png",".png","870003"
"Stand\std_yuuen_seifuku_02_1_s40.spm",".spm","405"
"Stand\std_yuuen_seifuku_02_2_s40.png",".png","54719"
"Stand\std_yuuen_seifuku_03_s40.png",".png","871231"
"Stand\std_yuuen_seifuku_03_s40.spm",".spm","185"
"Stand\std_yuuen_seifuku_04_s00.png",".png","477529"
"Stand\std_yuuen_seifuku_04_s00.spm",".spm","187"
"Stand\std_yuuen_seifuku_04_s40.png",".png","872566"
"Stand\std_yuuen_seifuku_04_s40.spm",".spm","619"
"Stand\std_yuuen_seifuku_05_s40.png",".png","873887"
"Stand\std_yuuen_seifuku_05_s40.spm",".spm","185"
"Stand\std_yuuen_seifuku_06_s40.png",".png","874300"
"Stand\std_yuuen_seifuku_06_s40.spm",".spm","195"
"Stand\std_yuuen_seifuku_06_s50.png",".png","1172461"
"Stand\std_yuuen_seifuku_06_s50.spm",".spm","195"
"Stand\std_yuuen_seifuku_07_1_s40.png",".png","65846"
"Stand\std_yuuen_seifuku_07_2_s40.png",".png","66619"
"Stand\std_yuuen_seifuku_08_s40.png",".png","867635"
"Stand\std_yuuen_seifuku_08_s40.spm",".spm","185"
"Stand\std_yuuen_seifuku_09_s40.png",".png","873818"
"Stand\std_yuuen_seifuku_09_s40.spm",".spm","185"
"Stand\std_yuuen_seifuku_10_s40.png",".png","870590"
"Stand\std_yuuen_seifuku_10_s40.spm",".spm","188"
"System\another_view.png",".png","8825"
"System\automodebar.png",".png","12300"
"System\automodebarbutton.png",".png","3888"
"System\b_logo.jpg",".jpg","712580"
"System\b_logo.png",".png","831128"
"System\background_config.png",".png","169027"
"System\background_load.png",".png","698113"
"System\background_log.png",".png","24115"
"System\background_save.png",".png","699780"
"System\background.png",".png","12389"
"System\backlog.png",".png","20131"
"System\backlog.spm",".spm","4252"
"System\bgmname - narabikaemae.spm",".spm","4464"
"System\bgmname_l.png",".png","119170"
"System\bgmname.png",".png","108048"
"System\bgmname.spm",".spm","7770"
"System\bgmthumbnail.png",".png","5782"
"System\bgmtitle - narabikaemae.spm",".spm","5202"
"System\bgmtitle_l.png",".png","188991"
"System\bgmtitle.png",".png","73563"
"System\bgmtitle.spm",".spm","8337"
"System\cgthumbnail.png",".png","6831246"
"System\cgthumbnailframe.png",".png","6835520"
"System\cgthumbnailframea.png",".png","2734"
"System\charamodearrow.png",".png","103"
"System\charsound01.png",".png","267887"
"System\charsound01b.png",".png","85210"
"System\charsound02.png",".png","255290"
"System\charsound02b.png",".png","94814"
"System\charsound03.png",".png","302076"
"System\charsound03b.png",".png","91368"
"System\charsound04.png",".png","274276"
"System\charsound04b.png",".png","82079"
"System\charsound05.png",".png","282947"
"System\charsound05b.png",".png","75829"
"System\charsound06.png",".png","268971"
"System\charsound06b.png",".png","92681"
"System\charsound07.png",".png","266766"
"System\charsound07b.png",".png","78418"
"System\charsound08.png",".png","260744"
"System\charsound08b.png",".png","78223"
"System\charsound09.png",".png","318259"
"System\charsound09b.png",".png","77490"
"System\charsound10.png",".png","255187"
"System\charsound10b.png",".png","76134"
"System\charsound11.png",".png","68998"
"System\charsound11b.png",".png","62521"
"System\charsound12.png",".png","69153"
"System\charsound12b.png",".png","62533"
"System\charsoundbutton_l.png",".png","181252"
"System\charsoundbutton_m.png",".png","225836"
"System\charsoundbutton.png",".png","1506081"
"System\checkbutton.png",".png","5976"
"System\checkwindow.spm",".spm","4598"
"System\checkwindow01.png",".png","180870"
"System\checkwindow02.png",".png","179388"
"System\checkwindow03.png",".png","196639"
"System\checkwindow04.png",".png","195940"
"System\checkwindow05.png",".png","192254"
"System\checkwindow05a.png",".png","197338"
"System\checkwindow06.png",".png","202394"
"System\checkwindow07.png",".png","203142"
"System\checkwindow07b.png",".png","228950"
"System\checkwindow08.png",".png","193686"
"System\checkwindow09.png",".png","190535"
"System\checkwindow10.png",".png","180154"
"System\checkwindow11.png",".png","190069"
"System\checkwindow12.png",".png","189112"
"System\checkwindow13.png",".png","187872"
"System\checkwindowbutton_a.png",".png","66042"
"System\checkwindowbutton_b.png",".png","33953"
"System\checkwindowbutton_off.png",".png","33514"
"System\checkwindowbutton.png",".png","39449"
"System\cinema.png",".png","8770"
"System\command.spm",".spm","4622"
"System\commandbutton.png",".png","1030"
"System\commandlist.png",".png","198190"
"System\config-title.png",".png","14147"
"System\config.spm",".spm","53490"
"System\configmenu01.png",".png","731657"
"System\configmenu02.png",".png","812614"
"System\configmenu03.png",".png","763976"
"System\configmenu04.png",".png","737217"
"System\configmenu05.png",".png","837605"
"System\configmenu06.png",".png","698555"
"System\configmenu07.png",".png","767054"
"System\configmenu08.png",".png","11945"
"System\configmenu09.png",".png","11945"
"System\configmenubutton.png",".png","161762"
"System\controlbar.png",".png","252"
"System\controlbar.spm",".spm","2551"
"System\controlbarbutton.png",".png","27809"
"System\curtainfade.bmp",".bmp","2816"
"System\dfgotp5.ttc",".ttc","2221156"
"System\dfhsr4.ttc",".ttc","3619728"
"System\dfmrg5_u.ttc",".ttc","6635884"
"System\eventname.spm",".spm","15833"
"System\extrabutton.png",".png","5127"
"System\extramode_l.png",".png","544709"
"System\extramode.png",".png","5497"
"System\extramode.spm",".spm","2198"
"System\extramodebar.png",".png","697927"
"System\extramodebar.spm",".spm","1793"
"System\extramodebarbutton_l.png",".png","18816"
"System\extramodebarbutton.png",".png","18907"
"System\extramodebutton.spm",".spm","1492"
"System\extramodecontrolbar.spm",".spm","440"
"System\extramodetabbutton.spm",".spm","4987"
"System\extramodetabselectbutton.spm",".spm","4504"
"System\faceframe.png",".png","2001"
"System\fontcolordropdownlist.png",".png","847"
"System\futaba_view.png",".png","8679"
"System\gaiji-1621.fil",".fil","344"
"System\gaiji-1824.fil",".fil","440"
"System\gaiji-2027.fil",".fil","548"
"System\gaiji-2130.fil",".fil","638"
"System\gaiji-2230.fil",".fil","668"
"System\gaiji-2536.fil",".fil","908"
"System\gaiji-2842.fil",".fil","1184"
"System\gaiji-3248.fil",".fil","1544"
"System\gaijiase1621.fil",".fil","344"
"System\gaijiase2230.fil",".fil","668"
"System\gaijichuten1621.fil",".fil","344"
"System\gaijichuten1824.fil",".fil","440"
"System\gaijichuten2027.fil",".fil","548"
"System\gaijichuten2130.fil",".fil","638"
"System\gaijichuten2230.fil",".fil","668"
"System\gaijichuten2536.fil",".fil","908"
"System\gaijichuten2842.fil",".fil","1184"
"System\gaijichuten3248.fil",".fil","1544"
"System\gaijidiamond1621.fil",".fil","344"
"System\gaijidiamond2230.fil",".fil","668"
"System\gaijido1621.fil",".fil","344"
"System\gaijido2230.fil",".fil","668"
"System\gaijio1621.fil",".fil","344"
"System\gaijio1830.fil",".fil","548"
"System\gaijio2230.fil",".fil","668"
"System\gaijirbtriangle1621.fil",".fil","344"
"System\gaijirbtriangle2230.fil",".fil","668"
"System\gaijirtriangle1621.fil",".fil","344"
"System\gaijirtriangle2230.fil",".fil","668"
"System\gaijishou1621.fil",".fil","344"
"System\gaijishou2230.fil",".fil","668"
"System\gaijiz1621.fil",".fil","344"
"System\gaijiz2230.fil",".fil","668"
"System\hana_view.png",".png","8485"
"System\help01.png",".png","2864571"
"System\help02.png",".png","3069464"
"System\help03.png",".png","2968867"
"System\help04.png",".png","2951571"
"System\help05.png",".png","10408083"
"System\help06.png",".png","3943899"
"System\help07.png",".png","3609515"
"System\help08.png",".png","3694769"
"System\help09.png",".png","3534102"
"System\help10.png",".png","3615733"
"System\help11.png",".png","2787283"
"System\helpchip.png",".png","2943"
"System\helpchip.spm",".spm","1410"
"System\helpmenu.spm",".spm","2036"
"System\interlace.png",".png","10114"
"System\k_cgthumbnail - kopi-.png",".png","6835932"
"System\k_cgthumbnailframe - kopi-.png",".png","6836163"
"System\k_charsoundbutton_l - kopi-.png",".png","176874"
"System\k_charsoundbutton_m - kopi-.png",".png","192381"
"System\k_dfhanayasushigoshikkukaradaw3.fnt",".fnt","6331187"
"System\k_menuhelp - kopi-.spm",".spm","7917"
"System\k_messageline - kopi-.png",".png","114"
"System\k_minamotomakotogoshikkutouhabanormal_20x20.fnt",".fnt","13260972"
"System\k_playbgmname - kopi-.spm",".spm","6709"
"System\k_save - se-bubangouzahyoushuuseimae.spm",".spm","7107"
"System\keyboardbutton.png",".png","5197"
"System\keyboardbutton.spm",".spm","10712"
"System\kidok_ss.png",".png","6011"
"System\kohaku_view.png",".png","8833"
"System\loading.png",".png","16233"
"System\loading.spm",".spm","5594"
"System\loadinganim.png",".png","189"
"System\mascotvoicebutton.png",".png","4947"
"System\meguri_view.png",".png","8793"
"System\menuhelp_l.png",".png","147514"
"System\menuhelp.png",".png","68700"
"System\menuhelp.spm",".spm","7689"
"System\messagebox.png",".png","3065"
"System\messagebox.spm",".spm","193"
"System\messageicon.png",".png","25459"
"System\messageicon.spm",".spm","2311"
"System\messageline.png",".png","1450"
"System\messagewindow.png",".png","45414"
"System\messagewindow.spm",".spm","1500"
"System\mirai_s0023.opus",".opus","20315"
"System\mirai_s0024.opus",".opus","12166"
"System\mirai_view.png",".png","8614"
"System\mouse.png",".png","52918"
"System\mousecursor.spm",".spm","655"
"System\mousecursorbutton.png",".png","3047"
"System\name_view.png",".png","15150"
"System\nanana_view.png",".png","8655"
"System\newicon.png",".png","4602"
"System\newicon.spm",".spm","367"
"System\nodata.png",".png","8168"
"System\novelmessageicon.png",".png","32081"
"System\oboro_view.png",".png","8633"
"System\pagebreak_a.png",".png","36562"
"System\pagebreak_b.png",".png","41516"
"System\panicmode.bmp",".bmp","6220854"
"System\playbgmname - narabikaemae.spm",".spm","6937"
"System\playbgmname_l.png",".png","124883"
"System\playbgmname.png",".png","107869"
"System\playbgmname.spm",".spm","6937"
"System\playlist.png",".png","8513"
"System\playlist.spm",".spm","1670"
"System\quickconfig.png",".png","4324"
"System\quickconfigbar.spm",".spm","2544"
"System\radialline.png",".png","6799"
"System\radialline.spm",".spm","165"
"System\rairai_view.png",".png","8642"
"System\replaymode_thumbnail.png",".png","88316"
"System\replaymode_thumbnailframe.png",".png","2482"
"System\rize_view.png",".png","8473"
"System\rule01.fil",".fil","2073608"
"System\rule02.fil",".fil","2073608"
"System\rule03.fil",".fil","2073608"
"System\rule04.fil",".fil","2073608"
"System\rule05.fil",".fil","2073608"
"System\rule06.fil",".fil","2073608"
"System\rule07.fil",".fil","2073608"
"System\rule08.fil",".fil","2073608"
"System\rule09.fil",".fil","2073608"
"System\rule10.fil",".fil","2073608"
"System\rule11.fil",".fil","2073608"
"System\rule12.fil",".fil","2073608"
"System\rule13.fil",".fil","2073608"
"System\rule14.fil",".fil","2073608"
"System\rule15.fil",".fil","2073608"
"System\rule16.fil",".fil","2073608"
"System\rule17.fil",".fil","2073608"
"System\rule18.fil",".fil","2073608"
"System\rule19.fil",".fil","2073608"
"System\rule20.fil",".fil","2073608"
"System\rule21.fil",".fil","2073608"
"System\rule22.fil",".fil","2073608"
"System\rule23.fil",".fil","2073608"
"System\rule24.fil",".fil","2073608"
"System\rule25.fil",".fil","2073608"
"System\save.spm",".spm","7164"
"System\savebar.png",".png","115"
"System\savebarbutton.png",".png","7472"
"System\saveinfothumbnailframe.png",".png","1128"
"System\savemenu.png",".png","52475"
"System\savemenuno.png",".png","10600"
"System\savemenuthumbnailframe.png",".png","2734"
"System\sc_title_bt_config.png",".png","74666"
"System\sc_title_bt_exit.png",".png","66943"
"System\sc_title_bt_gallery.png",".png","71208"
"System\sc_title_bt_gallery02.png",".png","25160"
"System\sc_title_bt_load.png",".png","69142"
"System\sc_title_bt_music.png",".png","71060"
"System\sc_title_bt_music02.png",".png","24399"
"System\sc_title_bt_scene.png",".png","68574"
"System\sc_title_bt_scene02.png",".png","23679"
"System\sc_title_bt_start.png",".png","75308"
"System\sc_title_bt.spm",".spm","2887"
"System\scrollbar.png",".png","3470"
"System\scrollbar.spm",".spm","1211"
"System\scrollbararrow.png",".png","5799"
"System\scrollbarbutton_l.png",".png","6658"
"System\scrollbarbutton.png",".png","1289"
"System\selectmenu_l.png",".png","67428"
"System\selectmenu.png",".png","1087"
"System\selectmenu.spm",".spm","1018"
"System\slider.png",".png","4381"
"System\slider.spm",".spm","487"
"System\slideshowbar.png",".png","3866"
"System\slideshowbar.spm",".spm","1085"
"System\slideshowbarbutton.png",".png","5015"
"System\soundbar.spm",".spm","3499"
"System\soundbarbutton_l.png",".png","18478"
"System\soundbarbutton.png",".png","15026"
"System\speedcontrolbar.spm",".spm","955"
"System\speedline.png",".png","4216"
"System\speedline.spm",".spm","164"
"System\system09b.fnt",".fnt","2326668"
"System\system10b.fnt",".fnt","2519590"
"System\system12.fnt",".fnt","4625222"
"System\system14.fnt",".fnt","5286580"
"System\system16.fnt",".fnt","6446079"
"System\system16b.fnt",".fnt","4501933"
"System\system24b.fnt",".fnt","11171810"
"System\system32.fnt",".fnt","15075196"
"System\systemascii07.fnt",".fnt","30081"
"System\systemascii08.fnt",".fnt","37024"
"System\systemascii10.fnt",".fnt","48232"
"System\systemascii12.fnt",".fnt","54612"
"System\systemascii12b.fnt",".fnt","72321"
"System\systemascii14.fnt",".fnt","68007"
"System\systemascii14b.fnt",".fnt","87499"
"System\systemascii16.fnt",".fnt","83493"
"System\systemascii16b.fnt",".fnt","105062"
"System\systemascii20.fnt",".fnt","108803"
"System\systemascii24.fnt",".fnt","132318"
"System\systemascii24b.fnt",".fnt","159139"
"System\systemascii32.fnt",".fnt","207712"
"System\systemascii32b.fnt",".fnt","276482"
"System\systembar.png",".png","175"
"System\systembar.spm",".spm","1230"
"System\systembarbutton.png",".png","9403"
"System\systemmenu_l.png",".png","240197"
"System\systemmenu.png",".png","174226"
"System\systemmenu.spm",".spm","1624"
"System\systemse_cancel.opus",".opus","6334"
"System\systemse_cursor.opus",".opus","3658"
"System\systemse_fail.opus",".opus","9612"
"System\systemse_mascot.opus",".opus","5383"
"System\systemse_menu.opus",".opus","9985"
"System\systemse_save.opus",".opus","23672"
"System\systemse_select.opus",".opus","3034"
"System\systemvoice01_hana.opus",".opus","17120"
"System\systemvoice01_huta.opus",".opus","34637"
"System\systemvoice01_hyo.opus",".opus","48116"
"System\systemvoice01_koha.opus",".opus","25380"
"System\systemvoice01_man.opus",".opus","21529"
"System\systemvoice01_megu.opus",".opus","34615"
"System\systemvoice01_nana.opus",".opus","26826"
"System\systemvoice01_obo.opus",".opus","14200"
"System\systemvoice01_rai.opus",".opus","39861"
"System\systemvoice01_rize.opus",".opus","22357"
"System\systemvoice01_test.opus",".opus","20315"
"System\systemvoice01_woman.opus",".opus","7604"
"System\systemvoice01_yuu.opus",".opus","25139"
"System\tabbar.png",".png","560"
"System\tabbar.spm",".spm","9148"
"System\tabbarbutton_l.png",".png","129265"
"System\tabbarbutton.png",".png","130696"
"System\timegauge.png",".png","6714"
"System\timegauge.spm",".spm","659"
"System\title_bg_trial00.png",".png","2676040"
"System\title_bg_trial01.png",".png","2349080"
"System\title_bg_trial02.png",".png","2324043"
"System\title_bg_trial03.png",".png","2416906"
"System\title_bg_trial04.png",".png","2431156"
"System\title_bg_trial05-1.png",".png","697246"
"System\title_bg_trial05.png",".png","2510079"
"System\title_bg_trial06.png",".png","2466153"
"System\title_bg.png",".png","2621301"
"System\titlebar_config_.png",".png","247088"
"System\titlebar_config.png",".png","231710"
"System\titlebar.png",".png","149761"
"System\titlebar.spm",".spm","1152"
"System\voicebutton.png",".png","850823"
"System\win.png",".png","150452"
"System\yuuen_view.png",".png","8558"
"Thumbnail\t_bg_anten.png",".png","445"
"Thumbnail\t_bg_butai_enjou0.png",".png","109832"
"Thumbnail\t_bg_butai_enjou1.png",".png","103967"
"Thumbnail\t_bg_butai_enjou2.png",".png","103792"
"Thumbnail\t_bg_butai_enjouadd0.png",".png","112840"
"Thumbnail\t_bg_butai_enjouadd1.png",".png","109515"
"Thumbnail\t_bg_butai_enjouadd2.png",".png","111540"
"Thumbnail\t_bg_butai_maku_seki.png",".png","63495"
"Thumbnail\t_bg_butai_maku_stage.png",".png","73835"
"Thumbnail\t_bg_butai_maku.png",".png","72726"
"Thumbnail\t_bg_butai_seki.png",".png","58967"
"Thumbnail\t_bg_butai_stage.png",".png","71272"
"Thumbnail\t_bg_butai.png",".png","66101"
"Thumbnail\t_bg_gakuya_l.png",".png","63974"
"Thumbnail\t_bg_gakuya_r.png",".png","63727"
"Thumbnail\t_bg_gakuya.png",".png","65373"
"Thumbnail\t_bg_jishitsu_l.png",".png","72580"
"Thumbnail\t_bg_jishitsu_r.png",".png","71444"
"Thumbnail\t_bg_jishitsu.png",".png","74687"
"Thumbnail\t_bg_keikoba_l.png",".png","76218"
"Thumbnail\t_bg_keikoba_la.png",".png","48358"
"Thumbnail\t_bg_keikoba_r.png",".png","76918"
"Thumbnail\t_bg_keikoba.png",".png","77589"
"Thumbnail\t_bg_kissa_counter.png",".png","78524"
"Thumbnail\t_bg_kissa_table.png",".png","76287"
"Thumbnail\t_bg_kissa.png",".png","81920"
"Thumbnail\t_bg_kouen_ev_l.png",".png","110481"
"Thumbnail\t_bg_kouen_ev_r.png",".png","103497"
"Thumbnail\t_bg_kouen_ev.png",".png","111214"
"Thumbnail\t_bg_kouen_l.png",".png","112563"
"Thumbnail\t_bg_kouen_ni_l.png",".png","95844"
"Thumbnail\t_bg_kouen_ni_r.png",".png","85398"
"Thumbnail\t_bg_kouen_ni.png",".png","96895"
"Thumbnail\t_bg_kouen_r.png",".png","106201"
"Thumbnail\t_bg_kouen.png",".png","114052"
"Thumbnail\t_bg_kyoshitsu_ev_l.png",".png","79706"
"Thumbnail\t_bg_kyoshitsu_ev_r.png",".png","78847"
"Thumbnail\t_bg_kyoshitsu_ev.png",".png","84310"
"Thumbnail\t_bg_kyoshitsu_l.png",".png","80067"
"Thumbnail\t_bg_kyoshitsu_r.png",".png","78814"
"Thumbnail\t_bg_kyoshitsu.png",".png","84812"
"Thumbnail\t_bg_machi_ev_l.png",".png","102132"
"Thumbnail\t_bg_machi_ev_r.png",".png","96904"
"Thumbnail\t_bg_machi_ev.png",".png","104208"
"Thumbnail\t_bg_machi_l.png",".png","94825"
"Thumbnail\t_bg_machi_ni_l.png",".png","83935"
"Thumbnail\t_bg_machi_ni_r.png",".png","80996"
"Thumbnail\t_bg_machi_ni.png",".png","88653"
"Thumbnail\t_bg_machi_r.png",".png","90649"
"Thumbnail\t_bg_machi.png",".png","97687"
"Thumbnail\t_bg_nakaniwa_ev_l.png",".png","104527"
"Thumbnail\t_bg_nakaniwa_ev_r.png",".png","104735"
"Thumbnail\t_bg_nakaniwa_ev.png",".png","104930"
"Thumbnail\t_bg_nakaniwa_l.png",".png","107789"
"Thumbnail\t_bg_nakaniwa_r.png",".png","108220"
"Thumbnail\t_bg_nakaniwa.png",".png","109468"
"Thumbnail\t_bg_okujo_ev.png",".png","67309"
"Thumbnail\t_bg_okujo_ni.png",".png","55465"
"Thumbnail\t_bg_rouka_d.png",".png","78592"
"Thumbnail\t_bg_rouka_ev_d.png",".png","80696"
"Thumbnail\t_bg_rouka_ev_u.png",".png","84110"
"Thumbnail\t_bg_rouka_ev.png",".png","86847"
"Thumbnail\t_bg_rouka_u.png",".png","83733"
"Thumbnail\t_bg_rouka.png",".png","86073"
"Thumbnail\t_bg_sora1.png",".png","64705"
"Thumbnail\t_bg_sora2.png",".png","57941"
"Thumbnail\t_bg_sora3.png",".png","60993"
"Thumbnail\t_bg_tsugakuro_ev_l.png",".png","101551"
"Thumbnail\t_bg_tsugakuro_ev_r.png",".png","109317"
"Thumbnail\t_bg_tsugakuro_ev.png",".png","106909"
"Thumbnail\t_bg_tsugakuro_l.png",".png","100665"
"Thumbnail\t_bg_tsugakuro_ni_l.png",".png","75539"
"Thumbnail\t_bg_tsugakuro_ni_r.png",".png","85877"
"Thumbnail\t_bg_tsugakuro_ni.png",".png","82928"
"Thumbnail\t_bg_tsugakuro_r.png",".png","106850"
"Thumbnail\t_bg_tsugakuro.png",".png","106874"
"Thumbnail\t_bg_white.png",".png","442"
"Thumbnail\t_bg_yozora.png",".png","43649"
"Thumbnail\t_cg01_0.png",".png","97213"
"Thumbnail\t_cg01_1.png",".png","97186"
"Thumbnail\t_cg01_2.png",".png","96980"
"Thumbnail\t_cg01_3.png",".png","97139"
"Thumbnail\t_cg02_0.png",".png","75154"
"Thumbnail\t_cg02_1.png",".png","75005"
"Thumbnail\t_cg02_2.png",".png","75110"
"Thumbnail\t_cg03_0.png",".png","70832"
"Thumbnail\t_cg03_1.png",".png","70760"
"Thumbnail\t_cg03_2.png",".png","70414"
"Thumbnail\t_cg04_0.png",".png","82186"
"Thumbnail\t_cg04_1.png",".png","81712"
"Thumbnail\t_cg05_0.png",".png","87154"
"Thumbnail\t_cg05_1.png",".png","87239"
"Thumbnail\t_cg05_2.png",".png","87170"
"Thumbnail\t_cg05_3.png",".png","87242"
"Thumbnail\t_cg06_0.png",".png","66353"
"Thumbnail\t_cg06_1.png",".png","66344"
"Thumbnail\t_cg06_1a.png",".png","66360"
"Thumbnail\t_cg06_2.png",".png","66124"
"Thumbnail\t_cg06_2a.png",".png","66161"
"Thumbnail\t_cg06_3.png",".png","68387"
"Thumbnail\t_cg06_3a.png",".png","66303"
"Thumbnail\t_cg06_4.png",".png","66175"
"Thumbnail\t_cg06_4a.png",".png","66146"
"Thumbnail\t_cg07_0.png",".png","91219"
"Thumbnail\t_cg07_1.png",".png","91092"
"Thumbnail\t_cg07_2.png",".png","91233"
"Thumbnail\t_cg07_3.png",".png","91269"
"Thumbnail\t_cg07_4.png",".png","91032"
"Thumbnail\t_cg07_5.png",".png","91152"
"Thumbnail\t_cg07_6.png",".png","91184"
"Thumbnail\t_cg07_7.png",".png","91257"
"Thumbnail\t_cg08_0.png",".png","74571"
"Thumbnail\t_cg08_1.png",".png","74384"
"Thumbnail\t_cg08_2.png",".png","74489"
"Thumbnail\t_cg08_3.png",".png","74364"
"Thumbnail\t_cg09_0.png",".png","81290"
"Thumbnail\t_cg09_1.png",".png","81203"
"Thumbnail\t_cg09_2.png",".png","81257"
"Thumbnail\t_cg09_3.png",".png","81323"
"Thumbnail\t_cg10_0.png",".png","57437"
"Thumbnail\t_cg10_1.png",".png","56783"
"Thumbnail\t_cg10_2.png",".png","56178"
"Thumbnail\t_cg10_3.png",".png","57269"
"Thumbnail\t_cg11_0.png",".png","99519"
"Thumbnail\t_cg11_1.png",".png","99562"
"Thumbnail\t_cg11_2.png",".png","99585"
"Thumbnail\t_cg12.png",".png","76447"
"Thumbnail\t_cg13_0.png",".png","69062"
"Thumbnail\t_cg13_1.png",".png","69150"
"Thumbnail\t_cg13_2.png",".png","69011"
"Thumbnail\t_cg14_0.png",".png","81046"
"Thumbnail\t_cg14_0a.png",".png","81024"
"Thumbnail\t_cg14_1.png",".png","81046"
"Thumbnail\t_cg14_2.png",".png","81080"
"Thumbnail\t_cg14_3.png",".png","79308"
"Thumbnail\t_cg14_3a.png",".png","79327"
"Thumbnail\t_cg14_4.png",".png","79316"
"Thumbnail\t_cg14_5.png",".png","79243"
"Thumbnail\t_cg15_1.png",".png","75460"
"Thumbnail\t_cg15_2.png",".png","75478"
"Thumbnail\t_cg15_3.png",".png","75429"
"Thumbnail\t_cg16_0.png",".png","80612"
"Thumbnail\t_cg16_1.png",".png","81157"
"Thumbnail\t_cg17_0.png",".png","78451"
"Thumbnail\t_cg17_1.png",".png","78419"
"Thumbnail\t_cg17_2.png",".png","77419"
"Thumbnail\t_cg18_0.png",".png","78062"
"Thumbnail\t_cg18_1.png",".png","78100"
"Thumbnail\t_cg18_2.png",".png","78513"
"Thumbnail\t_cg18_3.png",".png","78437"
"Thumbnail\t_cg18_4.png",".png","78394"
"Thumbnail\t_cg19_0.png",".png","83171"
"Thumbnail\t_cg19_1.png",".png","83174"
"Thumbnail\t_cg19_2.png",".png","83406"
"Thumbnail\t_cg19_3.png",".png","83066"
"Thumbnail\t_cg20_0.png",".png","85506"
"Thumbnail\t_cg20_1.png",".png","85447"
"Thumbnail\t_cg20_2.png",".png","85580"
"Thumbnail\t_cg20_3.png",".png","85479"
"Thumbnail\t_cg20_4.png",".png","85388"
"Thumbnail\t_cg20_5.png",".png","85437"
"Thumbnail\t_cg21_0.png",".png","77718"
"Thumbnail\t_cg21_1.png",".png","77787"
"Thumbnail\t_cg21_2.png",".png","77618"
"Thumbnail\t_cg21_3.png",".png","77129"
"Thumbnail\t_cg21_4.png",".png","77580"
"Thumbnail\t_cg22_0.png",".png","81252"
"Thumbnail\t_cg22_1.png",".png","81293"
"Thumbnail\t_cg23_0.png",".png","91758"
"Thumbnail\t_cg23_1.png",".png","91299"
"Thumbnail\t_cg23_2.png",".png","91406"
"Thumbnail\t_cg23_3.png",".png","91708"
"Thumbnail\t_cg23_4.png",".png","91626"
"Thumbnail\t_cg24_0.png",".png","86270"
"Thumbnail\t_cg24_1.png",".png","86345"
"Thumbnail\t_cg24_2.png",".png","86318"
"Thumbnail\t_cg24_3.png",".png","86249"
"Thumbnail\t_cg25_0.png",".png","75741"
"Thumbnail\t_cg25_1.png",".png","75578"
"Thumbnail\t_cg25_2.png",".png","75908"
"Thumbnail\t_cg25_3.png",".png","75900"
"Thumbnail\t_cg25_4.png",".png","75751"
"Thumbnail\t_cg26_0.png",".png","76353"
"Thumbnail\t_cg26_1.png",".png","76214"
"Thumbnail\t_cg26_2.png",".png","76246"
"Thumbnail\t_cg27_0.png",".png","76248"
"Thumbnail\t_cg27_1.png",".png","76250"
"Thumbnail\t_cg27_2.png",".png","76281"
"Thumbnail\t_cg27_3.png",".png","76215"
"Thumbnail\t_cg27_4.png",".png","76314"
"Thumbnail\t_cg28_0.png",".png","83019"
"Thumbnail\t_cg28_1.png",".png","83045"
"Thumbnail\t_cg28_2.png",".png","83092"
"Thumbnail\t_cg28_3.png",".png","83124"
"Thumbnail\t_cg28_4.png",".png","83022"
"Thumbnail\t_cg29_0.png",".png","95666"
"Thumbnail\t_cg29_1.png",".png","95630"
"Thumbnail\t_cg29_2.png",".png","95505"
"Thumbnail\t_cg30_0.png",".png","95845"
"Thumbnail\t_cg30_1.png",".png","95790"
"Thumbnail\t_cg30_2.png",".png","95843"
"Thumbnail\t_cg30_3.png",".png","95819"
"Thumbnail\t_cg31_0.png",".png","82761"
"Thumbnail\t_cg31_1.png",".png","82688"
"Thumbnail\t_cg31_2.png",".png","82139"
"Thumbnail\t_cg31_3.png",".png","82596"
"Thumbnail\t_cg32_0.png",".png","61516"
"Thumbnail\t_cg32_1.png",".png","61564"
"Thumbnail\t_cg32_2.png",".png","61560"
"Thumbnail\t_cg32_3.png",".png","61546"
"Thumbnail\t_cg32_4.png",".png","61333"
"Thumbnail\t_cg33_0.png",".png","92128"
"Thumbnail\t_cg33_1.png",".png","92268"
"Thumbnail\t_cg33_2.png",".png","92221"
"Thumbnail\t_cg33_3.png",".png","92048"
"Thumbnail\t_cg33_4.png",".png","92037"
"Thumbnail\t_cg34_0.png",".png","86507"
"Thumbnail\t_cg34_1.png",".png","86599"
"Thumbnail\t_cg34_2.png",".png","86568"
"Thumbnail\t_cg34_3.png",".png","87128"
"Thumbnail\t_cg34_4.png",".png","90252"
"Thumbnail\t_cg34_5.png",".png","90308"
"Thumbnail\t_cg34_6.png",".png","90223"
"Thumbnail\t_cg34_7.png",".png","88057"
"Thumbnail\t_cg34_8.png",".png","82120"
"Thumbnail\t_cg35_0.png",".png","94181"
"Thumbnail\t_cg35_1.png",".png","94232"
"Thumbnail\t_cg35_2.png",".png","94206"
"Thumbnail\t_cg35_3.png",".png","94244"
"Thumbnail\t_cg35_4.png",".png","94196"
"Thumbnail\t_cg36_0.png",".png","77664"
"Thumbnail\t_cg36_1.png",".png","77734"
"Thumbnail\t_cg36_2.png",".png","77877"
"Thumbnail\t_cg36_3.png",".png","77668"
"Thumbnail\t_cg36_4.png",".png","77826"
"Thumbnail\t_cg36_5.png",".png","77797"
"Thumbnail\t_cg36_6.png",".png","77659"
"Thumbnail\t_cg36_7.png",".png","77750"
"Thumbnail\t_cg37_0.png",".png","78955"
"Thumbnail\t_cg37_1.png",".png","78969"
"Thumbnail\t_cg37_2.png",".png","78887"
"Thumbnail\t_cg37_3.png",".png","78921"
"Thumbnail\t_cg37_4.png",".png","78843"
"Thumbnail\t_cg38_0.png",".png","77084"
"Thumbnail\t_cg38_1.png",".png","77092"
"Thumbnail\t_cg38_2.png",".png","77085"
"Thumbnail\t_cg39_0.png",".png","90905"
"Thumbnail\t_cg39_1.png",".png","91154"
"Thumbnail\t_cg39_2.png",".png","90957"
"Thumbnail\t_cg39_3.png",".png","90503"
"Thumbnail\t_cg40_0.png",".png","66956"
"Thumbnail\t_cg40_1.png",".png","80859"
"Thumbnail\t_cg40_2.png",".png","80846"
"Thumbnail\t_cg41_0.png",".png","90235"
"Thumbnail\t_cg41_1.png",".png","90560"
"Thumbnail\t_cg41_2.png",".png","90478"
"Thumbnail\t_cg42_0.png",".png","89745"
"Thumbnail\t_cg42_1.png",".png","89683"
"Thumbnail\t_cg42_2.png",".png","89329"
"Thumbnail\t_cg43_0.png",".png","93829"
"Thumbnail\t_cg43_1.png",".png","94026"
"Thumbnail\t_cg43_2.png",".png","93907"
"Thumbnail\t_cg43_3.png",".png","94190"
"Thumbnail\t_cg43_4.png",".png","93332"
"Thumbnail\t_cg43_5.png",".png","94236"
"Thumbnail\t_cg44_0.png",".png","86387"
"Thumbnail\t_cg44_0a.png",".png","89129"
"Thumbnail\t_cg44_1.png",".png","86406"
"Thumbnail\t_cg44_1a.png",".png","89105"
"Thumbnail\t_cg44_2.png",".png","86375"
"Thumbnail\t_cg44_2a.png",".png","89090"
"Thumbnail\t_cg45_0.png",".png","84915"
"Thumbnail\t_cg45_1.png",".png","84917"
"Thumbnail\t_cg45_2.png",".png","83838"
"Thumbnail\t_cg45_3.png",".png","84197"
"Thumbnail\t_cg46_0.png",".png","72529"
"Thumbnail\t_cg46_1.png",".png","72467"
"Thumbnail\t_cg46_2.png",".png","72418"
"Thumbnail\t_cg46_3.png",".png","72550"
"Thumbnail\t_cg46_4.png",".png","72567"
"Thumbnail\t_cg46_5.png",".png","72515"
"Thumbnail\t_cg46_6.png",".png","72538"
"Thumbnail\t_cg46_7.png",".png","72576"
"Thumbnail\t_cg47_0.png",".png","87886"
"Thumbnail\t_cg47_1.png",".png","87776"
"Thumbnail\t_cg47_2.png",".png","87898"
"Thumbnail\t_cg47_3.png",".png","87649"
"Thumbnail\t_cg48_0.png",".png","75744"
"Thumbnail\t_cg48_1.png",".png","75777"
"Thumbnail\t_cg48_2.png",".png","75792"
"Thumbnail\t_cg48_3.png",".png","75635"
"Thumbnail\t_cg48_4.png",".png","75570"
"Thumbnail\t_cg49_0.png",".png","74691"
"Thumbnail\t_cg49_1.png",".png","74696"
"Thumbnail\t_cg49_2.png",".png","74510"
"Thumbnail\t_cg49_3.png",".png","74791"
"Thumbnail\t_cg50_0.png",".png","86276"
"Thumbnail\t_cg50_1.png",".png","86225"
"Thumbnail\t_cg50_2.png",".png","86311"
"Thumbnail\t_cg50_3.png",".png","86311"
"Thumbnail\t_cg51_0.png",".png","89683"
"Thumbnail\t_cg51_1.png",".png","89738"
"Thumbnail\t_cg51_2.png",".png","89951"
"Thumbnail\t_cg52_0.png",".png","90148"
"Thumbnail\t_cg52_1.png",".png","90192"
"Thumbnail\t_cg52_2.png",".png","90138"
"Thumbnail\t_cg52_3.png",".png","90124"
"Thumbnail\t_cg53_0.png",".png","66625"
"Thumbnail\t_cg53_1.png",".png","66406"
"Thumbnail\t_cg53_2.png",".png","66586"
"Thumbnail\t_cg54_0.png",".png","84443"
"Thumbnail\t_cg54_1.png",".png","84825"
"Thumbnail\t_cg54_10.png",".png","84762"
"Thumbnail\t_cg54_11.png",".png","84781"
"Thumbnail\t_cg54_12.png",".png","84791"
"Thumbnail\t_cg54_13.png",".png","84706"
"Thumbnail\t_cg54_14.png",".png","84778"
"Thumbnail\t_cg54_15.png",".png","84788"
"Thumbnail\t_cg54_16.png",".png","84874"
"Thumbnail\t_cg54_17.png",".png","84526"
"Thumbnail\t_cg54_18.png",".png","84484"
"Thumbnail\t_cg54_19.png",".png","85029"
"Thumbnail\t_cg54_2.png",".png","84984"
"Thumbnail\t_cg54_3.png",".png","83624"
"Thumbnail\t_cg54_4.png",".png","83766"
"Thumbnail\t_cg54_5.png",".png","83683"
"Thumbnail\t_cg54_6.png",".png","84834"
"Thumbnail\t_cg54_7.png",".png","84828"
"Thumbnail\t_cg54_8.png",".png","83622"
"Thumbnail\t_cg54_9.png",".png","84753"
"Thumbnail\t_cg55_0.png",".png","95776"
"Thumbnail\t_cg55_1.png",".png","95847"
"Thumbnail\t_cg55_10.png",".png","95779"
"Thumbnail\t_cg55_11.png",".png","84512"
"Thumbnail\t_cg55_12.png",".png","84467"
"Thumbnail\t_cg55_13.png",".png","84489"
"Thumbnail\t_cg55_14.png",".png","84511"
"Thumbnail\t_cg55_2.png",".png","95870"
"Thumbnail\t_cg55_3.png",".png","95896"
"Thumbnail\t_cg55_4.png",".png","95782"
"Thumbnail\t_cg55_5.png",".png","95870"
"Thumbnail\t_cg55_6.png",".png","95797"
"Thumbnail\t_cg55_7.png",".png","95900"
"Thumbnail\t_cg55_8.png",".png","95836"
"Thumbnail\t_cg55_9.png",".png","95748"
"Thumbnail\t_cg56_0.png",".png","74383"
"Thumbnail\t_cg56_1.png",".png","74382"
"Thumbnail\t_cg56_2.png",".png","74443"
"Thumbnail\t_cg56_3.png",".png","74388"
"Thumbnail\t_cg57_0.png",".png","85673"
"Thumbnail\t_cg57_1.png",".png","85623"
"Thumbnail\t_cg57_2.png",".png","85739"
"Thumbnail\t_cg57_3.png",".png","85735"
"Thumbnail\t_cg58_0.png",".png","89276"
"Thumbnail\t_cg58_1.png",".png","89269"
"Thumbnail\t_cg58_2.png",".png","89275"
"Thumbnail\t_cg58_3.png",".png","89298"
"Thumbnail\t_cg58_4.png",".png","89101"
"Thumbnail\t_cg58_5.png",".png","89049"
"Thumbnail\t_cg59_0.png",".png","97405"
"Thumbnail\t_cg59_1.png",".png","83684"
"Thumbnail\t_cg59_10.png",".png","97375"
"Thumbnail\t_cg59_11.png",".png","97361"
"Thumbnail\t_cg59_12.png",".png","97224"
"Thumbnail\t_cg59_13.png",".png","97244"
"Thumbnail\t_cg59_2.png",".png","83653"
"Thumbnail\t_cg59_3.png",".png","83688"
"Thumbnail\t_cg59_4.png",".png","83604"
"Thumbnail\t_cg59_5.png",".png","91735"
"Thumbnail\t_cg59_6.png",".png","91667"
"Thumbnail\t_cg59_7.png",".png","91634"
"Thumbnail\t_cg59_8.png",".png","91697"
"Thumbnail\t_cg59_9.png",".png","91815"
"Thumbnail\t_cg81_0.png",".png","79392"
"Thumbnail\t_cg81_1.png",".png","79454"
"Thumbnail\t_cg81_2.png",".png","78561"
"Thumbnail\t_cg81_3.png",".png","79134"
"Thumbnail\t_cg81_4.png",".png","79277"
"Thumbnail\t_cg81_5.png",".png","79454"
"Thumbnail\t_cg82_0.png",".png","67638"
"Thumbnail\t_cg82_1.png",".png","67614"
"Thumbnail\t_cg83_0.png",".png","67013"
"Thumbnail\t_cg83_1.png",".png","66925"
"Thumbnail\t_cg84_0.png",".png","65945"
"Thumbnail\t_cg84_1.png",".png","65889"
"Thumbnail\t_cg85_0.png",".png","71287"
"Thumbnail\t_cg85_1.png",".png","71272"
"Thumbnail\t_cg85_2.png",".png","71330"
"Thumbnail\t_cg85_3.png",".png","71295"
"Thumbnail\t_cs01a.png",".png","78714"
"Thumbnail\t_cs01b.png",".png","78921"
"Thumbnail\t_cs01c.png",".png","77762"
"Thumbnail\t_cs01d.png",".png","78896"
"Thumbnail\t_cs02a.png",".png","82569"
"Thumbnail\t_cs02b.png",".png","82817"
"Thumbnail\t_cs02c.png",".png","82825"
"Thumbnail\t_cs02d.png",".png","81867"
"Thumbnail\t_cs03a.png",".png","77032"
"Thumbnail\t_cs03b.png",".png","76974"
"Thumbnail\t_cs03c.png",".png","75935"
"Thumbnail\t_cs04a.png",".png","70452"
"Thumbnail\t_cs04b.png",".png","70601"
"Thumbnail\t_cs04c.png",".png","70051"
"Thumbnail\t_cs05a.png",".png","75583"
"Thumbnail\t_cs05b.png",".png","75574"
"Thumbnail\t_cs05c.png",".png","75575"
"Thumbnail\t_cs05d.png",".png","75671"
"Thumbnail\t_cs05e.png",".png","75380"
"Thumbnail\t_eff_act1view01.png",".png","50872"
"Thumbnail\t_eff_act1view01a.png",".png","38135"
"Thumbnail\t_eff_act1view02.png",".png","52918"
"Thumbnail\t_eff_act1view03.png",".png","22073"
"Thumbnail\t_eff_act1view04.png",".png","48941"
"Thumbnail\t_eff_act1view07.png",".png","49812"
"Thumbnail\t_eff_act1view08.png",".png","46771"
"Thumbnail\t_eff_act1view09.png",".png","51474"
"Thumbnail\t_eff_act1view10.png",".png","45080"
"Thumbnail\t_eff_act1view10a.png",".png","49656"
"Thumbnail\t_eff_act1view11.png",".png","47122"
"Thumbnail\t_eff_act1view12.png",".png","60241"
"Thumbnail\t_eff_act1view13.png",".png","53698"
"Thumbnail\t_eff_act1view14.png",".png","60369"
"Thumbnail\t_eff_act1view15.png",".png","56911"
"Thumbnail\t_eff_act1view16.png",".png","26609"
"Thumbnail\t_eff_act1view17.png",".png","34123"
"Thumbnail\t_eff_act1view18.png",".png","35180"
"Thumbnail\t_eff_act1view19.png",".png","23966"
"Thumbnail\t_eff_act2view01.png",".png","108572"
"Thumbnail\t_eff_act2view02.png",".png","26259"
"Thumbnail\t_eff_act2view03.png",".png","33967"
"Thumbnail\t_eff_act2view04.png",".png","33686"
"Thumbnail\t_eff_act2view05.png",".png","45104"
"Thumbnail\t_eff_act2view06.png",".png","63416"
"Thumbnail\t_eff_act2view07.png",".png","73512"
"Thumbnail\t_eff_act2view08.png",".png","73500"
"Thumbnail\t_eff_act2view09.png",".png","81249"
"Thumbnail\t_eff_act2view10.png",".png","80871"
"Thumbnail\t_eff_act2view11.png",".png","80749"
"Thumbnail\t_eff_act2view12.png",".png","80953"
"Thumbnail\t_eff_act2view13.png",".png","81748"
"Thumbnail\t_eff_act2view14.png",".png","81734"
"Thumbnail\t_eff_act2view15.png",".png","81897"
"Thumbnail\t_eff_act2view16.png",".png","81426"
"Thumbnail\t_eff_act2view17.png",".png","81741"
"Thumbnail\t_eff_act2view18.png",".png","81741"
"Thumbnail\t_eff_act2view19.png",".png","81840"
"Thumbnail\t_eff_act2view20.png",".png","80895"
"Thumbnail\t_eff_act2view21.png",".png","81023"
"Thumbnail\t_eff_act2view22.png",".png","80761"
"Thumbnail\t_eff_act2view23.png",".png","80539"
"Thumbnail\t_eff_act2view24.png",".png","80886"
"Thumbnail\t_eff_act2view25.png",".png","81017"
"Thumbnail\t_eff_act2view26.png",".png","80476"
"Thumbnail\t_eff_act2view27.png",".png","45856"
"Thumbnail\t_eff_act2view28.png",".png","70297"
"Thumbnail\t_eff_act2view28a.png",".png","70438"
"Thumbnail\t_eff_act2view29.png",".png","78706"
"Thumbnail\t_eff_act2view30.png",".png","87810"
"Thumbnail\t_eff_act2view31.png",".png","63125"
"Thumbnail\t_eff_act2view32.png",".png","43473"
"Thumbnail\t_eff_act2view33.png",".png","32928"
"Thumbnail\t_eff_act2view34.png",".png","50806"
"Thumbnail\t_eff_act2view35.png",".png","63865"
"Thumbnail\t_eff_act2view36.png",".png","57093"
"Thumbnail\t_eff_act2view37.png",".png","54086"
"Thumbnail\t_eff_cg01_0_l.png",".png","84302"
"Thumbnail\t_eff_cg01_0_o.png",".png","62411"
"Thumbnail\t_eff_cg01_0_o2.png",".png","50110"
"Thumbnail\t_eff_cg01_1_l.png",".png","84164"
"Thumbnail\t_eff_cg01_1s.png",".png","108494"
"Thumbnail\t_eff_cg01_2_l.png",".png","83573"
"Thumbnail\t_eff_cg01_2_ls.png",".png","100963"
"Thumbnail\t_eff_cg01_3_l.png",".png","83790"
"Thumbnail\t_eff_cg02_2s.png",".png","90611"
"Thumbnail\t_eff_cg02_3a.png",".png","75905"
"Thumbnail\t_eff_cg05_1l.png",".png","82733"
"Thumbnail\t_eff_cg05_1s.png",".png","100278"
"Thumbnail\t_eff_cg05_2l.png",".png","82615"
"Thumbnail\t_eff_cg05_3l.png",".png","83326"
"Thumbnail\t_eff_cg05_3s.png",".png","100270"
"Thumbnail\t_eff_cg06_1l.png",".png","67001"
"Thumbnail\t_eff_cg06_3l.png",".png","66768"
"Thumbnail\t_eff_cg43_2a.png",".png","41572"
"Thumbnail\t_eff_cg80frameb_0.png",".png","25790"
"Thumbnail\t_eff_cg80frameb_1.png",".png","25366"
"Thumbnail\t_eff_cg80frameb_2.png",".png","25733"
"Thumbnail\t_eff_eyecatch1.png",".png","74521"
"Thumbnail\t_eff_eyecatch2.png",".png","81211"
"Thumbnail\t_eff_eyecatch3.png",".png","73166"
"Thumbnail\t_eff_eyecatch4.png",".png","76254"
"Thumbnail\t_eff_eyecatch5.png",".png","80131"
"Thumbnail\t_eff_eyecatch6.png",".png","76903"
"Thumbnail\t_eff_eyecatch6b.png",".png","88203"
"Thumbnail\t_eff_eyecatch7.png",".png","63341"
"Thumbnail\t_eff_eyecatch7b.png",".png","83129"
"Thumbnail\t_eff_eyecatch8.png",".png","81711"
"Thumbnail\t_eff_eyecatch8b.png",".png","77399"
"Thumbnail\t_eff_eyecatch9.png",".png","79859"
"Thumbnail\t_eff_grayroom01.png",".png","18458"
"Thumbnail\t_eff_grayroom02.png",".png","35060"
"Thumbnail\t_eff_grayroom03.png",".png","41261"
"Thumbnail\t_eff_keikoba_blackl.png",".png","76981"
"Thumbnail\t_eff_keikoba_blackl2.png",".png","49128"
"Thumbnail\t_eff_kohakuend.png",".png","67235"
"Thumbnail\t_eff_meguriend.png",".png","75999"
"Thumbnail\t_eff_memfutaba0.png",".png","54029"
"Thumbnail\t_eff_memfutaba0a.png",".png","96287"
"Thumbnail\t_eff_memfutaba0b.png",".png","54133"
"Thumbnail\t_eff_memfutaba1.png",".png","89797"
"Thumbnail\t_eff_memkohaku1.png",".png","38004"
"Thumbnail\t_eff_memkohaku2.png",".png","40952"
"Thumbnail\t_eff_memkohaku3.png",".png","41863"
"Thumbnail\t_eff_memoboro.png",".png","37120"
"Thumbnail\t_eff_memoboroold1a.png",".png","80008"
"Thumbnail\t_eff_memoboroold1b.png",".png","35230"
"Thumbnail\t_eff_memrairai0_1.png",".png","16597"
"Thumbnail\t_eff_memrairai0_1a.png",".png","40415"
"Thumbnail\t_eff_memrairai0_2.png",".png","16204"
"Thumbnail\t_eff_memrairai0_2a.png",".png","36947"
"Thumbnail\t_eff_memrairai0.png",".png","41153"
"Thumbnail\t_eff_memrairai0a.png",".png","86779"
"Thumbnail\t_eff_monologue.png",".png","27873"
"Thumbnail\t_eff_nananaend.png",".png","71913"
"Thumbnail\t_eff_nananaview1.png",".png","52941"
"Thumbnail\t_eff_nananaview3.png",".png","23058"
"Thumbnail\t_eff_nananaviewmirror.png",".png","37626"
"Thumbnail\t_eff_okujoumirror_a.png",".png","25647"
"Thumbnail\t_eff_okujoumirror_b.png",".png","31839"
"Thumbnail\t_eff_oldmem0.png",".png","91970"
"Thumbnail\t_eff_oldmem0a.png",".png","97170"
"Thumbnail\t_eff_oldmem0b.png",".png","100573"
"Thumbnail\t_eff_oldmem1.png",".png","42641"
"Thumbnail\t_eff_oldmem2.png",".png","40768"
"Thumbnail\t_eff_oldmem3.png",".png","24954"
"Thumbnail\t_eff_oldmem4.png",".png","89189"
"Thumbnail\t_eff_oldmemenjou.png",".png","55623"
"Thumbnail\t_eff_oldmemfutaba0_1.png",".png","37245"
"Thumbnail\t_eff_oldmemfutaba0_2.png",".png","37177"
"Thumbnail\t_eff_oldmemhana0_1.png",".png","28665"
"Thumbnail\t_eff_oldmemhana0_1a.png",".png","74573"
"Thumbnail\t_eff_oldmemhana0.png",".png","67373"
"Thumbnail\t_eff_oldmemhana0a.png",".png","106123"
"Thumbnail\t_eff_oldmemhyouko0_1.png",".png","27854"
"Thumbnail\t_eff_oldmemhyouko0_2.png",".png","25801"
"Thumbnail\t_eff_oldmemhyouko0.png",".png","60865"
"Thumbnail\t_eff_oldmemhyouko00.png",".png","60865"
"Thumbnail\t_eff_oldmemhyouko0a.png",".png","59600"
"Thumbnail\t_eff_oldmemhyouko1_1.png",".png","55779"
"Thumbnail\t_eff_oldmemhyouko1_2.png",".png","50770"
"Thumbnail\t_eff_oldmemhyouko1.png",".png","94379"
"Thumbnail\t_eff_oldmemhyoukoback0.png",".png","56122"
"Thumbnail\t_eff_oldmemhyoukoback1.png",".png","71999"
"Thumbnail\t_eff_oldmemhyoukoback2.png",".png","79214"
"Thumbnail\t_eff_oldmemhyoukoback3.png",".png","48233"
"Thumbnail\t_eff_oldmemkohaku1.png",".png","46096"
"Thumbnail\t_eff_oldmemkohaku2.png",".png","75290"
"Thumbnail\t_eff_oldmemkohaku3.png",".png","24118"
"Thumbnail\t_eff_oldmemkohaku3a.png",".png","47544"
"Thumbnail\t_eff_oldmemmeguri0.png",".png","54964"
"Thumbnail\t_eff_oldmemmeguri0a.png",".png","54211"
"Thumbnail\t_eff_oldmemmeguri0b.png",".png","30799"
"Thumbnail\t_eff_oldmemmeguri0c.png",".png","95649"
"Thumbnail\t_eff_oldmemmeguri0d.png",".png","91264"
"Thumbnail\t_eff_oldmemmeguri1.png",".png","88086"
"Thumbnail\t_eff_oldmemmeguri1a.png",".png","88990"
"Thumbnail\t_eff_oldmemmegurichild0.png",".png","55841"
"Thumbnail\t_eff_oldmemmegurichild0a.png",".png","32758"
"Thumbnail\t_eff_oldmemmegurichild0b.png",".png","98472"
"Thumbnail\t_eff_oldmemmegurichild1.png",".png","56013"
"Thumbnail\t_eff_oldmemmegurichild1a.png",".png","98625"
"Thumbnail\t_eff_oldmemmegurichild2.png",".png","90540"
"Thumbnail\t_eff_oldmemmegurichild2a.png",".png","52944"
"Thumbnail\t_eff_oldmemmegurichild3.png",".png","90616"
"Thumbnail\t_eff_oldmemmiku0.png",".png","60112"
"Thumbnail\t_eff_oldmemmiku0a.png",".png","26629"
"Thumbnail\t_eff_oldmemmiku0b.png",".png","26271"
"Thumbnail\t_eff_oldmemmiku0c.png",".png","103471"
"Thumbnail\t_eff_oldmemmiku0d.png",".png","59684"
"Thumbnail\t_eff_oldmemmiku1.png",".png","86691"
"Thumbnail\t_eff_oldmemmiku1a.png",".png","47573"
"Thumbnail\t_eff_oldmemmiku1b.png",".png","48872"
"Thumbnail\t_eff_oldmemmikuang0.png",".png","49477"
"Thumbnail\t_eff_oldmemmikuang0a.png",".png","49511"
"Thumbnail\t_eff_oldmemmikuang0b.png",".png","65257"
"Thumbnail\t_eff_oldmemmikuang0c.png",".png","65236"
"Thumbnail\t_eff_oldmemmikuang1.png",".png","80792"
"Thumbnail\t_eff_oldmemmikuang2.png",".png","80802"
"Thumbnail\t_eff_oldmemnanana0_1.png",".png","26749"
"Thumbnail\t_eff_oldmemnanana0_2.png",".png","29758"
"Thumbnail\t_eff_oldmemnanana0_2a.png",".png","62931"
"Thumbnail\t_eff_oldmemnanana0.png",".png","61900"
"Thumbnail\t_eff_oldmemnanana0a.png",".png","96737"
"Thumbnail\t_eff_oldmemnanana0b.png",".png","97403"
"Thumbnail\t_eff_oldmemnanana0c.png",".png","39796"
"Thumbnail\t_eff_oldmemnanana1_1.png",".png","39337"
"Thumbnail\t_eff_oldmemnanana1_2.png",".png","49450"
"Thumbnail\t_eff_oldmemnanana1.png",".png","89183"
"Thumbnail\t_eff_oldmemrize0_1.png",".png","21894"
"Thumbnail\t_eff_oldmemrize0_1a.png",".png","63603"
"Thumbnail\t_eff_oldmemrize0_2.png",".png","20615"
"Thumbnail\t_eff_oldmemrize0.png",".png","58635"
"Thumbnail\t_eff_oldmemrize1_1.png",".png","44080"
"Thumbnail\t_eff_oldmemrize1_2.png",".png","41577"
"Thumbnail\t_eff_oldmemrize1.png",".png","83487"
"Thumbnail\t_eff_oldmemyuurn0.png",".png","53057"
"Thumbnail\t_eff_oldmemyuurn0a.png",".png","83376"
"Thumbnail\t_eff_oldmemyuurn1.png",".png","79962"
"Thumbnail\t_eff_oldmemyuurn2.png",".png","50632"
"Thumbnail\t_eff_oldmemyuurn3.png",".png","78165"
"Thumbnail\t_eff_philia00.png",".png","57603"
"Thumbnail\t_eff_philia01.png",".png","63375"
"Thumbnail\t_eff_philia02.png",".png","63245"
"Thumbnail\t_eff_philia03.png",".png","65669"
"Thumbnail\t_eff_philia04.png",".png","81316"
"Thumbnail\t_eff_philia05.png",".png","81401"
"Thumbnail\t_eff_philia06.png",".png","81425"
"Thumbnail\t_eff_philia07.png",".png","81301"
"Thumbnail\t_eff_philia08.png",".png","83323"
"Thumbnail\t_eff_philia09.png",".png","83244"
"Thumbnail\t_eff_philia10.png",".png","39257"
"Thumbnail\t_eff_philia11.png",".png","38986"
"Thumbnail\t_eff_philia12.png",".png","67930"
"Thumbnail\t_eff_philia14.png",".png","82828"
"Thumbnail\t_eff_philia16.png",".png","87605"
"Thumbnail\t_eff_philia17.png",".png","87557"
"Thumbnail\t_eff_philia18.png",".png","87591"
"Thumbnail\t_eff_philia18a.png",".png","36941"
"Thumbnail\t_eff_philia19.png",".png","96484"
"Thumbnail\t_eff_philia20.png",".png","96608"
"Thumbnail\t_eff_philia21.png",".png","95530"
"Thumbnail\t_eff_philia22.png",".png","96621"
"Thumbnail\t_eff_philia23.png",".png","87765"
"Thumbnail\t_eff_philia24.png",".png","87768"
"Thumbnail\t_eff_philia25.png",".png","20527"
"Thumbnail\t_eff_philia26.png",".png","27418"
"Thumbnail\t_eff_philia27.png",".png","24524"
"Thumbnail\t_eff_philia28.png",".png","92879"
"Thumbnail\t_eff_philia29.png",".png","98211"
"Thumbnail\t_eff_philia30.png",".png","96491"
"Thumbnail\t_eff_philia31.png",".png","96516"
"Thumbnail\t_eff_philia32.png",".png","89387"
"Thumbnail\t_eff_philia33.png",".png","91821"
"Thumbnail\t_eff_philia34.png",".png","91665"
"Thumbnail\t_eff_philia35.png",".png","91666"
"Thumbnail\t_eff_philia36.png",".png","87442"
"Thumbnail\t_eff_philia37.png",".png","87445"
"Thumbnail\t_eff_philia38.png",".png","87523"
"Thumbnail\t_eff_philia39.png",".png","87642"
"Thumbnail\t_eff_philia40.png",".png","79895"
"Thumbnail\t_eff_philia41.png",".png","79877"
"Thumbnail\t_eff_philia42.png",".png","86866"
"Thumbnail\t_eff_philia43.png",".png","87021"
"Thumbnail\t_eff_philia44.png",".png","86875"
"Thumbnail\t_eff_philia45.png",".png","86862"
"Thumbnail\t_eff_philia46.png",".png","86974"
"Thumbnail\t_eff_philia47.png",".png","86852"
"Thumbnail\t_eff_philia48.png",".png","86863"
"Thumbnail\t_eff_philia49.png",".png","97086"
"Thumbnail\t_eff_philia50.png",".png","97062"
"Thumbnail\t_eff_rairaienjoumirror.png",".png","36679"
"Thumbnail\t_eff_redroom01.png",".png","50518"
"Thumbnail\t_eff_redroom02.png",".png","52454"
"Thumbnail\t_eff_redroom03.png",".png","54007"
"Thumbnail\t_eff_redroom04.png",".png","54787"
"Thumbnail\t_eff_redroom05.png",".png","55922"
"Thumbnail\t_eff_redroom06.png",".png","58583"
"Thumbnail\t_eff_redroom08.png",".png","81923"
"Thumbnail\t_eff_redroom09.png",".png","81502"
"Thumbnail\t_eff_redroom10.png",".png","82402"
"Thumbnail\t_eff_redroom11.png",".png","81752"
"Thumbnail\t_eff_redroom12.png",".png","52428"
"Thumbnail\t_eff_redroom14.png",".png","49858"
"Thumbnail\t_eff_redroom15.png",".png","51508"
"Thumbnail\t_eff_redroom16.png",".png","49568"
"Thumbnail\t_eff_redroom18.png",".png","49394"
"Thumbnail\t_eff_redroom23.png",".png","52140"
"Thumbnail\t_eff_redroom23a.png",".png","59191"
"Thumbnail\t_eff_redroom24.png",".png","81431"
"Thumbnail\t_eff_redroom24a.png",".png","57162"
"Thumbnail\t_eff_redroom25.png",".png","81912"
"Thumbnail\t_eff_redroom25a.png",".png","83290"
"Thumbnail\t_eff_redroom26.png",".png","52260"
"Thumbnail\t_eff_redroom27.png",".png","52899"
"Thumbnail\t_eff_redroom28.png",".png","82983"
"Thumbnail\t_eff_redroom29.png",".png","83047"
"Thumbnail\t_eff_redroom30.png",".png","62237"
"Thumbnail\t_eff_redroom31.png",".png","62238"
"Thumbnail\t_eff_redroom32.png",".png","62071"
"Thumbnail\t_eff_redroom33.png",".png","54148"
"Thumbnail\t_eff_redroom34.png",".png","57996"
"Thumbnail\t_eff_redroom35.png",".png","28123"
"Thumbnail\t_eff_redroom36.png",".png","80822"
"Thumbnail\t_eff_redroom37.png",".png","81400"
"Thumbnail\t_eff_redroom38.png",".png","30032"
"Thumbnail\t_eff_redroom39.png",".png","32161"
"Thumbnail\t_eff_redroomblack.png",".png","23539"
"Thumbnail\t_eff_rizeend.png",".png","79244"
"Thumbnail\t_eff_rizeview00.png",".png","49321"
"Thumbnail\t_eff_rizeview01.png",".png","39603"
"Thumbnail\t_eff_rizeview02.png",".png","39820"
"Thumbnail\t_eff_rizeview03.png",".png","42268"
"Thumbnail\t_eff_rizeview04.png",".png","54923"
"Thumbnail\t_eff_view7_0.png",".png","23125"
"Thumbnail\t_eff_vire7_1.png",".png","25486"
"Thumbnail\t_eff_whiteroom00.png",".png","98162"
"Thumbnail\t_eff_whiteroom01.png",".png","33472"
"Thumbnail\t_eff_whiteroom02.png",".png","33320"
"Thumbnail\t_eff_whiteroom03.png",".png","24419"
"Thumbnail\t_eff_whiteroom04.png",".png","47170"
"Thumbnail\t_eff_whiteroom05.png",".png","63941"
"Thumbnail\t_eff_whiteroom06.png",".png","23815"
"Thumbnail\t_eff_whiteroom06a.png",".png","32391"
"Thumbnail\t_eff_whiteroom06b.png",".png","64553"
"Thumbnail\t_eff_whiteroom06c.png",".png","49080"
"Thumbnail\t_eff_whiteroom06d.png",".png","54212"
"Thumbnail\t_eff_whiteroom07.png",".png","47676"
"Thumbnail\t_eff_whiteroom08.png",".png","51271"
"Thumbnail\t_visual_black.png",".png","445"
"Thumbnail\t_visual_blue.png",".png","445"
"Thumbnail\t_visual_cgmode.png",".png","39592"
"Thumbnail\t_visual_eventmode.png",".png","41956"
"Thumbnail\t_visual_green.png",".png","466"
"Thumbnail\t_visual_musicmode.png",".png","38166"
"Thumbnail\t_visual_red.png",".png","445"
"Thumbnail\t_visual_white.png",".png","442"
"Visual\bg_anten.png",".png","9757"
"Visual\bg_butai_enjou0.png",".png","3857343"
"Visual\bg_butai_enjou1.png",".png","3445536"
"Visual\bg_butai_enjou2.png",".png","3544559"
"Visual\bg_butai_enjouadd0.png",".png","4202299"
"Visual\bg_butai_enjouadd1.png",".png","3816041"
"Visual\bg_butai_enjouadd2.png",".png","3952258"
"Visual\bg_butai_maku_seki.png",".png","1491770"
"Visual\bg_butai_maku_stage.png",".png","1617532"
"Visual\bg_butai_maku.png",".png","1772248"
"Visual\bg_butai_seki.png",".png","1276997"
"Visual\bg_butai_stage.png",".png","1573968"
"Visual\bg_butai.png",".png","1453701"
"Visual\bg_gakuya_l.png",".png","1057737"
"Visual\bg_gakuya_r.png",".png","1045270"
"Visual\bg_gakuya.png",".png","1102687"
"Visual\bg_jishitsu_l.png",".png","1705726"
"Visual\bg_jishitsu_r.png",".png","1647532"
"Visual\bg_jishitsu.png",".png","1798211"
"Visual\bg_keikoba_l.png",".png","2332599"
"Visual\bg_keikoba_la.png",".png","704115"
"Visual\bg_keikoba_r.png",".png","2366695"
"Visual\bg_keikoba.png",".png","2281696"
"Visual\bg_kissa_counter.png",".png","1930733"
"Visual\bg_kissa_table.png",".png","1958323"
"Visual\bg_kissa.png",".png","2158341"
"Visual\bg_kouen_ev_l.png",".png","4131804"
"Visual\bg_kouen_ev_r.png",".png","3748559"
"Visual\bg_kouen_ev.png",".png","4296864"
"Visual\bg_kouen_l.png",".png","4137100"
"Visual\bg_kouen_ni_l.png",".png","3267177"
"Visual\bg_kouen_ni_r.png",".png","2809008"
"Visual\bg_kouen_ni.png",".png","3507873"
"Visual\bg_kouen_r.png",".png","3850736"
"Visual\bg_kouen.png",".png","4404300"
"Visual\bg_kyoshitsu_ev_l.png",".png","2052084"
"Visual\bg_kyoshitsu_ev_r.png",".png","2015560"
"Visual\bg_kyoshitsu_ev.png",".png","2235954"
"Visual\bg_kyoshitsu_l.png",".png","2131559"
"Visual\bg_kyoshitsu_r.png",".png","2051008"
"Visual\bg_kyoshitsu.png",".png","2278480"
"Visual\bg_machi_ev_l.png",".png","3862877"
"Visual\bg_machi_ev_r.png",".png","3539731"
"Visual\bg_machi_ev.png",".png","3662128"
"Visual\bg_machi_l.png",".png","3133213"
"Visual\bg_machi_ni_l.png",".png","2428982"
"Visual\bg_machi_ni_r.png",".png","2273405"
"Visual\bg_machi_ni.png",".png","2423893"
"Visual\bg_machi_r.png",".png","2875257"
"Visual\bg_machi.png",".png","2955970"
"Visual\bg_nakaniwa_ev_l.png",".png","3992854"
"Visual\bg_nakaniwa_ev_r.png",".png","3881662"
"Visual\bg_nakaniwa_ev.png",".png","4100729"
"Visual\bg_nakaniwa_l.png",".png","4138815"
"Visual\bg_nakaniwa_r.png",".png","4026389"
"Visual\bg_nakaniwa.png",".png","4342411"
"Visual\bg_okujo_ev.png",".png","2411480"
"Visual\bg_okujo_ni.png",".png","1695386"
"Visual\bg_rouka_d.png",".png","1702440"
"Visual\bg_rouka_ev_d.png",".png","1815169"
"Visual\bg_rouka_ev_u.png",".png","1897854"
"Visual\bg_rouka_ev.png",".png","2131547"
"Visual\bg_rouka_u.png",".png","1865166"
"Visual\bg_rouka.png",".png","2065875"
"Visual\bg_sora1.png",".png","1716308"
"Visual\bg_sora2.png",".png","1482366"
"Visual\bg_sora3.png",".png","1624267"
"Visual\bg_tsugakuro_ev_l.png",".png","3820371"
"Visual\bg_tsugakuro_ev_r.png",".png","4221049"
"Visual\bg_tsugakuro_ev.png",".png","4250717"
"Visual\bg_tsugakuro_l.png",".png","3740898"
"Visual\bg_tsugakuro_ni_l.png",".png","2420339"
"Visual\bg_tsugakuro_ni_r.png",".png","2924273"
"Visual\bg_tsugakuro_ni.png",".png","2884491"
"Visual\bg_tsugakuro_r.png",".png","4093259"
"Visual\bg_tsugakuro.png",".png","4171731"
"Visual\bg_white.png",".png","9756"
"Visual\bg_yozora.png",".png","594539"
"Visual\cg01_0.png",".png","2621479"
"Visual\cg01_1.png",".png","84725"
"Visual\cg01_2.png",".png","106272"
"Visual\cg01_3.png",".png","99764"
"Visual\cg02_0.png",".png","1664493"
"Visual\cg02_1.png",".png","84829"
"Visual\cg02_2.png",".png","88416"
"Visual\cg03_0.png",".png","1356405"
"Visual\cg03_1.png",".png","24602"
"Visual\cg03_2.png",".png","36597"
"Visual\cg04_0.png",".png","2342868"
"Visual\cg04_1.png",".png","2172421"
"Visual\cg05_0.png",".png","2084909"
"Visual\cg05_1.png",".png","37425"
"Visual\cg05_2.png",".png","36225"
"Visual\cg05_3.png",".png","38591"
"Visual\cg06_0.png",".png","1592384"
"Visual\cg06_1.png",".png","18479"
"Visual\cg06_1a.png",".png","18652"
"Visual\cg06_2.png",".png","33073"
"Visual\cg06_2a.png",".png","34357"
"Visual\cg06_3.png",".png","1330576"
"Visual\cg06_3a.png",".png","1590947"
"Visual\cg06_4.png",".png","28091"
"Visual\cg06_4a.png",".png","26952"
"Visual\cg07_0.png",".png","2691763"
"Visual\cg07_1.png",".png","91593"
"Visual\cg07_2.png",".png","90849"
"Visual\cg07_3.png",".png","12331"
"Visual\cg07_4.png",".png","32684"
"Visual\cg07_5.png",".png","92865"
"Visual\cg07_6.png",".png","29260"
"Visual\cg07_7.png",".png","101667"
"Visual\cg08_0.png",".png","1688337"
"Visual\cg08_1.png",".png","62697"
"Visual\cg08_2.png",".png","64222"
"Visual\cg08_3.png",".png","81700"
"Visual\cg09_0.png",".png","1922721"
"Visual\cg09_1.png",".png","67251"
"Visual\cg09_2.png",".png","59648"
"Visual\cg09_3.png",".png","40259"
"Visual\cg10_0.png",".png","1305456"
"Visual\cg10_1.png",".png","100259"
"Visual\cg10_2.png",".png","174120"
"Visual\cg10_3.png",".png","141664"
"Visual\cg11_0.png",".png","2971313"
"Visual\cg11_1.png",".png","23331"
"Visual\cg11_2.png",".png","26710"
"Visual\cg12.png",".png","1657044"
"Visual\cg13_0.png",".png","1664164"
"Visual\cg13_1.png",".png","34626"
"Visual\cg13_2.png",".png","36506"
"Visual\cg14_0.png",".png","2133932"
"Visual\cg14_0a.png",".png","7716"
"Visual\cg14_1.png",".png","41647"
"Visual\cg14_2.png",".png","47880"
"Visual\cg14_3.png",".png","2164405"
"Visual\cg14_3a.png",".png","7522"
"Visual\cg14_4.png",".png","40717"
"Visual\cg14_5.png",".png","47051"
"Visual\cg15_1.png",".png","1749201"
"Visual\cg15_2.png",".png","9723"
"Visual\cg15_3.png",".png","24531"
"Visual\cg16_0.png",".png","2161435"
"Visual\cg16_1.png",".png","51943"
"Visual\cg17_0.png",".png","2031069"
"Visual\cg17_1.png",".png","102080"
"Visual\cg17_2.png",".png","104129"
"Visual\cg18_0.png",".png","1800837"
"Visual\cg18_1.png",".png","47943"
"Visual\cg18_2.png",".png","84702"
"Visual\cg18_3.png",".png","84676"
"Visual\cg18_4.png",".png","82411"
"Visual\cg19_0.png",".png","2351113"
"Visual\cg19_1.png",".png","25566"
"Visual\cg19_2.png",".png","26386"
"Visual\cg19_3.png",".png","122041"
"Visual\cg20_0.png",".png","2441018"
"Visual\cg20_1.png",".png","2933"
"Visual\cg20_2.png",".png","17160"
"Visual\cg20_3.png",".png","18246"
"Visual\cg20_4.png",".png","42534"
"Visual\cg20_5.png",".png","13040"
"Visual\cg21_0.png",".png","1986051"
"Visual\cg21_1.png",".png","60950"
"Visual\cg21_2.png",".png","61698"
"Visual\cg21_3.png",".png","51492"
"Visual\cg21_4.png",".png","61661"
"Visual\cg22_0.png",".png","1750097"
"Visual\cg22_1.png",".png","26937"
"Visual\cg23_0.png",".png","2892557"
"Visual\cg23_1.png",".png","60157"
"Visual\cg23_2.png",".png","70905"
"Visual\cg23_3.png",".png","28084"
"Visual\cg23_4.png",".png","26440"
"Visual\cg24_0.png",".png","2207087"
"Visual\cg24_1.png",".png","115684"
"Visual\cg24_2.png",".png","81352"
"Visual\cg24_3.png",".png","79901"
"Visual\cg25_0.png",".png","1815971"
"Visual\cg25_1.png",".png","58940"
"Visual\cg25_2.png",".png","62121"
"Visual\cg25_3.png",".png","63090"
"Visual\cg25_4.png",".png","57887"
"Visual\cg26_0.png",".png","1610950"
"Visual\cg26_1.png",".png","34075"
"Visual\cg26_2.png",".png","40555"
"Visual\cg27_0.png",".png","1931359"
"Visual\cg27_1.png",".png","53144"
"Visual\cg27_2.png",".png","55458"
"Visual\cg27_3.png",".png","63766"
"Visual\cg27_4.png",".png","68842"
"Visual\cg28_0.png",".png","2117918"
"Visual\cg28_1.png",".png","5415"
"Visual\cg28_2.png",".png","52328"
"Visual\cg28_3.png",".png","43788"
"Visual\cg28_4.png",".png","51949"
"Visual\cg29_0.png",".png","2859234"
"Visual\cg29_1.png",".png","30200"
"Visual\cg29_2.png",".png","93994"
"Visual\cg30_0.png",".png","2813786"
"Visual\cg30_1.png",".png","106638"
"Visual\cg30_2.png",".png","109554"
"Visual\cg30_3.png",".png","94813"
"Visual\cg31_0.png",".png","2007397"
"Visual\cg31_1.png",".png","43737"
"Visual\cg31_2.png",".png","51844"
"Visual\cg31_3.png",".png","50179"
"Visual\cg32_0.png",".png","1256204"
"Visual\cg32_1.png",".png","9572"
"Visual\cg32_2.png",".png","9066"
"Visual\cg32_3.png",".png","58315"
"Visual\cg32_4.png",".png","64484"
"Visual\cg33_0.png",".png","2390491"
"Visual\cg33_1.png",".png","6315"
"Visual\cg33_2.png",".png","19428"
"Visual\cg33_3.png",".png","69466"
"Visual\cg33_4.png",".png","98648"
"Visual\cg34_0.png",".png","2525238"
"Visual\cg34_1.png",".png","22593"
"Visual\cg34_2.png",".png","3856"
"Visual\cg34_3.png",".png","20234"
"Visual\cg34_4.png",".png","2772191"
"Visual\cg34_5.png",".png","105383"
"Visual\cg34_6.png",".png","62845"
"Visual\cg34_7.png",".png","2566387"
"Visual\cg34_8.png",".png","2510993"
"Visual\cg35_0.png",".png","2891759"
"Visual\cg35_1.png",".png","47296"
"Visual\cg35_2.png",".png","44828"
"Visual\cg35_3.png",".png","45612"
"Visual\cg35_4.png",".png","38390"
"Visual\cg36_0.png",".png","2341455"
"Visual\cg36_1.png",".png","30391"
"Visual\cg36_2.png",".png","43153"
"Visual\cg36_3.png",".png","35371"
"Visual\cg36_4.png",".png","40538"
"Visual\cg36_5.png",".png","39943"
"Visual\cg36_6.png",".png","35451"
"Visual\cg36_7.png",".png","52741"
"Visual\cg37_0.png",".png","2557044"
"Visual\cg37_1.png",".png","27173"
"Visual\cg37_2.png",".png","58163"
"Visual\cg37_3.png",".png","59044"
"Visual\cg37_4.png",".png","53255"
"Visual\cg38_0.png",".png","1802648"
"Visual\cg38_1.png",".png","41482"
"Visual\cg38_2.png",".png","51970"
"Visual\cg39_0.png",".png","2732779"
"Visual\cg39_1.png",".png","28500"
"Visual\cg39_2.png",".png","123885"
"Visual\cg39_3.png",".png","176390"
"Visual\cg40_0.png",".png","1690674"
"Visual\cg40_1.png",".png","2786817"
"Visual\cg40_2.png",".png","67078"
"Visual\cg41_0.png",".png","2483641"
"Visual\cg41_1.png",".png","54992"
"Visual\cg41_2.png",".png","60621"
"Visual\cg42_0.png",".png","2306730"
"Visual\cg42_1.png",".png","91552"
"Visual\cg42_2.png",".png","110010"
"Visual\cg43_0.png",".png","2775781"
"Visual\cg43_1.png",".png","140754"
"Visual\cg43_2.png",".png","134777"
"Visual\cg43_3.png",".png","162742"
"Visual\cg43_4.png",".png","155970"
"Visual\cg43_5.png",".png","162310"
"Visual\cg44_0.png",".png","2962434"
"Visual\cg44_0a.png",".png","2529342"
"Visual\cg44_1.png",".png","2963013"
"Visual\cg44_1a.png",".png","2531123"
"Visual\cg44_2.png",".png","2961913"
"Visual\cg44_2a.png",".png","2528760"
"Visual\cg45_0.png",".png","2304199"
"Visual\cg45_1.png",".png","92316"
"Visual\cg45_2.png",".png","71626"
"Visual\cg45_3.png",".png","83409"
"Visual\cg46_0.png",".png","2684300"
"Visual\cg46_1.png",".png","44889"
"Visual\cg46_2.png",".png","49886"
"Visual\cg46_3.png",".png","53326"
"Visual\cg46_4.png",".png","58182"
"Visual\cg46_5.png",".png","58355"
"Visual\cg46_6.png",".png","59126"
"Visual\cg46_7.png",".png","64799"
"Visual\cg47_0.png",".png","2703440"
"Visual\cg47_1.png",".png","47288"
"Visual\cg47_2.png",".png","92226"
"Visual\cg47_3.png",".png","90147"
"Visual\cg48_0.png",".png","1839545"
"Visual\cg48_1.png",".png","2856"
"Visual\cg48_2.png",".png","83357"
"Visual\cg48_3.png",".png","80067"
"Visual\cg48_4.png",".png","103817"
"Visual\cg49_0.png",".png","1827025"
"Visual\cg49_1.png",".png","48189"
"Visual\cg49_2.png",".png","88102"
"Visual\cg49_3.png",".png","109053"
"Visual\cg50_0.png",".png","2406039"
"Visual\cg50_1.png",".png","43027"
"Visual\cg50_2.png",".png","43938"
"Visual\cg50_3.png",".png","51426"
"Visual\cg51_0.png",".png","2417359"
"Visual\cg51_1.png",".png","30118"
"Visual\cg51_2.png",".png","51575"
"Visual\cg52_0.png",".png","2495649"
"Visual\cg52_1.png",".png","40253"
"Visual\cg52_2.png",".png","112868"
"Visual\cg52_3.png",".png","107312"
"Visual\cg53_0.png",".png","1799356"
"Visual\cg53_1.png",".png","44666"
"Visual\cg53_2.png",".png","52599"
"Visual\cg54_0.png",".png","2173680"
"Visual\cg54_1.png",".png","614077"
"Visual\cg54_10.png",".png","609412"
"Visual\cg54_11.png",".png","613299"
"Visual\cg54_12.png",".png","612676"
"Visual\cg54_13.png",".png","610512"
"Visual\cg54_14.png",".png","609730"
"Visual\cg54_15.png",".png","611491"
"Visual\cg54_16.png",".png","609786"
"Visual\cg54_17.png",".png","469620"
"Visual\cg54_18.png",".png","467065"
"Visual\cg54_19.png",".png","621694"
"Visual\cg54_2.png",".png","607149"
"Visual\cg54_3.png",".png","613173"
"Visual\cg54_4.png",".png","575359"
"Visual\cg54_5.png",".png","567323"
"Visual\cg54_6.png",".png","583576"
"Visual\cg54_7.png",".png","621073"
"Visual\cg54_8.png",".png","621645"
"Visual\cg54_9.png",".png","615938"
"Visual\cg55_0.png",".png","2649113"
"Visual\cg55_1.png",".png","31220"
"Visual\cg55_10.png",".png","35525"
"Visual\cg55_11.png",".png","2260680"
"Visual\cg55_12.png",".png","26443"
"Visual\cg55_13.png",".png","38044"
"Visual\cg55_14.png",".png","33436"
"Visual\cg55_2.png",".png","2650989"
"Visual\cg55_3.png",".png","9834"
"Visual\cg55_4.png",".png","42380"
"Visual\cg55_5.png",".png","47044"
"Visual\cg55_6.png",".png","38620"
"Visual\cg55_7.png",".png","45571"
"Visual\cg55_8.png",".png","40067"
"Visual\cg55_9.png",".png","38458"
"Visual\cg56_0.png",".png","2142423"
"Visual\cg56_1.png",".png","60558"
"Visual\cg56_2.png",".png","67932"
"Visual\cg56_3.png",".png","88862"
"Visual\cg57_0.png",".png","2324146"
"Visual\cg57_1.png",".png","67882"
"Visual\cg57_2.png",".png","80553"
"Visual\cg57_3.png",".png","85308"
"Visual\cg58_0.png",".png","2570647"
"Visual\cg58_1.png",".png","48896"
"Visual\cg58_2.png",".png","48749"
"Visual\cg58_3.png",".png","58639"
"Visual\cg58_4.png",".png","2644473"
"Visual\cg58_5.png",".png","71717"
"Visual\cg59_0.png",".png","2872862"
"Visual\cg59_1.png",".png","2112409"
"Visual\cg59_10.png",".png","2871592"
"Visual\cg59_11.png",".png","27548"
"Visual\cg59_12.png",".png","75624"
"Visual\cg59_13.png",".png","81018"
"Visual\cg59_2.png",".png","2112012"
"Visual\cg59_3.png",".png","42111"
"Visual\cg59_4.png",".png","87935"
"Visual\cg59_5.png",".png","576145"
"Visual\cg59_6.png",".png","525758"
"Visual\cg59_7.png",".png","524495"
"Visual\cg59_8.png",".png","574921"
"Visual\cg59_9.png",".png","580475"
"Visual\cg81_0.png",".png","1892640"
"Visual\cg81_1.png",".png","43473"
"Visual\cg81_2.png",".png","55050"
"Visual\cg81_3.png",".png","59312"
"Visual\cg81_4.png",".png","62854"
"Visual\cg81_5.png",".png","64545"
"Visual\cg82_0.png",".png","1609613"
"Visual\cg82_1.png",".png","24604"
"Visual\cg83_0.png",".png","1396061"
"Visual\cg83_1.png",".png","47408"
"Visual\cg84_0.png",".png","1297800"
"Visual\cg84_1.png",".png","12856"
"Visual\cg85_0.png",".png","1550016"
"Visual\cg85_1.png",".png","69287"
"Visual\cg85_2.png",".png","74093"
"Visual\cg85_3.png",".png","71780"
"Visual\cs01a.png",".png","1595139"
"Visual\cs01b.png",".png","42117"
"Visual\cs01c.png",".png","66984"
"Visual\cs01d.png",".png","9363"
"Visual\cs02a.png",".png","1677851"
"Visual\cs02b.png",".png","11157"
"Visual\cs02c.png",".png","26853"
"Visual\cs02d.png",".png","57515"
"Visual\cs03a.png",".png","1546350"
"Visual\cs03b.png",".png","36877"
"Visual\cs03c.png",".png","63570"
"Visual\cs04a.png",".png","1462342"
"Visual\cs04b.png",".png","67419"
"Visual\cs04c.png",".png","61540"
"Visual\cs05a.png",".png","1451871"
"Visual\cs05b.png",".png","21887"
"Visual\cs05c.png",".png","42259"
"Visual\cs05d.png",".png","55015"
"Visual\cs05e.png",".png","57260"
"Visual\eff_act1view01.png",".png","1518129"
"Visual\eff_act1view01a.png",".png","962039"
"Visual\eff_act1view02.png",".png","1542548"
"Visual\eff_act1view03.png",".png","950157"
"Visual\eff_act1view04.png",".png","1031491"
"Visual\eff_act1view07.png",".png","964716"
"Visual\eff_act1view08.png",".png","1655389"
"Visual\eff_act1view09.png",".png","980529"
"Visual\eff_act1view10.png",".png","905326"
"Visual\eff_act1view10a.png",".png","1281384"
"Visual\eff_act1view11.png",".png","1784675"
"Visual\eff_act1view12.png",".png","1542419"
"Visual\eff_act1view13.png",".png","1397616"
"Visual\eff_act1view14.png",".png","1357410"
"Visual\eff_act1view15.png",".png","1539316"
"Visual\eff_act1view16.png",".png","226504"
"Visual\eff_act1view17.png",".png","484227"
"Visual\eff_act1view18.png",".png","548649"
"Visual\eff_act1view19.png",".png","615824"
"Visual\eff_act2view01.png",".png","3858748"
"Visual\eff_act2view02.png",".png","718609"
"Visual\eff_act2view03.png",".png","818055"
"Visual\eff_act2view04.png",".png","100246"
"Visual\eff_act2view05.png",".png","835766"
"Visual\eff_act2view06.png",".png","600612"
"Visual\eff_act2view07.png",".png","1519733"
"Visual\eff_act2view08.png",".png","78673"
"Visual\eff_act2view09.png",".png","1769345"
"Visual\eff_act2view10.png",".png","154678"
"Visual\eff_act2view11.png",".png","332625"
"Visual\eff_act2view12.png",".png","210141"
"Visual\eff_act2view13.png",".png","1738661"
"Visual\eff_act2view14.png",".png","64066"
"Visual\eff_act2view15.png",".png","1773886"
"Visual\eff_act2view16.png",".png","404356"
"Visual\eff_act2view17.png",".png","1744483"
"Visual\eff_act2view18.png",".png","84"
"Visual\eff_act2view19.png",".png","52407"
"Visual\eff_act2view20.png",".png","1693987"
"Visual\eff_act2view21.png",".png","64896"
"Visual\eff_act2view22.png",".png","73301"
"Visual\eff_act2view23.png",".png","697958"
"Visual\eff_act2view24.png",".png","291473"
"Visual\eff_act2view25.png",".png","290013"
"Visual\eff_act2view26.png",".png","706076"
"Visual\eff_act2view27.png",".png","1327654"
"Visual\eff_act2view28.png",".png","2436558"
"Visual\eff_act2view28a.png",".png","2439665"
"Visual\eff_act2view29.png",".png","1916491"
"Visual\eff_act2view30.png",".png","2418439"
"Visual\eff_act2view31.png",".png","1683603"
"Visual\eff_act2view32.png",".png","925441"
"Visual\eff_act2view33.png",".png","485471"
"Visual\eff_act2view34.png",".png","1000098"
"Visual\eff_act2view35.png",".png","2160129"
"Visual\eff_act2view36.png",".png","1674162"
"Visual\eff_act2view37.png",".png","1790027"
"Visual\eff_cg01_0_l.png",".png","1989267"
"Visual\eff_cg01_0_o.png",".png","1474489"
"Visual\eff_cg01_0_o2.png",".png","1144296"
"Visual\eff_cg01_1_l.png",".png","1985481"
"Visual\eff_cg01_1s.png",".png","3258325"
"Visual\eff_cg01_2_l.png",".png","1974320"
"Visual\eff_cg01_2_ls.png",".png","2859434"
"Visual\eff_cg01_3_l.png",".png","1990261"
"Visual\eff_cg02_2s.png",".png","2560869"
"Visual\eff_cg02_3a.png",".png","1639342"
"Visual\eff_cg05_1l.png",".png","1711583"
"Visual\eff_cg05_1s.png",".png","2990955"
"Visual\eff_cg05_2l.png",".png","1708893"
"Visual\eff_cg05_3l.png",".png","128537"
"Visual\eff_cg05_3s.png",".png","2991232"
"Visual\eff_cg06_1l.png",".png","1360415"
"Visual\eff_cg06_3l.png",".png","41828"
"Visual\eff_cg43_2a.png",".png","1213374"
"Visual\eff_cg80frameb_0.png",".png","633102"
"Visual\eff_cg80frameb_1.png",".png","107260"
"Visual\eff_cg80frameb_2.png",".png","62743"
"Visual\eff_eyecatch1.png",".png","1741436"
"Visual\eff_eyecatch2.png",".png","1974895"
"Visual\eff_eyecatch3.png",".png","1899653"
"Visual\eff_eyecatch4.png",".png","2018062"
"Visual\eff_eyecatch5.png",".png","2281842"
"Visual\eff_eyecatch6.png",".png","2118502"
"Visual\eff_eyecatch6b.png",".png","2607050"
"Visual\eff_eyecatch7.png",".png","1625263"
"Visual\eff_eyecatch7b.png",".png","2352070"
"Visual\eff_eyecatch8.png",".png","2322352"
"Visual\eff_eyecatch8b.png",".png","2142380"
"Visual\eff_eyecatch9.png",".png","2318755"
"Visual\eff_grayroom01.png",".png","533651"
"Visual\eff_grayroom02.png",".png","945312"
"Visual\eff_grayroom03.png",".png","1137365"
"Visual\eff_keikoba_blackl.png",".png","1948824"
"Visual\eff_keikoba_blackl2.png",".png","1537897"
"Visual\eff_kohakuend.png",".png","1762264"
"Visual\eff_meguriend.png",".png","2024372"
"Visual\eff_memfutaba0.png",".png","1341684"
"Visual\eff_memfutaba0a.png",".png","2537842"
"Visual\eff_memfutaba0b.png",".png","999784"
"Visual\eff_memfutaba1.png",".png","2010175"
"Visual\eff_memkohaku1.png",".png","901409"
"Visual\eff_memkohaku2.png",".png","922845"
"Visual\eff_memkohaku3.png",".png","915248"
"Visual\eff_memoboro.png",".png","1115062"
"Visual\eff_memoboroold1a.png",".png","1887330"
"Visual\eff_memoboroold1b.png",".png","772082"
"Visual\eff_memrairai0_1.png",".png","402059"
"Visual\eff_memrairai0_1a.png",".png","864955"
"Visual\eff_memrairai0_2.png",".png","401586"
"Visual\eff_memrairai0_2a.png",".png","872787"
"Visual\eff_memrairai0.png",".png","1224260"
"Visual\eff_memrairai0a.png",".png","2226615"
"Visual\eff_monologue.png",".png","1122155"
"Visual\eff_nananaend.png",".png","1897631"
"Visual\eff_nananaview1.png",".png","1105756"
"Visual\eff_nananaview3.png",".png","605963"
"Visual\eff_nananaviewmirror.png",".png","1002045"
"Visual\eff_okujoumirror_a.png",".png","458952"
"Visual\eff_okujoumirror_b.png",".png","418164"
"Visual\eff_oldmem0.png",".png","2353277"
"Visual\eff_oldmem0a.png",".png","888289"
"Visual\eff_oldmem0b.png",".png","2722318"
"Visual\eff_oldmem1.png",".png","865275"
"Visual\eff_oldmem2.png",".png","976951"
"Visual\eff_oldmem3.png",".png","327440"
"Visual\eff_oldmem4.png",".png","2189153"
"Visual\eff_oldmemenjou.png",".png","1172289"
"Visual\eff_oldmemfutaba0_1.png",".png","806669"
"Visual\eff_oldmemfutaba0_2.png",".png","804406"
"Visual\eff_oldmemhana0_1.png",".png","825490"
"Visual\eff_oldmemhana0_1a.png",".png","1913308"
"Visual\eff_oldmemhana0.png",".png","1911685"
"Visual\eff_oldmemhana0a.png",".png","3448721"
"Visual\eff_oldmemhyouko0_1.png",".png","709859"
"Visual\eff_oldmemhyouko0_2.png",".png","596668"
"Visual\eff_oldmemhyouko0.png",".png","1549259"
"Visual\eff_oldmemhyouko00.png",".png","84"
"Visual\eff_oldmemhyouko0a.png",".png","1383499"
"Visual\eff_oldmemhyouko1_1.png",".png","1345841"
"Visual\eff_oldmemhyouko1_2.png",".png","1147157"
"Visual\eff_oldmemhyouko1.png",".png","2711357"
"Visual\eff_oldmemhyoukoback0.png",".png","1400561"
"Visual\eff_oldmemhyoukoback1.png",".png","1874700"
"Visual\eff_oldmemhyoukoback2.png",".png","1958146"
"Visual\eff_oldmemhyoukoback3.png",".png","1086933"
"Visual\eff_oldmemkohaku1.png",".png","1207738"
"Visual\eff_oldmemkohaku2.png",".png","1671042"
"Visual\eff_oldmemkohaku3.png",".png","592690"
"Visual\eff_oldmemkohaku3a.png",".png","992125"
"Visual\eff_oldmemmeguri0.png",".png","1372627"
"Visual\eff_oldmemmeguri0a.png",".png","1321309"
"Visual\eff_oldmemmeguri0b.png",".png","638994"
"Visual\eff_oldmemmeguri0c.png",".png","2420483"
"Visual\eff_oldmemmeguri0d.png",".png","2233695"
"Visual\eff_oldmemmeguri1.png",".png","2050221"
"Visual\eff_oldmemmeguri1a.png",".png","1981054"
"Visual\eff_oldmemmegurichild0.png",".png","1444355"
"Visual\eff_oldmemmegurichild0a.png",".png","695999"
"Visual\eff_oldmemmegurichild0b.png",".png","2589947"
"Visual\eff_oldmemmegurichild1.png",".png","1446037"
"Visual\eff_oldmemmegurichild1a.png",".png","2594117"
"Visual\eff_oldmemmegurichild2.png",".png","2143495"
"Visual\eff_oldmemmegurichild2a.png",".png","1070128"
"Visual\eff_oldmemmegurichild3.png",".png","2146784"
"Visual\eff_oldmemmiku0.png",".png","1597242"
"Visual\eff_oldmemmiku0a.png",".png","683603"
"Visual\eff_oldmemmiku0b.png",".png","667261"
"Visual\eff_oldmemmiku0c.png",".png","2946077"
"Visual\eff_oldmemmiku0d.png",".png","1421027"
"Visual\eff_oldmemmiku1.png",".png","2206173"
"Visual\eff_oldmemmiku1a.png",".png","1075654"
"Visual\eff_oldmemmiku1b.png",".png","1097908"
"Visual\eff_oldmemmikuang0.png",".png","1275384"
"Visual\eff_oldmemmikuang0a.png",".png","7191"
"Visual\eff_oldmemmikuang0b.png",".png","1430572"
"Visual\eff_oldmemmikuang0c.png",".png","12484"
"Visual\eff_oldmemmikuang1.png",".png","1934278"
"Visual\eff_oldmemmikuang2.png",".png","9515"
"Visual\eff_oldmemnanana0_1.png",".png","640030"
"Visual\eff_oldmemnanana0_2.png",".png","662220"
"Visual\eff_oldmemnanana0_2a.png",".png","1411461"
"Visual\eff_oldmemnanana0.png",".png","1626634"
"Visual\eff_oldmemnanana0a.png",".png","2655680"
"Visual\eff_oldmemnanana0b.png",".png","2288964"
"Visual\eff_oldmemnanana0c.png",".png","1231095"
"Visual\eff_oldmemnanana1_1.png",".png","992363"
"Visual\eff_oldmemnanana1_2.png",".png","1139434"
"Visual\eff_oldmemnanana1.png",".png","2473312"
"Visual\eff_oldmemrize0_1.png",".png","509808"
"Visual\eff_oldmemrize0_1a.png",".png","1376553"
"Visual\eff_oldmemrize0_2.png",".png","512900"
"Visual\eff_oldmemrize0.png",".png","1502246"
"Visual\eff_oldmemrize1_1.png",".png","882944"
"Visual\eff_oldmemrize1_2.png",".png","892972"
"Visual\eff_oldmemrize1.png",".png","2138225"
"Visual\eff_oldmemyuurn0.png",".png","1350117"
"Visual\eff_oldmemyuurn0a.png",".png","1995050"
"Visual\eff_oldmemyuurn1.png",".png","2085967"
"Visual\eff_oldmemyuurn2.png",".png","1265742"
"Visual\eff_oldmemyuurn3.png",".png","1960293"
"Visual\eff_philia00.png",".png","1917793"
"Visual\eff_philia01.png",".png","467548"
"Visual\eff_philia02.png",".png","1856419"
"Visual\eff_philia03.png",".png","140748"
"Visual\eff_philia04.png",".png","2055116"
"Visual\eff_philia05.png",".png","51522"
"Visual\eff_philia06.png",".png","43340"
"Visual\eff_philia07.png",".png","51267"
"Visual\eff_philia08.png",".png","1889880"
"Visual\eff_philia09.png",".png","44542"
"Visual\eff_philia10.png",".png","988201"
"Visual\eff_philia11.png",".png","1069958"
"Visual\eff_philia12.png",".png","1907238"
"Visual\eff_philia14.png",".png","2456883"
"Visual\eff_philia16.png",".png","2374316"
"Visual\eff_philia17.png",".png","36549"
"Visual\eff_philia18.png",".png","47336"
"Visual\eff_philia18a.png",".png","1059244"
"Visual\eff_philia19.png",".png","2846380"
"Visual\eff_philia20.png",".png","51026"
"Visual\eff_philia21.png",".png","76754"
"Visual\eff_philia22.png",".png","78958"
"Visual\eff_philia23.png",".png","2318901"
"Visual\eff_philia24.png",".png","9508"
"Visual\eff_philia25.png",".png","465026"
"Visual\eff_philia26.png",".png","652021"
"Visual\eff_philia27.png",".png","655655"
"Visual\eff_philia28.png",".png","2632302"
"Visual\eff_philia29.png",".png","2879841"
"Visual\eff_philia30.png",".png","2670986"
"Visual\eff_philia31.png",".png","104757"
"Visual\eff_philia32.png",".png","2606604"
"Visual\eff_philia33.png",".png","2616929"
"Visual\eff_philia34.png",".png","2615305"
"Visual\eff_philia35.png",".png","2603577"
"Visual\eff_philia36.png",".png","2437942"
"Visual\eff_philia37.png",".png","80417"
"Visual\eff_philia38.png",".png","126170"
"Visual\eff_philia39.png",".png","131544"
"Visual\eff_philia40.png",".png","2253601"
"Visual\eff_philia41.png",".png","59253"
"Visual\eff_philia42.png",".png","2323160"
"Visual\eff_philia43.png",".png","59253"
"Visual\eff_philia44.png",".png","155040"
"Visual\eff_philia45.png",".png","154080"
"Visual\eff_philia46.png",".png","146487"
"Visual\eff_philia47.png",".png","82615"
"Visual\eff_philia48.png",".png","89778"
"Visual\eff_philia49.png",".png","2864024"
"Visual\eff_philia50.png",".png","114225"
"Visual\eff_rairaienjoumirror.png",".png","709314"
"Visual\eff_redroom01.png",".png","1208031"
"Visual\eff_redroom02.png",".png","445849"
"Visual\eff_redroom03.png",".png","608623"
"Visual\eff_redroom04.png",".png","620205"
"Visual\eff_redroom05.png",".png","635037"
"Visual\eff_redroom06.png",".png","1006543"
"Visual\eff_redroom08.png",".png","1922141"
"Visual\eff_redroom09.png",".png","54419"
"Visual\eff_redroom10.png",".png","56913"
"Visual\eff_redroom11.png",".png","55818"
"Visual\eff_redroom12.png",".png","1282965"
"Visual\eff_redroom14.png",".png","1190248"
"Visual\eff_redroom15.png",".png","137437"
"Visual\eff_redroom16.png",".png","132763"
"Visual\eff_redroom18.png",".png","141245"
"Visual\eff_redroom23.png",".png","136856"
"Visual\eff_redroom23a.png",".png","1478834"
"Visual\eff_redroom24.png",".png","1898324"
"Visual\eff_redroom24a.png",".png","1417435"
"Visual\eff_redroom25.png",".png","1921317"
"Visual\eff_redroom25a.png",".png","1939173"
"Visual\eff_redroom26.png",".png","1254086"
"Visual\eff_redroom27.png",".png","356783"
"Visual\eff_redroom28.png",".png","1924889"
"Visual\eff_redroom29.png",".png","26882"
"Visual\eff_redroom30.png",".png","1470887"
"Visual\eff_redroom31.png",".png","57228"
"Visual\eff_redroom32.png",".png","44738"
"Visual\eff_redroom33.png",".png","1346450"
"Visual\eff_redroom34.png",".png","1539197"
"Visual\eff_redroom35.png",".png","718329"
"Visual\eff_redroom36.png",".png","1532056"
"Visual\eff_redroom37.png",".png","82274"
"Visual\eff_redroom38.png",".png","712568"
"Visual\eff_redroom39.png",".png","609922"
"Visual\eff_redroomblack.png",".png","587685"
"Visual\eff_rizeend.png",".png","2380966"
"Visual\eff_rizeview00.png",".png","1493144"
"Visual\eff_rizeview01.png",".png","952384"
"Visual\eff_rizeview02.png",".png","1158041"
"Visual\eff_rizeview03.png",".png","1178509"
"Visual\eff_rizeview04.png",".png","1228704"
"Visual\eff_view7_0.png",".png","655036"
"Visual\eff_vire7_1.png",".png","632305"
"Visual\eff_whiteroom00.png",".png","2117295"
"Visual\eff_whiteroom01.png",".png","517685"
"Visual\eff_whiteroom02.png",".png","3084"
"Visual\eff_whiteroom03.png",".png","486972"
"Visual\eff_whiteroom04.png",".png","921301"
"Visual\eff_whiteroom05.png",".png","3645389"
"Visual\eff_whiteroom06.png",".png","1607886"
"Visual\eff_whiteroom06a.png",".png","1760167"
"Visual\eff_whiteroom06b.png",".png","1355069"
"Visual\eff_whiteroom06c.png",".png","877938"
"Visual\eff_whiteroom06d.png",".png","341847"
"Visual\eff_whiteroom07.png",".png","944825"
"Visual\eff_whiteroom08.png",".png","988198"
"Visual\visual_black.png",".png","9757"
"Visual\visual_blue.png",".png","9761"
"Visual\visual_cgmode.png",".png","767939"
"Visual\visual_eventmode.png",".png","131613"
"Visual\visual_green.png",".png","9760"
"Visual\visual_musicmode.png",".png","712709"
"Visual\visual_red.png",".png","9764"
"Visual\visual_white.png",".png","9756"
"Voice\audiencea_0000.opus",".opus","34562"
"Voice\audiencea_0001.opus",".opus","89224"
"Voice\audiencea_0002.opus",".opus","5135"
"Voice\audiencea_0004.opus",".opus","69208"
"Voice\audiencea_0005.opus",".opus","24967"
"Voice\audiencea_0006.opus",".opus","55645"
"Voice\cs_futaba_0001.opus",".opus","110141"
"Voice\cs_futaba_0002.opus",".opus","21966"
"Voice\cs_futaba_0003_a.opus",".opus","44347"
"Voice\cs_futaba_0004.opus",".opus","46994"
"Voice\cs_futaba_0005.opus",".opus","142626"
"Voice\cs_kohaku_0001.opus",".opus","16699"
"Voice\cs_kohaku_0002.opus",".opus","114389"
"Voice\cs_kohaku_0003.opus",".opus","13043"
"Voice\cs_kohaku_0004.opus",".opus","20189"
"Voice\cs_kohaku_0005.opus",".opus","32257"
"Voice\cs_kohaku_0006.opus",".opus","58030"
"Voice\cs_kyoko_0001.opus",".opus","131727"
"Voice\cs_master_0001.opus",".opus","75142"
"Voice\cs_master_0002.opus",".opus","94176"
"Voice\cs_master_0003.opus",".opus","73172"
"Voice\cs_meguri_0001_b.opus",".opus","67690"
"Voice\cs_meguri_0002_b.opus",".opus","76415"
"Voice\cs_meguri_0003_b.opus",".opus","135830"
"Voice\cs_meguri_0004_b.opus",".opus","20765"
"Voice\cs_meguri_0005_b.opus",".opus","8362"
"Voice\cs_meguri_0006_b.opus",".opus","57468"
"Voice\cs_meguri_0007_b.opus",".opus","66701"
"Voice\cs_mika_0001.opus",".opus","89491"
"Voice\cs_mika_0002.opus",".opus","192109"
"Voice\cs_mika_0003.opus",".opus","143743"
"Voice\cs_mika_0004.opus",".opus","117249"
"Voice\cs_mika_0005.opus",".opus","145694"
"Voice\cs_mirai_0001.opus",".opus","21755"
"Voice\cs_mirai_0002.opus",".opus","144975"
"Voice\cs_mirai_0003.opus",".opus","117942"
"Voice\cs_mirai_0004.opus",".opus","60542"
"Voice\cs_mirai_0005.opus",".opus","117045"
"Voice\cs_mirai_0006.opus",".opus","22765"
"Voice\cs_mirai_0007_a.opus",".opus","132463"
"Voice\cs_mirai_0008.opus",".opus","3494"
"Voice\cs_mirai_0009.opus",".opus","51895"
"Voice\cs_mirai_0010.opus",".opus","44927"
"Voice\cs_mirai_0011.opus",".opus","57451"
"Voice\cs_mirai_0012.opus",".opus","60778"
"Voice\cs_mirai_0013.opus",".opus","66253"
"Voice\cs_nanana_0001.opus",".opus","74206"
"Voice\cs_nanana_0002.opus",".opus","9688"
"Voice\cs_nanana_0003.opus",".opus","4330"
"Voice\cs_nanana_0004.opus",".opus","44199"
"Voice\cs_nanana_0005.opus",".opus","15062"
"Voice\cs_nanana_0006.opus",".opus","55749"
"Voice\cs_nanana_0007.opus",".opus","65351"
"Voice\cs_nanana_0008.opus",".opus","51204"
"Voice\cs_nanana_0009.opus",".opus","44588"
"Voice\cs_nanana_0010.opus",".opus","35077"
"Voice\cs_nanana_0011.opus",".opus","19213"
"Voice\cs_nanana_0012.opus",".opus","45535"
"Voice\cs_nanana_0013.opus",".opus","71214"
"Voice\cs_nanana_0014.opus",".opus","17252"
"Voice\cs_nanana_0015.opus",".opus","10521"
"Voice\cs_nanana_0016.opus",".opus","17370"
"Voice\cs_nanana_0017.opus",".opus","87265"
"Voice\cs_nanana_0018.opus",".opus","12235"
"Voice\cs_nanana_0019.opus",".opus","79334"
"Voice\cs_nanana_0020.opus",".opus","57409"
"Voice\cs_nanana_0021.opus",".opus","5732"
"Voice\cs_nanana_0022.opus",".opus","6292"
"Voice\cs_nanana_0023.opus",".opus","62100"
"Voice\cs_nanana_0024.opus",".opus","17902"
"Voice\cs_nanana_0025.opus",".opus","31374"
"Voice\cs_nanana_0026.opus",".opus","16668"
"Voice\cs_nanana_0027.opus",".opus","43401"
"Voice\cs_nanana_0028.opus",".opus","18319"
"Voice\cs_oboro_0001.opus",".opus","21680"
"Voice\cs_oboro_0002.opus",".opus","22699"
"Voice\cs_oboro_0003.opus",".opus","52836"
"Voice\cs_oboro_0004.opus",".opus","68482"
"Voice\cs_rairai_0001.opus",".opus","92570"
"Voice\cs_rize_0001.opus",".opus","66548"
"Voice\cs_rize_0002.opus",".opus","55768"
"Voice\cs_rize_0003.opus",".opus","48450"
"Voice\cs_rize_0004.opus",".opus","7050"
"Voice\cs_rize_0005.opus",".opus","14167"
"Voice\cs_rize_0006.opus",".opus","9707"
"Voice\cs_rize_0007.opus",".opus","14611"
"Voice\cs_rize_0008.opus",".opus","13159"
"Voice\cs_rize_0009.opus",".opus","18879"
"Voice\cs_rize_0010.opus",".opus","25008"
"Voice\cs_rize_0011.opus",".opus","24919"
"Voice\cs_rize_0012.opus",".opus","27182"
"Voice\cs_rize_0013.opus",".opus","25456"
"Voice\cs_teachera_0001_b.opus",".opus","178869"
"Voice\cs_teachera_0002_b.opus",".opus","154810"
"Voice\directora_0000.opus",".opus","48077"
"Voice\directora_0001.opus",".opus","73049"
"Voice\directora_0002.opus",".opus","48663"
"Voice\directora_0003.opus",".opus","96372"
"Voice\directora_0004.opus",".opus","90072"
"Voice\directora_0005.opus",".opus","171452"
"Voice\directora_0006.opus",".opus","112858"
"Voice\directora_0007.opus",".opus","92481"
"Voice\directora_0008.opus",".opus","98256"
"Voice\directora_0009.opus",".opus","142931"
"Voice\directora_0010.opus",".opus","28697"
"Voice\directora_0011.opus",".opus","67843"
"Voice\directora_0012.opus",".opus","58729"
"Voice\directorb_0000.opus",".opus","77135"
"Voice\directorb_0001.opus",".opus","66547"
"Voice\directorb_0002.opus",".opus","83396"
"Voice\directorb_0003.opus",".opus","122080"
"Voice\directorb_0004.opus",".opus","48675"
"Voice\directorb_0005.opus",".opus","79377"
"Voice\directorb_0006.opus",".opus","95023"
"Voice\directorb_0007.opus",".opus","63745"
"Voice\directorb_0008.opus",".opus","47699"
"Voice\directorb_0009.opus",".opus","12965"
"Voice\directorb_0010.opus",".opus","87965"
"Voice\directorb_0011.opus",".opus","61328"
"Voice\directorb_0012.opus",".opus","37104"
"Voice\directorb_0013.opus",".opus","19737"
"Voice\directorb_0014.opus",".opus","51630"
"Voice\directorb_0015.opus",".opus","7987"
"Voice\directorb_0016.opus",".opus","94476"
"Voice\directorb_0017.opus",".opus","45704"
"Voice\directorb_0018.opus",".opus","17922"
"Voice\directorb_0019.opus",".opus","74600"
"Voice\directorb_0020.opus",".opus","25527"
"Voice\directorb_0021.opus",".opus","16930"
"Voice\directorb_0022.opus",".opus","8804"
"Voice\directorb_0024.opus",".opus","16001"
"Voice\directorb_0025.opus",".opus","7474"
"Voice\directorb_0026.opus",".opus","5902"
"Voice\directorb_0027.opus",".opus","88339"
"Voice\directorb_0028.opus",".opus","14232"
"Voice\directorb_0029.opus",".opus","24459"
"Voice\directorb_0030.opus",".opus","100266"
"Voice\directorb_0031.opus",".opus","54185"
"Voice\directorb_0032.opus",".opus","47967"
"Voice\directorc_0000.opus",".opus","46185"
"Voice\directorc_0001.opus",".opus","36211"
"Voice\directorc_0002.opus",".opus","14616"
"Voice\directorc_0003.opus",".opus","59477"
"Voice\directorc_0004.opus",".opus","21889"
"Voice\directorc_0005.opus",".opus","53026"
"Voice\directorc_0006.opus",".opus","47164"
"Voice\directorc_0007.opus",".opus","120296"
"Voice\directorc_0008.opus",".opus","142864"
"Voice\directorc_0009.opus",".opus","63812"
"Voice\f_childa_0000.opus",".opus","35151"
"Voice\f_childa_0001.opus",".opus","58637"
"Voice\f_reportera_0000.opus",".opus","63632"
"Voice\f_reportera_0001.opus",".opus","67623"
"Voice\f_reportera_0002.opus",".opus","36969"
"Voice\f_reportera_0003.opus",".opus","38657"
"Voice\f_studenta_0000.opus",".opus","41903"
"Voice\f_studenta_0001.opus",".opus","18711"
"Voice\f_studenta_0002.opus",".opus","13453"
"Voice\f_studenta_0003.opus",".opus","35228"
"Voice\f_studenta_0004.opus",".opus","28577"
"Voice\f_studenta_0005.opus",".opus","32821"
"Voice\f_studenta_0006.opus",".opus","57288"
"Voice\f_studenta_0007.opus",".opus","60949"
"Voice\f_studenta_0008.opus",".opus","27442"
"Voice\f_studenta_0009.opus",".opus","135956"
"Voice\f_studenta_0010.opus",".opus","43118"
"Voice\f_studenta_0011.opus",".opus","41151"
"Voice\f_studenta_0012.opus",".opus","53256"
"Voice\f_studenta_0013.opus",".opus","86403"
"Voice\f_studenta_0014.opus",".opus","4695"
"Voice\f_studenta_0015.opus",".opus","25780"
"Voice\f_studenta_0016.opus",".opus","57533"
"Voice\f_studenta_0017.opus",".opus","4911"
"Voice\f_studenta_0018.opus",".opus","29264"
"Voice\f_studenta_0019.opus",".opus","39317"
"Voice\f_studenta_0020.opus",".opus","22705"
"Voice\f_studenta_0021.opus",".opus","59266"
"Voice\f_studenta_0022.opus",".opus","91495"
"Voice\f_studenta_0023.opus",".opus","43861"
"Voice\f_studenta_0024.opus",".opus","60146"
"Voice\f_studenta_0025.opus",".opus","80134"
"Voice\f_studenta_0026.opus",".opus","105200"
"Voice\f_studenta_0027.opus",".opus","27943"
"Voice\f_studenta_0028.opus",".opus","112624"
"Voice\f_studenta_0029.opus",".opus","66036"
"Voice\f_studentb_0000.opus",".opus","12935"
"Voice\f_studentb_0001.opus",".opus","22087"
"Voice\f_studentb_0002.opus",".opus","12144"
"Voice\f_studentb_0003.opus",".opus","36337"
"Voice\f_studentb_0004.opus",".opus","56276"
"Voice\f_studentb_0005.opus",".opus","40555"
"Voice\futaba_0000.opus",".opus","34637"
"Voice\futaba_0001.opus",".opus","38059"
"Voice\futaba_0002.opus",".opus","50223"
"Voice\futaba_0003.opus",".opus","46854"
"Voice\futaba_0004.opus",".opus","23693"
"Voice\futaba_0005.opus",".opus","116987"
"Voice\futaba_0006.opus",".opus","39547"
"Voice\futaba_0007.opus",".opus","82621"
"Voice\futaba_0008.opus",".opus","47605"
"Voice\futaba_0009.opus",".opus","41080"
"Voice\futaba_0011.opus",".opus","24631"
"Voice\futaba_0012.opus",".opus","21291"
"Voice\futaba_0013.opus",".opus","41301"
"Voice\futaba_0014.opus",".opus","76982"
"Voice\futaba_0015.opus",".opus","35879"
"Voice\futaba_0016.opus",".opus","45202"
"Voice\futaba_0017.opus",".opus","64814"
"Voice\futaba_0018.opus",".opus","108082"
"Voice\futaba_0019.opus",".opus","58988"
"Voice\futaba_0020.opus",".opus","27062"
"Voice\futaba_0021.opus",".opus","92472"
"Voice\futaba_0022.opus",".opus","75080"
"Voice\futaba_0023.opus",".opus","26274"
"Voice\futaba_0024.opus",".opus","23687"
"Voice\futaba_0025.opus",".opus","24484"
"Voice\futaba_0026.opus",".opus","11719"
"Voice\futaba_0027.opus",".opus","44895"
"Voice\futaba_0028.opus",".opus","13133"
"Voice\futaba_0029.opus",".opus","21305"
"Voice\futaba_0030.opus",".opus","24211"
"Voice\futaba_0031.opus",".opus","12597"
"Voice\futaba_0032.opus",".opus","7128"
"Voice\futaba_0033.opus",".opus","25358"
"Voice\futaba_0034.opus",".opus","15805"
"Voice\futaba_0035.opus",".opus","20002"
"Voice\futaba_0036.opus",".opus","5733"
"Voice\futaba_0037.opus",".opus","19321"
"Voice\futaba_0038.opus",".opus","44818"
"Voice\futaba_0039.opus",".opus","49869"
"Voice\futaba_0040.opus",".opus","54119"
"Voice\futaba_0041.opus",".opus","13905"
"Voice\futaba_0042.opus",".opus","48214"
"Voice\futaba_0043.opus",".opus","46878"
"Voice\futaba_0044.opus",".opus","18595"
"Voice\futaba_0045.opus",".opus","23366"
"Voice\futaba_0046.opus",".opus","26368"
"Voice\futaba_0047.opus",".opus","92279"
"Voice\futaba_0048.opus",".opus","122136"
"Voice\futaba_0049.opus",".opus","76322"
"Voice\futaba_0050.opus",".opus","93694"
"Voice\futaba_0051.opus",".opus","5606"
"Voice\futaba_0052.opus",".opus","54767"
"Voice\futaba_0053.opus",".opus","133662"
"Voice\futaba_0054.opus",".opus","71274"
"Voice\futaba_0055.opus",".opus","10172"
"Voice\futaba_0056.opus",".opus","15106"
"Voice\futaba_0057.opus",".opus","13379"
"Voice\futaba_0058.opus",".opus","45083"
"Voice\futaba_0059.opus",".opus","52076"
"Voice\futaba_0060.opus",".opus","58250"
"Voice\futaba_0061.opus",".opus","47124"
"Voice\futaba_0062.opus",".opus","78891"
"Voice\futaba_0063.opus",".opus","25664"
"Voice\futaba_0064.opus",".opus","53543"
"Voice\futaba_0065.opus",".opus","8403"
"Voice\futaba_0066.opus",".opus","24650"
"Voice\futaba_0067.opus",".opus","21158"
"Voice\futaba_0068.opus",".opus","26297"
"Voice\futaba_0069.opus",".opus","21560"
"Voice\futaba_0070.opus",".opus","107284"
"Voice\futaba_0071.opus",".opus","37576"
"Voice\futaba_0072.opus",".opus","14878"
"Voice\futaba_0073.opus",".opus","74455"
"Voice\futaba_0074.opus",".opus","35661"
"Voice\futaba_0075.opus",".opus","14652"
"Voice\futaba_0076.opus",".opus","39407"
"Voice\futaba_0077.opus",".opus","77635"
"Voice\futaba_0078.opus",".opus","28960"
"Voice\futaba_0079.opus",".opus","69116"
"Voice\futaba_0080.opus",".opus","41337"
"Voice\futaba_0081.opus",".opus","67226"
"Voice\futaba_0082.opus",".opus","71069"
"Voice\futaba_0083.opus",".opus","109297"
"Voice\futaba_0084.opus",".opus","15737"
"Voice\futaba_0085.opus",".opus","28663"
"Voice\futaba_0086.opus",".opus","31165"
"Voice\futaba_0087.opus",".opus","17811"
"Voice\futaba_0088.opus",".opus","33958"
"Voice\futaba_0089.opus",".opus","15016"
"Voice\futaba_0090.opus",".opus","99520"
"Voice\futaba_0091.opus",".opus","3559"
"Voice\futaba_0092.opus",".opus","68242"
"Voice\futaba_0093.opus",".opus","89590"
"Voice\futaba_0094.opus",".opus","114583"
"Voice\futaba_0095.opus",".opus","80385"
"Voice\futaba_0096.opus",".opus","127750"
"Voice\futaba_0097.opus",".opus","53978"
"Voice\futaba_0098.opus",".opus","56657"
"Voice\futaba_0099.opus",".opus","24021"
"Voice\futaba_0100.opus",".opus","46998"
"Voice\futaba_0101.opus",".opus","109854"
"Voice\futaba_0102.opus",".opus","58623"
"Voice\futaba_0103.opus",".opus","81589"
"Voice\futaba_0104.opus",".opus","121906"
"Voice\futaba_0105.opus",".opus","113493"
"Voice\futaba_0106.opus",".opus","28174"
"Voice\futaba_0107.opus",".opus","19966"
"Voice\futaba_0108.opus",".opus","43680"
"Voice\futaba_0109.opus",".opus","21495"
"Voice\futaba_0110.opus",".opus","29825"
"Voice\futaba_0111.opus",".opus","37408"
"Voice\futaba_0112.opus",".opus","34557"
"Voice\futaba_0113.opus",".opus","6710"
"Voice\futaba_0114.opus",".opus","49082"
"Voice\futaba_0115.opus",".opus","15537"
"Voice\futaba_0116.opus",".opus","7555"
"Voice\futaba_0117.opus",".opus","39648"
"Voice\futaba_0118.opus",".opus","7866"
"Voice\futaba_0119.opus",".opus","41083"
"Voice\futaba_0120.opus",".opus","31843"
"Voice\futaba_0121.opus",".opus","10603"
"Voice\futaba_0122.opus",".opus","46109"
"Voice\futaba_0123.opus",".opus","30099"
"Voice\futaba_0124.opus",".opus","72311"
"Voice\futaba_0125.opus",".opus","65602"
"Voice\futaba_0126.opus",".opus","81958"
"Voice\futaba_0127.opus",".opus","39595"
"Voice\futaba_0128.opus",".opus","76276"
"Voice\futaba_0129.opus",".opus","90117"
"Voice\futaba_0130.opus",".opus","23660"
"Voice\futaba_0131.opus",".opus","35683"
"Voice\futaba_0132.opus",".opus","52254"
"Voice\futaba_0133.opus",".opus","54230"
"Voice\futaba_0134.opus",".opus","6183"
"Voice\futaba_0135.opus",".opus","67348"
"Voice\futaba_0136.opus",".opus","39617"
"Voice\futaba_0137.opus",".opus","63109"
"Voice\futaba_0138.opus",".opus","19649"
"Voice\futaba_0140.opus",".opus","22441"
"Voice\futaba_0141.opus",".opus","48131"
"Voice\futaba_0142.opus",".opus","63046"
"Voice\futaba_0143.opus",".opus","67367"
"Voice\futaba_0144.opus",".opus","40391"
"Voice\futaba_0145.opus",".opus","18696"
"Voice\futaba_0146.opus",".opus","84028"
"Voice\futaba_0147.opus",".opus","99725"
"Voice\futaba_0148.opus",".opus","8466"
"Voice\futaba_0149.opus",".opus","59860"
"Voice\futaba_0150.opus",".opus","117483"
"Voice\futaba_0151.opus",".opus","78360"
"Voice\futaba_0152.opus",".opus","37420"
"Voice\futaba_0153.opus",".opus","38420"
"Voice\futaba_0154.opus",".opus","5183"
"Voice\futaba_0155.opus",".opus","24909"
"Voice\futaba_0156.opus",".opus","24272"
"Voice\futaba_0157.opus",".opus","11476"
"Voice\futaba_0158.opus",".opus","29069"
"Voice\futaba_0159.opus",".opus","32041"
"Voice\futaba_0160.opus",".opus","33442"
"Voice\futaba_0161.opus",".opus","38616"
"Voice\futaba_0162.opus",".opus","29808"
"Voice\futaba_0163.opus",".opus","88355"
"Voice\futaba_0164.opus",".opus","14337"
"Voice\futaba_0165.opus",".opus","81920"
"Voice\futaba_0166.opus",".opus","65576"
"Voice\futaba_0167.opus",".opus","82322"
"Voice\futaba_0168.opus",".opus","67007"
"Voice\futaba_0169.opus",".opus","96037"
"Voice\futaba_0170.opus",".opus","39763"
"Voice\futaba_0171.opus",".opus","5018"
"Voice\futaba_0172.opus",".opus","8893"
"Voice\futaba_0173.opus",".opus","12128"
"Voice\futaba_0174.opus",".opus","31973"
"Voice\futaba_0175.opus",".opus","6364"
"Voice\futaba_0176.opus",".opus","19828"
"Voice\futaba_0177.opus",".opus","37663"
"Voice\futaba_0178.opus",".opus","12751"
"Voice\futaba_0179.opus",".opus","42710"
"Voice\futaba_0180.opus",".opus","58228"
"Voice\futaba_0181.opus",".opus","15208"
"Voice\futaba_0182.opus",".opus","71304"
"Voice\futaba_0183.opus",".opus","37782"
"Voice\futaba_0184.opus",".opus","41274"
"Voice\futaba_0185.opus",".opus","56811"
"Voice\futaba_0186.opus",".opus","76710"
"Voice\futaba_0187.opus",".opus","85600"
"Voice\futaba_0188.opus",".opus","50626"
"Voice\futaba_0189.opus",".opus","63513"
"Voice\futaba_0190.opus",".opus","36949"
"Voice\futaba_0191.opus",".opus","94615"
"Voice\futaba_0192.opus",".opus","120241"
"Voice\futaba_0193.opus",".opus","109035"
"Voice\futaba_0194.opus",".opus","46459"
"Voice\futaba_0195.opus",".opus","52947"
"Voice\futaba_0196.opus",".opus","48496"
"Voice\futaba_0197.opus",".opus","28692"
"Voice\futaba_0198.opus",".opus","15516"
"Voice\futaba_0199.opus",".opus","36074"
"Voice\futaba_0200.opus",".opus","88534"
"Voice\futaba_0201.opus",".opus","40363"
"Voice\futaba_0202.opus",".opus","20069"
"Voice\futaba_0203.opus",".opus","36387"
"Voice\futaba_0204.opus",".opus","5125"
"Voice\futaba_0205.opus",".opus","60388"
"Voice\futaba_0206.opus",".opus","64386"
"Voice\futaba_0207.opus",".opus","46203"
"Voice\futaba_0208.opus",".opus","18305"
"Voice\futaba_0209.opus",".opus","16001"
"Voice\futaba_0210.opus",".opus","26879"
"Voice\futaba_0211.opus",".opus","7574"
"Voice\futaba_0212.opus",".opus","18104"
"Voice\futaba_0213.opus",".opus","7474"
"Voice\futaba_0214.opus",".opus","18968"
"Voice\futaba_0215.opus",".opus","48783"
"Voice\futaba_0216.opus",".opus","39732"
"Voice\futaba_0217.opus",".opus","38278"
"Voice\futaba_0218.opus",".opus","28914"
"Voice\futaba_0219.opus",".opus","26330"
"Voice\futaba_0220.opus",".opus","51479"
"Voice\futaba_0221.opus",".opus","27913"
"Voice\futaba_0222.opus",".opus","6410"
"Voice\futaba_0223.opus",".opus","51444"
"Voice\futaba_0224.opus",".opus","21802"
"Voice\futaba_0225.opus",".opus","14139"
"Voice\futaba_0226.opus",".opus","13254"
"Voice\futaba_0227.opus",".opus","29296"
"Voice\futaba_0228.opus",".opus","84777"
"Voice\futaba_0229.opus",".opus","31431"
"Voice\futaba_0230.opus",".opus","5630"
"Voice\futaba_0231.opus",".opus","10563"
"Voice\futaba_0232.opus",".opus","24721"
"Voice\futaba_0233.opus",".opus","9240"
"Voice\futaba_0234.opus",".opus","31820"
"Voice\futaba_0235.opus",".opus","15148"
"Voice\futaba_0236.opus",".opus","26119"
"Voice\futaba_0237.opus",".opus","19474"
"Voice\futaba_0238.opus",".opus","61308"
"Voice\futaba_0239.opus",".opus","39464"
"Voice\futaba_0240.opus",".opus","5912"
"Voice\futaba_0241.opus",".opus","26774"
"Voice\futaba_0242.opus",".opus","18938"
"Voice\futaba_0243.opus",".opus","24540"
"Voice\futaba_0244.opus",".opus","9757"
"Voice\futaba_0245.opus",".opus","45962"
"Voice\futaba_0246.opus",".opus","40650"
"Voice\futaba_0247.opus",".opus","69806"
"Voice\futaba_0248.opus",".opus","20130"
"Voice\futaba_0249.opus",".opus","33357"
"Voice\futaba_0250.opus",".opus","68804"
"Voice\futaba_0251.opus",".opus","22951"
"Voice\futaba_0252.opus",".opus","40907"
"Voice\futaba_0253.opus",".opus","53249"
"Voice\futaba_0254.opus",".opus","40940"
"Voice\futaba_0255.opus",".opus","4567"
"Voice\futaba_0256.opus",".opus","11229"
"Voice\futaba_0257.opus",".opus","39033"
"Voice\futaba_0258.opus",".opus","92922"
"Voice\futaba_0259.opus",".opus","130330"
"Voice\futaba_0260.opus",".opus","24102"
"Voice\futaba_0261.opus",".opus","79615"
"Voice\futaba_0262.opus",".opus","5185"
"Voice\futaba_0263.opus",".opus","47419"
"Voice\futaba_0264.opus",".opus","29402"
"Voice\futaba_0265.opus",".opus","68700"
"Voice\futaba_0266.opus",".opus","36637"
"Voice\futaba_0267.opus",".opus","67011"
"Voice\futaba_0268.opus",".opus","10402"
"Voice\futaba_0269.opus",".opus","18964"
"Voice\futaba_0270.opus",".opus","60579"
"Voice\futaba_0271.opus",".opus","9623"
"Voice\futaba_0272.opus",".opus","54697"
"Voice\futaba_0273.opus",".opus","37598"
"Voice\futaba_0274.opus",".opus","14433"
"Voice\futaba_0275.opus",".opus","54032"
"Voice\futaba_0276.opus",".opus","47673"
"Voice\futaba_0277.opus",".opus","20853"
"Voice\futaba_0278.opus",".opus","48260"
"Voice\futaba_0279.opus",".opus","49938"
"Voice\futaba_0280.opus",".opus","41442"
"Voice\futaba_0281.opus",".opus","35904"
"Voice\futaba_0282.opus",".opus","37699"
"Voice\futaba_0283.opus",".opus","12192"
"Voice\futaba_0284.opus",".opus","52388"
"Voice\futaba_0285.opus",".opus","99649"
"Voice\futaba_0286.opus",".opus","10251"
"Voice\futaba_0287.opus",".opus","64913"
"Voice\futaba_0288.opus",".opus","63327"
"Voice\futaba_0289.opus",".opus","24799"
"Voice\futaba_0290.opus",".opus","48532"
"Voice\futaba_0291.opus",".opus","5353"
"Voice\futaba_0292.opus",".opus","8371"
"Voice\futaba_0293.opus",".opus","8917"
"Voice\futaba_0294.opus",".opus","11514"
"Voice\futaba_0295.opus",".opus","70362"
"Voice\futaba_0296.opus",".opus","6137"
"Voice\futaba_0297.opus",".opus","60136"
"Voice\futaba_0298.opus",".opus","73454"
"Voice\futaba_0299.opus",".opus","78447"
"Voice\futaba_0303.opus",".opus","43229"
"Voice\futaba_0304.opus",".opus","15083"
"Voice\futaba_0305.opus",".opus","40675"
"Voice\futaba_0306.opus",".opus","16417"
"Voice\futaba_0307.opus",".opus","53016"
"Voice\futaba_0308.opus",".opus","6438"
"Voice\futaba_0309.opus",".opus","32138"
"Voice\futaba_0310.opus",".opus","62465"
"Voice\futaba_0311.opus",".opus","7221"
"Voice\futaba_0312.opus",".opus","22553"
"Voice\futaba_0313.opus",".opus","3452"
"Voice\futaba_0314.opus",".opus","11372"
"Voice\futaba_0315.opus",".opus","17046"
"Voice\futaba_0316.opus",".opus","24513"
"Voice\futaba_0317.opus",".opus","71588"
"Voice\futaba_0318.opus",".opus","46589"
"Voice\futaba_0319.opus",".opus","5643"
"Voice\futaba_0320.opus",".opus","39895"
"Voice\futaba_0321.opus",".opus","11093"
"Voice\futaba_0322.opus",".opus","14471"
"Voice\futaba_0323.opus",".opus","48031"
"Voice\futaba_0324.opus",".opus","29496"
"Voice\futaba_0325.opus",".opus","18863"
"Voice\futaba_0326.opus",".opus","57382"
"Voice\futaba_0327.opus",".opus","57453"
"Voice\futaba_0328.opus",".opus","44126"
"Voice\futaba_0329.opus",".opus","16095"
"Voice\futaba_0330.opus",".opus","53906"
"Voice\futaba_0331.opus",".opus","86003"
"Voice\futaba_0332.opus",".opus","19951"
"Voice\futaba_0333.opus",".opus","52748"
"Voice\futaba_0334.opus",".opus","76684"
"Voice\futaba_0335.opus",".opus","22914"
"Voice\futaba_0336.opus",".opus","30070"
"Voice\futaba_0337.opus",".opus","16144"
"Voice\futaba_0338.opus",".opus","22878"
"Voice\futaba_0339.opus",".opus","34596"
"Voice\futaba_0340.opus",".opus","41053"
"Voice\futaba_0341.opus",".opus","15657"
"Voice\futaba_0342.opus",".opus","6188"
"Voice\futaba_0343.opus",".opus","31759"
"Voice\futaba_0344.opus",".opus","34710"
"Voice\futaba_0345.opus",".opus","21919"
"Voice\futaba_0346.opus",".opus","65597"
"Voice\futaba_0347.opus",".opus","105804"
"Voice\futaba_0348.opus",".opus","23807"
"Voice\futaba_0349.opus",".opus","50191"
"Voice\futaba_0350.opus",".opus","28129"
"Voice\futaba_0351.opus",".opus","42664"
"Voice\futaba_0352.opus",".opus","73477"
"Voice\futaba_0353.opus",".opus","37625"
"Voice\futaba_0354.opus",".opus","34982"
"Voice\futaba_0355.opus",".opus","23523"
"Voice\futaba_0356.opus",".opus","26291"
"Voice\futaba_0357.opus",".opus","63104"
"Voice\futaba_0358.opus",".opus","110674"
"Voice\futaba_0359.opus",".opus","72814"
"Voice\futaba_0360.opus",".opus","16850"
"Voice\futaba_0361.opus",".opus","11133"
"Voice\futaba_0362.opus",".opus","96932"
"Voice\futaba_0363.opus",".opus","31253"
"Voice\futaba_0364.opus",".opus","54322"
"Voice\futaba_0365.opus",".opus","49937"
"Voice\futaba_0366.opus",".opus","52080"
"Voice\futaba_0367.opus",".opus","41364"
"Voice\futaba_0368.opus",".opus","130978"
"Voice\futaba_0369.opus",".opus","11036"
"Voice\futaba_0370.opus",".opus","13148"
"Voice\futaba_0371.opus",".opus","47409"
"Voice\futaba_0372.opus",".opus","76803"
"Voice\futaba_0373.opus",".opus","38211"
"Voice\futaba_0374.opus",".opus","53062"
"Voice\futaba_0375.opus",".opus","43520"
"Voice\futaba_0376.opus",".opus","28924"
"Voice\futaba_0377.opus",".opus","62917"
"Voice\futaba_0378.opus",".opus","35204"
"Voice\futaba_0379.opus",".opus","65088"
"Voice\futaba_0380.opus",".opus","12825"
"Voice\futaba_0381.opus",".opus","5253"
"Voice\futaba_0382.opus",".opus","74071"
"Voice\futaba_0383.opus",".opus","8288"
"Voice\futaba_0384.opus",".opus","71333"
"Voice\futaba_0385.opus",".opus","11073"
"Voice\futaba_0386.opus",".opus","57792"
"Voice\futaba_0387.opus",".opus","11148"
"Voice\futaba_0388.opus",".opus","82798"
"Voice\futaba_0389.opus",".opus","35721"
"Voice\futaba_0390.opus",".opus","64883"
"Voice\futaba_0391.opus",".opus","43573"
"Voice\futaba_0392.opus",".opus","68593"
"Voice\futaba_0393.opus",".opus","90890"
"Voice\futaba_0394.opus",".opus","25771"
"Voice\futaba_0395.opus",".opus","49371"
"Voice\futaba_0396.opus",".opus","34857"
"Voice\futaba_0397.opus",".opus","40468"
"Voice\futaba_0398.opus",".opus","18290"
"Voice\futaba_0399.opus",".opus","55297"
"Voice\futaba_0400.opus",".opus","23196"
"Voice\futaba_0401.opus",".opus","26116"
"Voice\futaba_0402.opus",".opus","60930"
"Voice\futaba_0403.opus",".opus","37674"
"Voice\futaba_0404.opus",".opus","29812"
"Voice\futaba_0405.opus",".opus","9319"
"Voice\futaba_0406.opus",".opus","87310"
"Voice\futaba_0407.opus",".opus","13368"
"Voice\futaba_0408.opus",".opus","46300"
"Voice\futaba_0409.opus",".opus","9812"
"Voice\futaba_0410.opus",".opus","6437"
"Voice\futaba_0411.opus",".opus","51259"
"Voice\futaba_0412.opus",".opus","26781"
"Voice\futaba_0413.opus",".opus","38010"
"Voice\futaba_0414.opus",".opus","22577"
"Voice\futaba_0415.opus",".opus","10241"
"Voice\futaba_0416.opus",".opus","71399"
"Voice\futaba_0417.opus",".opus","39830"
"Voice\futaba_0418.opus",".opus","8222"
"Voice\futaba_0419.opus",".opus","29584"
"Voice\futaba_0420.opus",".opus","13072"
"Voice\futaba_0421.opus",".opus","5980"
"Voice\futaba_0422.opus",".opus","21692"
"Voice\futaba_0423.opus",".opus","58182"
"Voice\futaba_0424.opus",".opus","64111"
"Voice\futaba_0425.opus",".opus","65901"
"Voice\futaba_0426.opus",".opus","11366"
"Voice\futaba_0427.opus",".opus","28520"
"Voice\futaba_0428.opus",".opus","7244"
"Voice\futaba_0429.opus",".opus","12738"
"Voice\futaba_0430.opus",".opus","15938"
"Voice\futaba_0432.opus",".opus","6883"
"Voice\futaba_0433.opus",".opus","37018"
"Voice\futaba_0434.opus",".opus","43964"
"Voice\futaba_0435.opus",".opus","37449"
"Voice\futaba_0436.opus",".opus","19535"
"Voice\futaba_0437.opus",".opus","13090"
"Voice\futaba_0438.opus",".opus","13830"
"Voice\futaba_0439.opus",".opus","14290"
"Voice\futaba_0440.opus",".opus","16469"
"Voice\futaba_0441.opus",".opus","19588"
"Voice\futaba_0442.opus",".opus","24058"
"Voice\futaba_0443.opus",".opus","75293"
"Voice\futaba_0444.opus",".opus","15758"
"Voice\futaba_0445.opus",".opus","10273"
"Voice\futaba_0446.opus",".opus","20241"
"Voice\futaba_0447.opus",".opus","5350"
"Voice\futaba_0448.opus",".opus","32918"
"Voice\futaba_0449.opus",".opus","12685"
"Voice\futaba_0450.opus",".opus","16143"
"Voice\futaba_0451.opus",".opus","82352"
"Voice\futaba_0452.opus",".opus","8971"
"Voice\futaba_0453.opus",".opus","19137"
"Voice\futaba_0455.opus",".opus","36561"
"Voice\futaba_0456.opus",".opus","19837"
"Voice\futaba_0457.opus",".opus","13133"
"Voice\futaba_0458.opus",".opus","42882"
"Voice\futaba_0459.opus",".opus","27805"
"Voice\futaba_0460.opus",".opus","24663"
"Voice\futaba_0461.opus",".opus","57498"
"Voice\futaba_0462.opus",".opus","25029"
"Voice\futaba_0463.opus",".opus","84485"
"Voice\futaba_0464.opus",".opus","31667"
"Voice\futaba_0465.opus",".opus","52146"
"Voice\futaba_0466.opus",".opus","44747"
"Voice\futaba_0467.opus",".opus","18733"
"Voice\futaba_0468.opus",".opus","40990"
"Voice\futaba_0469.opus",".opus","10469"
"Voice\futaba_0470.opus",".opus","22299"
"Voice\futaba_0471.opus",".opus","37983"
"Voice\futaba_0472.opus",".opus","21751"
"Voice\futaba_0473.opus",".opus","49370"
"Voice\futaba_0474.opus",".opus","34520"
"Voice\futaba_0475.opus",".opus","46771"
"Voice\futaba_0476.opus",".opus","23877"
"Voice\futaba_0477.opus",".opus","28804"
"Voice\futaba_0478.opus",".opus","34554"
"Voice\futaba_0479.opus",".opus","8118"
"Voice\futaba_0480.opus",".opus","34819"
"Voice\futaba_0481.opus",".opus","39566"
"Voice\futaba_0482.opus",".opus","35438"
"Voice\futaba_0483.opus",".opus","50334"
"Voice\futaba_0484.opus",".opus","7908"
"Voice\futaba_0485.opus",".opus","18088"
"Voice\futaba_0486.opus",".opus","6836"
"Voice\futaba_0487.opus",".opus","27455"
"Voice\futaba_0488.opus",".opus","50873"
"Voice\futaba_0489.opus",".opus","8796"
"Voice\futaba_0490.opus",".opus","95386"
"Voice\futaba_0491.opus",".opus","9205"
"Voice\futaba_0492.opus",".opus","107683"
"Voice\futaba_0493.opus",".opus","90041"
"Voice\futaba_0494.opus",".opus","8978"
"Voice\futaba_0495.opus",".opus","5375"
"Voice\futaba_0496.opus",".opus","19891"
"Voice\futaba_0497.opus",".opus","10856"
"Voice\futaba_0498.opus",".opus","41209"
"Voice\futaba_0499.opus",".opus","7838"
"Voice\futaba_0500.opus",".opus","4975"
"Voice\futaba_0501.opus",".opus","14953"
"Voice\futaba_0502.opus",".opus","9124"
"Voice\futaba_0503.opus",".opus","12713"
"Voice\futaba_0504.opus",".opus","10358"
"Voice\futaba_0505.opus",".opus","52317"
"Voice\futaba_0506.opus",".opus","37184"
"Voice\futaba_0507.opus",".opus","6609"
"Voice\futaba_0508.opus",".opus","20314"
"Voice\futaba_0509.opus",".opus","20625"
"Voice\futaba_0510.opus",".opus","54392"
"Voice\futaba_0511.opus",".opus","81555"
"Voice\futaba_0512.opus",".opus","35121"
"Voice\futaba_0513.opus",".opus","47715"
"Voice\futaba_0514.opus",".opus","45554"
"Voice\futaba_0515.opus",".opus","90241"
"Voice\futaba_0516.opus",".opus","47008"
"Voice\futaba_0517.opus",".opus","29366"
"Voice\futaba_0518.opus",".opus","29825"
"Voice\futaba_0519.opus",".opus","43030"
"Voice\futaba_0520.opus",".opus","37458"
"Voice\futaba_0521.opus",".opus","20818"
"Voice\futaba_0522.opus",".opus","63736"
"Voice\futaba_0523.opus",".opus","6050"
"Voice\futaba_0524.opus",".opus","50358"
"Voice\futaba_0525.opus",".opus","23276"
"Voice\futaba_0526.opus",".opus","30564"
"Voice\futaba_0527.opus",".opus","9743"
"Voice\futaba_0528.opus",".opus","9444"
"Voice\futaba_0529.opus",".opus","49668"
"Voice\futaba_0530.opus",".opus","44874"
"Voice\futaba_0531.opus",".opus","72592"
"Voice\futaba_0532.opus",".opus","83835"
"Voice\futaba_0533.opus",".opus","17011"
"Voice\futaba_0534.opus",".opus","35026"
"Voice\futaba_0535.opus",".opus","12686"
"Voice\futaba_0536.opus",".opus","13122"
"Voice\futaba_0537.opus",".opus","58500"
"Voice\futaba_0538.opus",".opus","12855"
"Voice\futaba_0539.opus",".opus","35915"
"Voice\futaba_0540.opus",".opus","8365"
"Voice\futaba_0541.opus",".opus","17356"
"Voice\futaba_0542.opus",".opus","12216"
"Voice\futaba_0543.opus",".opus","7912"
"Voice\futaba_0544.opus",".opus","17309"
"Voice\futaba_0545.opus",".opus","47567"
"Voice\futaba_0546.opus",".opus","61658"
"Voice\futaba_0547.opus",".opus","16561"
"Voice\futaba_0548.opus",".opus","53566"
"Voice\futaba_0549.opus",".opus","18590"
"Voice\futaba_0550.opus",".opus","79826"
"Voice\futaba_0551.opus",".opus","118258"
"Voice\futaba_0552.opus",".opus","76201"
"Voice\futaba_0553.opus",".opus","28608"
"Voice\futaba_0554.opus",".opus","48501"
"Voice\futaba_0555.opus",".opus","91833"
"Voice\futaba_0556.opus",".opus","141760"
"Voice\futaba_0557.opus",".opus","110486"
"Voice\futaba_0558.opus",".opus","62010"
"Voice\futaba_0559.opus",".opus","106587"
"Voice\futaba_0560.opus",".opus","55362"
"Voice\futaba_0561.opus",".opus","36181"
"Voice\futaba_0562.opus",".opus","69836"
"Voice\futaba_0563.opus",".opus","107771"
"Voice\futaba_0564.opus",".opus","36572"
"Voice\futaba_0565.opus",".opus","76117"
"Voice\futaba_0566.opus",".opus","86739"
"Voice\futaba_0567.opus",".opus","81729"
"Voice\futaba_0568.opus",".opus","126806"
"Voice\futaba_0569.opus",".opus","42619"
"Voice\futaba_0570.opus",".opus","14131"
"Voice\futaba_0571.opus",".opus","17717"
"Voice\futaba_0572.opus",".opus","42218"
"Voice\futaba_0573.opus",".opus","48147"
"Voice\futaba_0574.opus",".opus","42280"
"Voice\futaba_0575.opus",".opus","45161"
"Voice\futaba_0576.opus",".opus","47022"
"Voice\futaba_0577.opus",".opus","72347"
"Voice\futaba_0578.opus",".opus","64534"
"Voice\futaba_0579.opus",".opus","14835"
"Voice\futaba_0580.opus",".opus","8692"
"Voice\futaba_0581.opus",".opus","50123"
"Voice\futaba_0582.opus",".opus","55150"
"Voice\futaba_0583.opus",".opus","95368"
"Voice\futaba_0584.opus",".opus","132742"
"Voice\futaba_0585.opus",".opus","57810"
"Voice\futaba_0586.opus",".opus","50085"
"Voice\futaba_0587.opus",".opus","17832"
"Voice\futaba_0588.opus",".opus","10003"
"Voice\futaba_0589.opus",".opus","62841"
"Voice\futaba_0590.opus",".opus","48925"
"Voice\futaba_0591.opus",".opus","61236"
"Voice\futaba_0592.opus",".opus","24465"
"Voice\futaba_0593.opus",".opus","17293"
"Voice\futaba_0594.opus",".opus","83662"
"Voice\futaba_0595.opus",".opus","76785"
"Voice\futaba_0596.opus",".opus","48362"
"Voice\futaba_0597.opus",".opus","17190"
"Voice\futaba_0598.opus",".opus","111893"
"Voice\futaba_0599.opus",".opus","123302"
"Voice\futaba_0600.opus",".opus","38979"
"Voice\futaba_0601.opus",".opus","64746"
"Voice\futaba_0602.opus",".opus","32122"
"Voice\futaba_0603.opus",".opus","47511"
"Voice\futaba_0604.opus",".opus","45269"
"Voice\futaba_0605.opus",".opus","31869"
"Voice\futaba_0606.opus",".opus","47661"
"Voice\futaba_0607.opus",".opus","5621"
"Voice\futaba_0608.opus",".opus","37390"
"Voice\futaba_0609.opus",".opus","25869"
"Voice\futaba_0610.opus",".opus","51980"
"Voice\futaba_0611.opus",".opus","56121"
"Voice\futaba_0612.opus",".opus","41337"
"Voice\futaba_0613.opus",".opus","31725"
"Voice\futaba_0614.opus",".opus","33470"
"Voice\futaba_0615.opus",".opus","62846"
"Voice\futaba_0617.opus",".opus","51798"
"Voice\futaba_0618.opus",".opus","46641"
"Voice\futaba_0619.opus",".opus","73605"
"Voice\futaba_0620.opus",".opus","38243"
"Voice\futaba_0621.opus",".opus","17278"
"Voice\futaba_0622.opus",".opus","13489"
"Voice\futaba_0623.opus",".opus","79518"
"Voice\futaba_0624.opus",".opus","35587"
"Voice\futaba_0625.opus",".opus","73955"
"Voice\futaba_0626.opus",".opus","9286"
"Voice\futaba_0627.opus",".opus","13522"
"Voice\futaba_0628.opus",".opus","55827"
"Voice\futaba_0629.opus",".opus","101556"
"Voice\futaba_0630.opus",".opus","202793"
"Voice\futaba_0631.opus",".opus","149552"
"Voice\futaba_0632.opus",".opus","78844"
"Voice\futaba_0634.opus",".opus","10584"
"Voice\futaba_0635.opus",".opus","29376"
"Voice\futaba_0636.opus",".opus","99844"
"Voice\futaba_0637.opus",".opus","5232"
"Voice\futaba_0638.opus",".opus","28040"
"Voice\futaba_0639.opus",".opus","28632"
"Voice\futaba_0640.opus",".opus","39282"
"Voice\futaba_0641.opus",".opus","85359"
"Voice\futaba_0642.opus",".opus","57227"
"Voice\futaba_0643.opus",".opus","127427"
"Voice\futaba_0644.opus",".opus","127270"
"Voice\futaba_0645.opus",".opus","115667"
"Voice\futaba_0646.opus",".opus","48298"
"Voice\futaba_0647.opus",".opus","31667"
"Voice\futaba_0648.opus",".opus","64863"
"Voice\futaba_0649.opus",".opus","13685"
"Voice\futaba_0650.opus",".opus","8631"
"Voice\futaba_0651.opus",".opus","113194"
"Voice\futaba_0652.opus",".opus","63504"
"Voice\futaba_0653.opus",".opus","94278"
"Voice\futaba_0654.opus",".opus","17317"
"Voice\futaba_0655.opus",".opus","57158"
"Voice\futaba_0656.opus",".opus","66505"
"Voice\futaba_0657.opus",".opus","22893"
"Voice\futaba_0658.opus",".opus","90330"
"Voice\futaba_0659.opus",".opus","44793"
"Voice\futaba_0660.opus",".opus","30650"
"Voice\futaba_0661.opus",".opus","54455"
"Voice\futaba_0662.opus",".opus","22839"
"Voice\futaba_0663.opus",".opus","101942"
"Voice\futaba_0664.opus",".opus","75223"
"Voice\futaba_0665.opus",".opus","143687"
"Voice\futaba_0666.opus",".opus","135091"
"Voice\futaba_0667.opus",".opus","46440"
"Voice\futaba_0668.opus",".opus","27131"
"Voice\futaba_0669.opus",".opus","138595"
"Voice\futaba_0670.opus",".opus","21845"
"Voice\futaba_0671.opus",".opus","10023"
"Voice\futaba_0672.opus",".opus","7474"
"Voice\futaba_0673.opus",".opus","66610"
"Voice\futaba_0674.opus",".opus","18446"
"Voice\futaba_0675.opus",".opus","72507"
"Voice\futaba_0676.opus",".opus","116832"
"Voice\futaba_0677.opus",".opus","114477"
"Voice\futaba_0678.opus",".opus","121403"
"Voice\futaba_0679.opus",".opus","41339"
"Voice\futaba_0680a.opus",".opus","53098"
"Voice\futaba_0680b.opus",".opus","59244"
"Voice\futaba_0681.opus",".opus","8697"
"Voice\futaba_0682.opus",".opus","83930"
"Voice\futaba_0683.opus",".opus","119326"
"Voice\futaba_0684.opus",".opus","131747"
"Voice\futaba_0685.opus",".opus","122098"
"Voice\futaba_0686.opus",".opus","36347"
"Voice\futaba_0687.opus",".opus","28428"
"Voice\futaba_0688.opus",".opus","38135"
"Voice\futaba_0689.opus",".opus","37740"
"Voice\futaba_0690.opus",".opus","101078"
"Voice\futaba_0691a.opus",".opus","82057"
"Voice\futaba_0691b.opus",".opus","29468"
"Voice\futaba_0692.opus",".opus","86906"
"Voice\futaba_0693.opus",".opus","59517"
"Voice\futaba_0694.opus",".opus","25481"
"Voice\futaba_0695.opus",".opus","59514"
"Voice\futaba_0696.opus",".opus","12315"
"Voice\futaba_0697.opus",".opus","14444"
"Voice\futaba_0698.opus",".opus","20790"
"Voice\futaba_0699.opus",".opus","30143"
"Voice\futaba_0700.opus",".opus","5163"
"Voice\futaba_0701.opus",".opus","83639"
"Voice\futaba_0702.opus",".opus","92866"
"Voice\futaba_0703.opus",".opus","117287"
"Voice\futaba_0704.opus",".opus","60903"
"Voice\futaba_0705.opus",".opus","26077"
"Voice\futaba_0706.opus",".opus","81927"
"Voice\futaba_0707.opus",".opus","141776"
"Voice\futaba_0708.opus",".opus","198534"
"Voice\futaba_0709.opus",".opus","204197"
"Voice\futaba_0710.opus",".opus","153727"
"Voice\futaba_0711.opus",".opus","115351"
"Voice\futaba_0712.opus",".opus","92547"
"Voice\futaba_0713.opus",".opus","115502"
"Voice\futaba_0714.opus",".opus","106947"
"Voice\futaba_0715.opus",".opus","112376"
"Voice\futaba_0716.opus",".opus","91959"
"Voice\futaba_0717.opus",".opus","59661"
"Voice\futaba_0718.opus",".opus","12542"
"Voice\futaba_0719.opus",".opus","14794"
"Voice\futaba_0720.opus",".opus","26161"
"Voice\futaba_0721.opus",".opus","73804"
"Voice\futaba_0722.opus",".opus","64751"
"Voice\futaba_0726.opus",".opus","42942"
"Voice\futaba_0727.opus",".opus","95562"
"Voice\futaba_0728.opus",".opus","80913"
"Voice\futaba_0729.opus",".opus","105396"
"Voice\futaba_0730.opus",".opus","118635"
"Voice\futaba_0731.opus",".opus","105077"
"Voice\futaba_0732.opus",".opus","100328"
"Voice\futaba_0733.opus",".opus","31509"
"Voice\futaba_0734.opus",".opus","93362"
"Voice\futaba_0735.opus",".opus","45438"
"Voice\futaba_0736.opus",".opus","82535"
"Voice\futaba_0737.opus",".opus","10711"
"Voice\futaba_0738.opus",".opus","67439"
"Voice\futaba_0739.opus",".opus","51249"
"Voice\futaba_0740.opus",".opus","46382"
"Voice\futaba_0741.opus",".opus","71606"
"Voice\futaba_0742.opus",".opus","62681"
"Voice\futaba_0743.opus",".opus","24110"
"Voice\futaba_0744.opus",".opus","80771"
"Voice\futaba_0745.opus",".opus","65237"
"Voice\futaba_0746.opus",".opus","114606"
"Voice\futaba_0747.opus",".opus","52571"
"Voice\futaba_0748.opus",".opus","83420"
"Voice\futaba_0749.opus",".opus","72660"
"Voice\futaba_0750.opus",".opus","42919"
"Voice\futaba_0751.opus",".opus","78266"
"Voice\futaba_0752.opus",".opus","65931"
"Voice\futaba_0753.opus",".opus","64798"
"Voice\futaba_0754.opus",".opus","97486"
"Voice\futaba_0755.opus",".opus","105685"
"Voice\futaba_0756.opus",".opus","65241"
"Voice\futaba_0757.opus",".opus","20217"
"Voice\futaba_0758.opus",".opus","102304"
"Voice\futaba_0759.opus",".opus","13470"
"Voice\futaba_0760.opus",".opus","13327"
"Voice\futaba_0761.opus",".opus","11946"
"Voice\futaba_0762.opus",".opus","39158"
"Voice\futaba_0763.opus",".opus","32991"
"Voice\futaba_0764.opus",".opus","99736"
"Voice\futaba_0765.opus",".opus","12348"
"Voice\futaba_0766.opus",".opus","66117"
"Voice\futaba_0767.opus",".opus","26275"
"Voice\futaba_0768.opus",".opus","35771"
"Voice\futaba_0769.opus",".opus","87033"
"Voice\futaba_0770a.opus",".opus","25065"
"Voice\futaba_0770b.opus",".opus","64834"
"Voice\futaba_0771.opus",".opus","44005"
"Voice\futaba_0772.opus",".opus","92298"
"Voice\futaba_0773.opus",".opus","81680"
"Voice\futaba_0774.opus",".opus","133413"
"Voice\futaba_0775.opus",".opus","142231"
"Voice\futaba_0776a.opus",".opus","36939"
"Voice\futaba_0776b.opus",".opus","52212"
"Voice\futaba_0777.opus",".opus","83139"
"Voice\futaba_0778.opus",".opus","53357"
"Voice\futaba_0779.opus",".opus","57775"
"Voice\futaba_0780.opus",".opus","92043"
"Voice\futaba_0781.opus",".opus","88593"
"Voice\futaba_0782.opus",".opus","157655"
"Voice\futaba_0783.opus",".opus","82035"
"Voice\futaba_0784.opus",".opus","18518"
"Voice\futaba_0785.opus",".opus","47390"
"Voice\futaba_0786.opus",".opus","35439"
"Voice\futaba_0787.opus",".opus","42745"
"Voice\futaba_0788.opus",".opus","69851"
"Voice\futaba_0789.opus",".opus","25351"
"Voice\futaba_0790.opus",".opus","51430"
"Voice\futaba_0791.opus",".opus","34845"
"Voice\futaba_0792.opus",".opus","17639"
"Voice\futaba_0793.opus",".opus","30105"
"Voice\futaba_0794.opus",".opus","10583"
"Voice\futaba_0795.opus",".opus","21654"
"Voice\futaba_0796.opus",".opus","29464"
"Voice\futaba_0797.opus",".opus","55464"
"Voice\futaba_0798.opus",".opus","21111"
"Voice\futaba_0799a.opus",".opus","15199"
"Voice\futaba_0799b.opus",".opus","15375"
"Voice\futaba_0800.opus",".opus","40415"
"Voice\futaba_0801.opus",".opus","44487"
"Voice\futaba_0802.opus",".opus","24125"
"Voice\futaba_0803.opus",".opus","88889"
"Voice\futaba_0804.opus",".opus","138226"
"Voice\futaba_0805.opus",".opus","62630"
"Voice\futaba_0806.opus",".opus","86848"
"Voice\futaba_0807.opus",".opus","15611"
"Voice\futaba_0808.opus",".opus","70730"
"Voice\futaba_0809.opus",".opus","32871"
"Voice\futaba_0810.opus",".opus","9353"
"Voice\futaba_0811.opus",".opus","34478"
"Voice\futaba_0812.opus",".opus","21259"
"Voice\futaba_0813.opus",".opus","53266"
"Voice\futaba_0814.opus",".opus","79511"
"Voice\futaba_0815.opus",".opus","63699"
"Voice\futaba_0816.opus",".opus","66567"
"Voice\futaba_0817.opus",".opus","85406"
"Voice\futaba_0818.opus",".opus","12847"
"Voice\futaba_0819.opus",".opus","34613"
"Voice\futaba_0820.opus",".opus","15042"
"Voice\futaba_0821.opus",".opus","16683"
"Voice\futaba_0822.opus",".opus","104678"
"Voice\futaba_0823.opus",".opus","135305"
"Voice\futaba_0824.opus",".opus","94694"
"Voice\futaba_0825.opus",".opus","100112"
"Voice\futaba_0826.opus",".opus","70056"
"Voice\futaba_0827.opus",".opus","26870"
"Voice\futaba_0828.opus",".opus","62217"
"Voice\futaba_0829.opus",".opus","65330"
"Voice\futaba_0830.opus",".opus","121927"
"Voice\futaba_0831.opus",".opus","39856"
"Voice\futaba_0832.opus",".opus","23403"
"Voice\futaba_0833.opus",".opus","30383"
"Voice\futaba_0834.opus",".opus","94348"
"Voice\futaba_0835.opus",".opus","29980"
"Voice\futaba_0836.opus",".opus","34470"
"Voice\futaba_0837.opus",".opus","53429"
"Voice\futaba_0838.opus",".opus","5220"
"Voice\futaba_0839.opus",".opus","56948"
"Voice\futaba_0840.opus",".opus","63866"
"Voice\futaba_0841.opus",".opus","23896"
"Voice\futaba_0842.opus",".opus","29658"
"Voice\futaba_0843.opus",".opus","39638"
"Voice\futaba_0844.opus",".opus","38053"
"Voice\futaba_0845.opus",".opus","12396"
"Voice\futaba_0846.opus",".opus","71291"
"Voice\futaba_0847.opus",".opus","52338"
"Voice\futaba_0848.opus",".opus","94344"
"Voice\futaba_0849.opus",".opus","65971"
"Voice\futaba_0850.opus",".opus","54475"
"Voice\futaba_0851.opus",".opus","79155"
"Voice\futaba_0852.opus",".opus","17785"
"Voice\futaba_0853.opus",".opus","10460"
"Voice\futaba_0854.opus",".opus","25365"
"Voice\futaba_0855.opus",".opus","91437"
"Voice\futaba_0856.opus",".opus","41943"
"Voice\futaba_0857.opus",".opus","40664"
"Voice\futaba_0858.opus",".opus","37022"
"Voice\futaba_0859.opus",".opus","40321"
"Voice\futaba_0860.opus",".opus","13641"
"Voice\futaba_0861.opus",".opus","12477"
"Voice\futaba_0862.opus",".opus","30136"
"Voice\futaba_0863.opus",".opus","5322"
"Voice\futaba_0864.opus",".opus","18576"
"Voice\futaba_0865.opus",".opus","16272"
"Voice\futaba_0866.opus",".opus","38525"
"Voice\futaba_0867.opus",".opus","21034"
"Voice\futaba_0868.opus",".opus","8302"
"Voice\futaba_0869.opus",".opus","7943"
"Voice\futaba_0870.opus",".opus","7051"
"Voice\futaba_0871.opus",".opus","48543"
"Voice\futaba_0872.opus",".opus","6056"
"Voice\futaba_0873.opus",".opus","16246"
"Voice\futaba_0874.opus",".opus","26521"
"Voice\futaba_0875.opus",".opus","5861"
"Voice\futaba_0876.opus",".opus","16748"
"Voice\futaba_0877.opus",".opus","54955"
"Voice\futaba_0878.opus",".opus","5520"
"Voice\futaba_0879.opus",".opus","62917"
"Voice\futaba_0880.opus",".opus","5992"
"Voice\futaba_0881.opus",".opus","71214"
"Voice\futaba_0882.opus",".opus","5486"
"Voice\futaba_0883.opus",".opus","15573"
"Voice\futaba_0884.opus",".opus","4622"
"Voice\futaba_0885.opus",".opus","24650"
"Voice\futaba_0886.opus",".opus","5610"
"Voice\futaba_0887.opus",".opus","17890"
"Voice\futaba_0888.opus",".opus","136162"
"Voice\futaba_0889.opus",".opus","13871"
"Voice\futaba_0890.opus",".opus","44382"
"Voice\futaba_0891.opus",".opus","12850"
"Voice\futaba_0892.opus",".opus","27427"
"Voice\futaba_0893.opus",".opus","5369"
"Voice\futaba_0894.opus",".opus","9230"
"Voice\futaba_0895.opus",".opus","5514"
"Voice\futaba_0896.opus",".opus","40466"
"Voice\futaba_0897.opus",".opus","21593"
"Voice\futaba_0898.opus",".opus","20461"
"Voice\futaba_0899.opus",".opus","52357"
"Voice\futaba_0900.opus",".opus","77918"
"Voice\futaba_0901.opus",".opus","48909"
"Voice\futaba_0902.opus",".opus","53686"
"Voice\futaba_0903.opus",".opus","62071"
"Voice\futaba_0904.opus",".opus","18071"
"Voice\futaba_0905.opus",".opus","120225"
"Voice\futaba_0906.opus",".opus","92575"
"Voice\futaba_0907.opus",".opus","120569"
"Voice\futaba_0908.opus",".opus","138175"
"Voice\futaba_0909.opus",".opus","146383"
"Voice\futaba_0911.opus",".opus","132627"
"Voice\futaba_0912.opus",".opus","64357"
"Voice\futaba_0913.opus",".opus","34863"
"Voice\futaba_0914.opus",".opus","48487"
"Voice\futaba_0915.opus",".opus","18688"
"Voice\futaba_0916.opus",".opus","7559"
"Voice\futaba_0917.opus",".opus","25746"
"Voice\futaba_0918.opus",".opus","5490"
"Voice\futaba_0919.opus",".opus","11432"
"Voice\futaba_0920.opus",".opus","6031"
"Voice\futaba_0921.opus",".opus","15091"
"Voice\futaba_0922.opus",".opus","12577"
"Voice\futaba_0923.opus",".opus","47549"
"Voice\futaba_0924.opus",".opus","16744"
"Voice\futaba_0925.opus",".opus","59928"
"Voice\futaba_0926.opus",".opus","39561"
"Voice\futaba_0927.opus",".opus","32345"
"Voice\futaba_0928.opus",".opus","27695"
"Voice\futaba_0929.opus",".opus","78078"
"Voice\futaba_0930.opus",".opus","17608"
"Voice\futaba_0931.opus",".opus","13327"
"Voice\futaba_0932.opus",".opus","17359"
"Voice\futaba_0933.opus",".opus","43020"
"Voice\futaba_0934.opus",".opus","32115"
"Voice\futaba_0935.opus",".opus","20210"
"Voice\futaba_0936.opus",".opus","40862"
"Voice\futaba_0937.opus",".opus","7102"
"Voice\futaba_0938.opus",".opus","28843"
"Voice\futaba_0939.opus",".opus","36217"
"Voice\futaba_0940.opus",".opus","71305"
"Voice\futaba_0941.opus",".opus","27343"
"Voice\futaba_0943.opus",".opus","39761"
"Voice\futaba_0944.opus",".opus","55550"
"Voice\futaba_0945.opus",".opus","10271"
"Voice\futaba_0946.opus",".opus","26437"
"Voice\futaba_0947.opus",".opus","71796"
"Voice\futaba_0948.opus",".opus","7480"
"Voice\futaba_0949.opus",".opus","8171"
"Voice\futaba_0950.opus",".opus","67955"
"Voice\futaba_0951.opus",".opus","78348"
"Voice\futaba_0952.opus",".opus","5248"
"Voice\futaba_0953.opus",".opus","41302"
"Voice\futaba_0954.opus",".opus","16123"
"Voice\futaba_0955.opus",".opus","37194"
"Voice\futaba_0956.opus",".opus","108273"
"Voice\futaba_0957.opus",".opus","65038"
"Voice\futaba_0958.opus",".opus","7580"
"Voice\futaba_0959.opus",".opus","41990"
"Voice\futaba_0960.opus",".opus","86348"
"Voice\futaba_0961.opus",".opus","147219"
"Voice\futaba_0962.opus",".opus","39396"
"Voice\futaba_0963.opus",".opus","149376"
"Voice\futaba_0964.opus",".opus","87987"
"Voice\futaba_0965.opus",".opus","10361"
"Voice\futaba_0966.opus",".opus","58784"
"Voice\futaba_0967.opus",".opus","150668"
"Voice\futaba_0968.opus",".opus","124988"
"Voice\futaba_0969.opus",".opus","76550"
"Voice\futaba_0970.opus",".opus","58831"
"Voice\futaba_0971.opus",".opus","71076"
"Voice\futaba_0973.opus",".opus","35765"
"Voice\futaba_0974.opus",".opus","29406"
"Voice\futaba_0975.opus",".opus","39844"
"Voice\futaba_0976.opus",".opus","8635"
"Voice\futaba_0977.opus",".opus","24176"
"Voice\futaba_0978.opus",".opus","25241"
"Voice\futaba_0979.opus",".opus","16395"
"Voice\futaba_0980.opus",".opus","6376"
"Voice\futaba_0981.opus",".opus","25491"
"Voice\futaba_0982.opus",".opus","38743"
"Voice\futaba_0983.opus",".opus","21179"
"Voice\futaba_0984.opus",".opus","52151"
"Voice\futaba_0985.opus",".opus","43934"
"Voice\futaba_0986.opus",".opus","44828"
"Voice\futaba_0987.opus",".opus","17390"
"Voice\futaba_0988.opus",".opus","46209"
"Voice\futaba_0989.opus",".opus","26105"
"Voice\futaba_0990.opus",".opus","48072"
"Voice\futaba_0991.opus",".opus","54247"
"Voice\futaba_0992.opus",".opus","69181"
"Voice\futaba_9001.opus",".opus","54738"
"Voice\hana_0000.opus",".opus","42962"
"Voice\hana_0001.opus",".opus","104902"
"Voice\hana_0002.opus",".opus","51525"
"Voice\hana_0003.opus",".opus","166072"
"Voice\hana_0004.opus",".opus","86440"
"Voice\hana_0005.opus",".opus","50686"
"Voice\hana_0006.opus",".opus","63103"
"Voice\hana_0007.opus",".opus","41726"
"Voice\hana_0008.opus",".opus","31551"
"Voice\hana_0009.opus",".opus","66324"
"Voice\hana_0010.opus",".opus","55731"
"Voice\hana_0011.opus",".opus","83907"
"Voice\hana_0012.opus",".opus","92113"
"Voice\hana_0013.opus",".opus","62833"
"Voice\hana_0014.opus",".opus","4381"
"Voice\hana_0015.opus",".opus","45317"
"Voice\hana_0016.opus",".opus","62526"
"Voice\hana_0017.opus",".opus","81005"
"Voice\hana_0018.opus",".opus","44642"
"Voice\hana_0019.opus",".opus","14287"
"Voice\hana_0020.opus",".opus","17120"
"Voice\hana_0021.opus",".opus","14859"
"Voice\hana_0022.opus",".opus","28986"
"Voice\hana_0023.opus",".opus","131388"
"Voice\hana_0024.opus",".opus","81503"
"Voice\hana_0025.opus",".opus","47305"
"Voice\hana_0026.opus",".opus","168856"
"Voice\hana_0027a.opus",".opus","84276"
"Voice\hana_0027b.opus",".opus","27946"
"Voice\hana_0028.opus",".opus","91905"
"Voice\hana_0029.opus",".opus","71113"
"Voice\hana_0030.opus",".opus","136754"
"Voice\hana_0031.opus",".opus","19517"
"Voice\hana_0032.opus",".opus","59318"
"Voice\hana_0033.opus",".opus","27347"
"Voice\hana_0034.opus",".opus","44273"
"Voice\hana_0035.opus",".opus","90243"
"Voice\hana_0036.opus",".opus","77545"
"Voice\hana_0037.opus",".opus","53934"
"Voice\hana_0038.opus",".opus","82894"
"Voice\hana_0039.opus",".opus","4961"
"Voice\hana_0040.opus",".opus","57220"
"Voice\hana_0041.opus",".opus","56512"
"Voice\hana_0042.opus",".opus","22153"
"Voice\hana_0043.opus",".opus","68983"
"Voice\hana_0044.opus",".opus","112568"
"Voice\hana_0045.opus",".opus","103988"
"Voice\hana_0046.opus",".opus","73584"
"Voice\hana_0047.opus",".opus","40946"
"Voice\hana_0048.opus",".opus","36264"
"Voice\hana_0049.opus",".opus","21062"
"Voice\hana_0050.opus",".opus","16872"
"Voice\hana_0051.opus",".opus","3992"
"Voice\hana_0052.opus",".opus","6068"
"Voice\hana_0053.opus",".opus","45883"
"Voice\hana_0054.opus",".opus","66182"
"Voice\hana_0055.opus",".opus","7696"
"Voice\hana_0056.opus",".opus","44826"
"Voice\hana_0057.opus",".opus","97078"
"Voice\hana_0058.opus",".opus","34299"
"Voice\hana_0059.opus",".opus","62531"
"Voice\hana_0060.opus",".opus","95159"
"Voice\hana_0061.opus",".opus","96765"
"Voice\hana_0062.opus",".opus","20236"
"Voice\hana_0063.opus",".opus","19300"
"Voice\hana_0064.opus",".opus","67632"
"Voice\hana_0065.opus",".opus","28645"
"Voice\hana_0066.opus",".opus","62178"
"Voice\hana_0067.opus",".opus","107243"
"Voice\hana_0068.opus",".opus","102249"
"Voice\hana_0069.opus",".opus","50601"
"Voice\hana_0070.opus",".opus","86295"
"Voice\hana_0071.opus",".opus","75057"
"Voice\hana_0072.opus",".opus","58755"
"Voice\hana_0073.opus",".opus","87671"
"Voice\hana_0074.opus",".opus","67977"
"Voice\hana_0075.opus",".opus","57166"
"Voice\hana_0076.opus",".opus","64750"
"Voice\hana_0077.opus",".opus","96228"
"Voice\hana_0078.opus",".opus","115509"
"Voice\hana_0079.opus",".opus","104728"
"Voice\hana_0080.opus",".opus","46671"
"Voice\hana_0081.opus",".opus","108425"
"Voice\hana_0082.opus",".opus","163040"
"Voice\hana_0083.opus",".opus","25873"
"Voice\hana_0084.opus",".opus","15630"
"Voice\hana_0085.opus",".opus","72587"
"Voice\hana_0088.opus",".opus","43759"
"Voice\hana_0089.opus",".opus","90352"
"Voice\hana_0090.opus",".opus","68261"
"Voice\hana_0091.opus",".opus","20514"
"Voice\hana_0092.opus",".opus","33345"
"Voice\hana_0093.opus",".opus","98315"
"Voice\hana_0094.opus",".opus","79587"
"Voice\hana_0095.opus",".opus","9515"
"Voice\hana_0096.opus",".opus","4410"
"Voice\hana_0097.opus",".opus","66475"
"Voice\hana_0098.opus",".opus","148963"
"Voice\hana_0099.opus",".opus","48062"
"Voice\hana_0100.opus",".opus","31758"
"Voice\hana_0101.opus",".opus","87627"
"Voice\hana_0102.opus",".opus","61285"
"Voice\hana_0103a.opus",".opus","42353"
"Voice\hana_0103b.opus",".opus","53375"
"Voice\hana_0104.opus",".opus","123050"
"Voice\hana_0105.opus",".opus","60250"
"Voice\hana_0106.opus",".opus","74347"
"Voice\hana_0107.opus",".opus","56125"
"Voice\hana_0108.opus",".opus","71619"
"Voice\hana_0109.opus",".opus","69732"
"Voice\hana_0110.opus",".opus","74033"
"Voice\hana_0111.opus",".opus","49301"
"Voice\hana_0112.opus",".opus","37366"
"Voice\hana_0113.opus",".opus","68353"
"Voice\hana_0114.opus",".opus","29315"
"Voice\hana_0115.opus",".opus","74776"
"Voice\hana_0116.opus",".opus","66724"
"Voice\hana_0117.opus",".opus","44087"
"Voice\hana_0118.opus",".opus","90566"
"Voice\hana_0119.opus",".opus","61463"
"Voice\hana_0120.opus",".opus","126051"
"Voice\hana_0121.opus",".opus","17360"
"Voice\hana_0122.opus",".opus","60924"
"Voice\hana_0123.opus",".opus","39930"
"Voice\hana_0124a.opus",".opus","22720"
"Voice\hana_0124b.opus",".opus","38772"
"Voice\hana_0125.opus",".opus","73473"
"Voice\hana_0126.opus",".opus","55883"
"Voice\hana_0127.opus",".opus","12311"
"Voice\hana_0128.opus",".opus","65482"
"Voice\hana_0129.opus",".opus","33300"
"Voice\hana_0130.opus",".opus","9779"
"Voice\hana_0131.opus",".opus","69593"
"Voice\hana_0132.opus",".opus","72519"
"Voice\hana_0133.opus",".opus","78886"
"Voice\hana_0134.opus",".opus","27752"
"Voice\hana_0135.opus",".opus","93666"
"Voice\hana_0136.opus",".opus","49245"
"Voice\hana_0137.opus",".opus","33868"
"Voice\hana_0138.opus",".opus","50650"
"Voice\hana_0139.opus",".opus","67124"
"Voice\hana_0140.opus",".opus","77015"
"Voice\hana_0141.opus",".opus","99741"
"Voice\hana_0142.opus",".opus","70108"
"Voice\hana_0143.opus",".opus","21821"
"Voice\hana_0144.opus",".opus","40244"
"Voice\hana_0145.opus",".opus","37709"
"Voice\hana_0146.opus",".opus","12291"
"Voice\hana_0147.opus",".opus","34421"
"Voice\hana_0148.opus",".opus","16465"
"Voice\hana_0149.opus",".opus","33887"
"Voice\hana_0150.opus",".opus","37114"
"Voice\hana_0151.opus",".opus","54488"
"Voice\hana_0152.opus",".opus","14232"
"Voice\hana_0153.opus",".opus","88648"
"Voice\hana_0154.opus",".opus","59751"
"Voice\hana_0155.opus",".opus","15912"
"Voice\hana_0156.opus",".opus","82399"
"Voice\hana_0157.opus",".opus","65446"
"Voice\hana_0158.opus",".opus","122653"
"Voice\hana_0159.opus",".opus","132943"
"Voice\hana_0160.opus",".opus","113102"
"Voice\hana_0161.opus",".opus","43503"
"Voice\hana_0162.opus",".opus","47342"
"Voice\hana_0163.opus",".opus","163094"
"Voice\hana_0164.opus",".opus","59536"
"Voice\hana_0165.opus",".opus","82463"
"Voice\hana_0166.opus",".opus","35546"
"Voice\hana_0167.opus",".opus","78618"
"Voice\hana_0168.opus",".opus","54298"
"Voice\hana_0169.opus",".opus","116616"
"Voice\hana_0170.opus",".opus","57264"
"Voice\hana_0171.opus",".opus","44909"
"Voice\hana_0172.opus",".opus","52704"
"Voice\hana_0173.opus",".opus","92092"
"Voice\hana_0174.opus",".opus","46144"
"Voice\hana_0175.opus",".opus","120473"
"Voice\hana_0176.opus",".opus","60000"
"Voice\hana_0177.opus",".opus","101646"
"Voice\hana_0178.opus",".opus","18553"
"Voice\hana_0179.opus",".opus","31057"
"Voice\hana_0180.opus",".opus","78321"
"Voice\hana_0181.opus",".opus","59545"
"Voice\hana_0182.opus",".opus","103972"
"Voice\hana_0183.opus",".opus","7520"
"Voice\hana_0184.opus",".opus","97096"
"Voice\hana_0185.opus",".opus","69532"
"Voice\hana_0186.opus",".opus","30302"
"Voice\hana_0187.opus",".opus","25031"
"Voice\hana_0188.opus",".opus","76050"
"Voice\hana_0189.opus",".opus","36275"
"Voice\hana_0190.opus",".opus","13080"
"Voice\hana_0191.opus",".opus","32593"
"Voice\hana_0192.opus",".opus","112591"
"Voice\hana_0193.opus",".opus","83619"
"Voice\hana_0194.opus",".opus","35944"
"Voice\hana_0195.opus",".opus","44722"
"Voice\hana_0196.opus",".opus","63086"
"Voice\hana_0197.opus",".opus","54531"
"Voice\hana_0198.opus",".opus","62857"
"Voice\hana_0199.opus",".opus","93149"
"Voice\hana_0200.opus",".opus","91525"
"Voice\hana_0201.opus",".opus","83518"
"Voice\hana_0202.opus",".opus","38358"
"Voice\hana_0203.opus",".opus","88084"
"Voice\hana_0204.opus",".opus","165466"
"Voice\hana_0205.opus",".opus","137812"
"Voice\hana_0206.opus",".opus","20255"
"Voice\hana_0207.opus",".opus","30921"
"Voice\hana_0208.opus",".opus","116295"
"Voice\hana_0209.opus",".opus","69840"
"Voice\hana_0210.opus",".opus","64710"
"Voice\hana_0211.opus",".opus","92770"
"Voice\hana_0212.opus",".opus","133104"
"Voice\hana_0213.opus",".opus","73432"
"Voice\hana_0214.opus",".opus","81414"
"Voice\hana_0215.opus",".opus","33390"
"Voice\hana_0216.opus",".opus","69727"
"Voice\hana_0217.opus",".opus","104168"
"Voice\hana_0218.opus",".opus","87825"
"Voice\hana_0219.opus",".opus","17685"
"Voice\hana_0220.opus",".opus","55911"
"Voice\hana_0221.opus",".opus","47006"
"Voice\hana_0222.opus",".opus","23002"
"Voice\hana_0223.opus",".opus","40039"
"Voice\hana_0224.opus",".opus","75987"
"Voice\hana_0225.opus",".opus","90226"
"Voice\hana_0226.opus",".opus","72285"
"Voice\hana_0227.opus",".opus","67404"
"Voice\hana_0228.opus",".opus","41909"
"Voice\hana_0229.opus",".opus","9203"
"Voice\hana_0230.opus",".opus","55201"
"Voice\hana_0231.opus",".opus","35565"
"Voice\hana_0232.opus",".opus","90683"
"Voice\hana_0233.opus",".opus","5273"
"Voice\hana_0234.opus",".opus","145111"
"Voice\hana_0235.opus",".opus","141199"
"Voice\hana_0236.opus",".opus","30032"
"Voice\hana_0237.opus",".opus","74775"
"Voice\hana_0238.opus",".opus","78863"
"Voice\hana_0239.opus",".opus","18586"
"Voice\hana_0240.opus",".opus","15241"
"Voice\hana_0241.opus",".opus","51866"
"Voice\hana_0242.opus",".opus","60581"
"Voice\hana_0243.opus",".opus","118550"
"Voice\hana_0244.opus",".opus","45005"
"Voice\hana_0245.opus",".opus","67771"
"Voice\hana_0246.opus",".opus","31693"
"Voice\hana_0247.opus",".opus","38242"
"Voice\hana_0248.opus",".opus","32692"
"Voice\hana_0249.opus",".opus","49323"
"Voice\hana_0250.opus",".opus","11625"
"Voice\hana_0251.opus",".opus","92719"
"Voice\hana_0252.opus",".opus","60972"
"Voice\hana_0253.opus",".opus","8121"
"Voice\hana_0254.opus",".opus","6616"
"Voice\hana_0255.opus",".opus","64162"
"Voice\hana_0256.opus",".opus","14013"
"Voice\hana_0257.opus",".opus","14268"
"Voice\hana_0258.opus",".opus","8278"
"Voice\hana_0259.opus",".opus","40764"
"Voice\hana_0260.opus",".opus","5033"
"Voice\hana_0261.opus",".opus","17598"
"Voice\hana_0262.opus",".opus","54114"
"Voice\hana_0263.opus",".opus","18244"
"Voice\hana_0264.opus",".opus","51462"
"Voice\hana_0265.opus",".opus","42681"
"Voice\hana_0266.opus",".opus","19464"
"Voice\hana_0267.opus",".opus","71365"
"Voice\hana_0268.opus",".opus","48835"
"Voice\hana_0269.opus",".opus","49103"
"Voice\hana_0270.opus",".opus","32689"
"Voice\hana_0271.opus",".opus","19151"
"Voice\hana_0272.opus",".opus","35988"
"Voice\hana_0273.opus",".opus","57198"
"Voice\hana_0274.opus",".opus","87254"
"Voice\hana_0275.opus",".opus","109098"
"Voice\hana_0276.opus",".opus","85000"
"Voice\hana_0277.opus",".opus","27100"
"Voice\hana_0278.opus",".opus","72697"
"Voice\hana_0279.opus",".opus","91425"
"Voice\hana_0280.opus",".opus","13683"
"Voice\hana_0281.opus",".opus","46882"
"Voice\hana_0282.opus",".opus","58385"
"Voice\hana_0283.opus",".opus","139337"
"Voice\hana_0284.opus",".opus","70744"
"Voice\hana_0287.opus",".opus","68278"
"Voice\hana_0288.opus",".opus","50670"
"Voice\hana_0289.opus",".opus","187960"
"Voice\hana_0290.opus",".opus","83269"
"Voice\hana_0291.opus",".opus","42287"
"Voice\hana_0292.opus",".opus","101535"
"Voice\hana_0293.opus",".opus","43553"
"Voice\hana_0294.opus",".opus","56123"
"Voice\hana_0295.opus",".opus","54377"
"Voice\hana_0296.opus",".opus","102943"
"Voice\hana_0297.opus",".opus","167865"
"Voice\hana_0298.opus",".opus","90796"
"Voice\hana_0299.opus",".opus","43614"
"Voice\hana_0300.opus",".opus","11714"
"Voice\hana_0301.opus",".opus","22813"
"Voice\hana_0302.opus",".opus","145943"
"Voice\hana_0303.opus",".opus","55794"
"Voice\hana_0304.opus",".opus","9255"
"Voice\hana_0305.opus",".opus","81794"
"Voice\hana_0306a.opus",".opus","43848"
"Voice\hana_0306b.opus",".opus","82543"
"Voice\hana_0307.opus",".opus","25218"
"Voice\hana_0308.opus",".opus","139988"
"Voice\hana_0309.opus",".opus","98932"
"Voice\hana_0310.opus",".opus","169310"
"Voice\hana_0311.opus",".opus","142509"
"Voice\hana_0312.opus",".opus","113811"
"Voice\hana_0313.opus",".opus","152785"
"Voice\hana_0314.opus",".opus","130151"
"Voice\hana_0315.opus",".opus","17309"
"Voice\hana_0316.opus",".opus","33609"
"Voice\hana_0317.opus",".opus","112345"
"Voice\hana_0318.opus",".opus","31339"
"Voice\hana_0319.opus",".opus","76807"
"Voice\hana_0320.opus",".opus","54492"
"Voice\hana_0321.opus",".opus","80450"
"Voice\hana_0322.opus",".opus","4618"
"Voice\hana_9001.opus",".opus","69273"
"Voice\kohaku_0000.opus",".opus","48028"
"Voice\kohaku_0001_cs.opus",".opus","87589"
"Voice\kohaku_0001.opus",".opus","113526"
"Voice\kohaku_0002.opus",".opus","155828"
"Voice\kohaku_0003.opus",".opus","46328"
"Voice\kohaku_0004.opus",".opus","150214"
"Voice\kohaku_0005.opus",".opus","49289"
"Voice\kohaku_0006.opus",".opus","87516"
"Voice\kohaku_0007.opus",".opus","154952"
"Voice\kohaku_0008.opus",".opus","141718"
"Voice\kohaku_0009.opus",".opus","92273"
"Voice\kohaku_0010.opus",".opus","8287"
"Voice\kohaku_0011.opus",".opus","6683"
"Voice\kohaku_0012.opus",".opus","39045"
"Voice\kohaku_0013.opus",".opus","101009"
"Voice\kohaku_0014.opus",".opus","46400"
"Voice\kohaku_0015.opus",".opus","23964"
"Voice\kohaku_0016.opus",".opus","12864"
"Voice\kohaku_0017.opus",".opus","9428"
"Voice\kohaku_0018.opus",".opus","12178"
"Voice\kohaku_0019.opus",".opus","27847"
"Voice\kohaku_0020.opus",".opus","16127"
"Voice\kohaku_0021.opus",".opus","25186"
"Voice\kohaku_0022.opus",".opus","31049"
"Voice\kohaku_0023.opus",".opus","63630"
"Voice\kohaku_0024.opus",".opus","39595"
"Voice\kohaku_0025.opus",".opus","41141"
"Voice\kohaku_0026.opus",".opus","52753"
"Voice\kohaku_0027.opus",".opus","22913"
"Voice\kohaku_0028.opus",".opus","12065"
"Voice\kohaku_0029.opus",".opus","14316"
"Voice\kohaku_0030.opus",".opus","5595"
"Voice\kohaku_0032.opus",".opus","44688"
"Voice\kohaku_0033.opus",".opus","28248"
"Voice\kohaku_0034.opus",".opus","70422"
"Voice\kohaku_0035.opus",".opus","59831"
"Voice\kohaku_0036.opus",".opus","19554"
"Voice\kohaku_0037.opus",".opus","29893"
"Voice\kohaku_0038.opus",".opus","51158"
"Voice\kohaku_0039.opus",".opus","45152"
"Voice\kohaku_0040.opus",".opus","67686"
"Voice\kohaku_0041.opus",".opus","150507"
"Voice\kohaku_0042.opus",".opus","127364"
"Voice\kohaku_0043.opus",".opus","3991"
"Voice\kohaku_0044.opus",".opus","60365"
"Voice\kohaku_0045.opus",".opus","26217"
"Voice\kohaku_0046.opus",".opus","13503"
"Voice\kohaku_0047.opus",".opus","14263"
"Voice\kohaku_0048.opus",".opus","54642"
"Voice\kohaku_0049.opus",".opus","43357"
"Voice\kohaku_0050.opus",".opus","89843"
"Voice\kohaku_0051.opus",".opus","11457"
"Voice\kohaku_0052.opus",".opus","52825"
"Voice\kohaku_0053.opus",".opus","23098"
"Voice\kohaku_0054.opus",".opus","24854"
"Voice\kohaku_0055.opus",".opus","47814"
"Voice\kohaku_0056.opus",".opus","17318"
"Voice\kohaku_0057.opus",".opus","11932"
"Voice\kohaku_0058.opus",".opus","21161"
"Voice\kohaku_0059.opus",".opus","41588"
"Voice\kohaku_0060.opus",".opus","36240"
"Voice\kohaku_0061.opus",".opus","25380"
"Voice\kohaku_0062.opus",".opus","3068"
"Voice\kohaku_0063.opus",".opus","72716"
"Voice\kohaku_0064.opus",".opus","73400"
"Voice\kohaku_0065.opus",".opus","38931"
"Voice\kohaku_0066.opus",".opus","34649"
"Voice\kohaku_0067.opus",".opus","9337"
"Voice\kohaku_0068.opus",".opus","111312"
"Voice\kohaku_0069.opus",".opus","36104"
"Voice\kohaku_0070.opus",".opus","46432"
"Voice\kohaku_0071.opus",".opus","90068"
"Voice\kohaku_0072.opus",".opus","121800"
"Voice\kohaku_0073.opus",".opus","40107"
"Voice\kohaku_0074.opus",".opus","37323"
"Voice\kohaku_0075.opus",".opus","11306"
"Voice\kohaku_0076.opus",".opus","88019"
"Voice\kohaku_0077.opus",".opus","4379"
"Voice\kohaku_0078.opus",".opus","10940"
"Voice\kohaku_0079.opus",".opus","70582"
"Voice\kohaku_0080.opus",".opus","40735"
"Voice\kohaku_0081.opus",".opus","63482"
"Voice\kohaku_0082.opus",".opus","81996"
"Voice\kohaku_0083.opus",".opus","44257"
"Voice\kohaku_0084.opus",".opus","29689"
"Voice\kohaku_0085.opus",".opus","52014"
"Voice\kohaku_0086.opus",".opus","37795"
"Voice\kohaku_0087.opus",".opus","29824"
"Voice\kohaku_0088.opus",".opus","73774"
"Voice\kohaku_0089.opus",".opus","75169"
"Voice\kohaku_0090.opus",".opus","91809"
"Voice\kohaku_0091.opus",".opus","133406"
"Voice\kohaku_0092.opus",".opus","9251"
"Voice\kohaku_0093.opus",".opus","8409"
"Voice\kohaku_0094.opus",".opus","53596"
"Voice\kohaku_0095.opus",".opus","43955"
"Voice\kohaku_0096.opus",".opus","49306"
"Voice\kohaku_0097.opus",".opus","41356"
"Voice\kohaku_0098.opus",".opus","48893"
"Voice\kohaku_0099.opus",".opus","10170"
"Voice\kohaku_0100.opus",".opus","66481"
"Voice\kohaku_0101.opus",".opus","107855"
"Voice\kohaku_0102.opus",".opus","87273"
"Voice\kohaku_0103.opus",".opus","49360"
"Voice\kohaku_0104.opus",".opus","50033"
"Voice\kohaku_0105.opus",".opus","54646"
"Voice\kohaku_0106.opus",".opus","5266"
"Voice\kohaku_0107.opus",".opus","58974"
"Voice\kohaku_0108.opus",".opus","27964"
"Voice\kohaku_0109.opus",".opus","74285"
"Voice\kohaku_0110.opus",".opus","104190"
"Voice\kohaku_0111.opus",".opus","5004"
"Voice\kohaku_0112.opus",".opus","17264"
"Voice\kohaku_0113.opus",".opus","35450"
"Voice\kohaku_0114.opus",".opus","12467"
"Voice\kohaku_0115.opus",".opus","22684"
"Voice\kohaku_0116.opus",".opus","35956"
"Voice\kohaku_0117.opus",".opus","45071"
"Voice\kohaku_0118.opus",".opus","43919"
"Voice\kohaku_0119.opus",".opus","36686"
"Voice\kohaku_0120.opus",".opus","9472"
"Voice\kohaku_0121.opus",".opus","25924"
"Voice\kohaku_0122.opus",".opus","30032"
"Voice\kohaku_0123.opus",".opus","12082"
"Voice\kohaku_0124.opus",".opus","4669"
"Voice\kohaku_0125.opus",".opus","30557"
"Voice\kohaku_0126.opus",".opus","21555"
"Voice\kohaku_0127.opus",".opus","10384"
"Voice\kohaku_0128.opus",".opus","20924"
"Voice\kohaku_0129.opus",".opus","47499"
"Voice\kohaku_0130.opus",".opus","24503"
"Voice\kohaku_0131.opus",".opus","88063"
"Voice\kohaku_0132.opus",".opus","57335"
"Voice\kohaku_0133.opus",".opus","34650"
"Voice\kohaku_0134.opus",".opus","14996"
"Voice\kohaku_0135.opus",".opus","68106"
"Voice\kohaku_0136.opus",".opus","16117"
"Voice\kohaku_0137.opus",".opus","5500"
"Voice\kohaku_0138.opus",".opus","115230"
"Voice\kohaku_0139.opus",".opus","94219"
"Voice\kohaku_0140.opus",".opus","83161"
"Voice\kohaku_0141.opus",".opus","93849"
"Voice\kohaku_0142.opus",".opus","72727"
"Voice\kohaku_0143.opus",".opus","50201"
"Voice\kohaku_0144.opus",".opus","39422"
"Voice\kohaku_0145.opus",".opus","11176"
"Voice\kohaku_0146.opus",".opus","46176"
"Voice\kohaku_0147.opus",".opus","23286"
"Voice\kohaku_0148.opus",".opus","17005"
"Voice\kohaku_0149.opus",".opus","32033"
"Voice\kohaku_0150.opus",".opus","50829"
"Voice\kohaku_0151.opus",".opus","34615"
"Voice\kohaku_0152.opus",".opus","65087"
"Voice\kohaku_0153.opus",".opus","124690"
"Voice\kohaku_0154.opus",".opus","169724"
"Voice\kohaku_0155.opus",".opus","58561"
"Voice\kohaku_0156.opus",".opus","23280"
"Voice\kohaku_0157.opus",".opus","36747"
"Voice\kohaku_0158.opus",".opus","101610"
"Voice\kohaku_0159.opus",".opus","24309"
"Voice\kohaku_0160.opus",".opus","12877"
"Voice\kohaku_0161.opus",".opus","88167"
"Voice\kohaku_0162.opus",".opus","13073"
"Voice\kohaku_0163.opus",".opus","15599"
"Voice\kohaku_0164.opus",".opus","21529"
"Voice\kohaku_0165.opus",".opus","109085"
"Voice\kohaku_0166.opus",".opus","195251"
"Voice\kohaku_0167.opus",".opus","203464"
"Voice\kohaku_0168b.opus",".opus","204323"
"Voice\kohaku_0169.opus",".opus","172074"
"Voice\kohaku_0170.opus",".opus","257937"
"Voice\kohaku_0171.opus",".opus","208275"
"Voice\kohaku_0172.opus",".opus","131343"
"Voice\kohaku_0173.opus",".opus","148943"
"Voice\kohaku_0174b.opus",".opus","181001"
"Voice\kohaku_0175.opus",".opus","155178"
"Voice\kohaku_0176.opus",".opus","204590"
"Voice\kohaku_0177.opus",".opus","143692"
"Voice\kohaku_0178.opus",".opus","230466"
"Voice\kohaku_0179.opus",".opus","124751"
"Voice\kohaku_0180.opus",".opus","88902"
"Voice\kohaku_0181.opus",".opus","92723"
"Voice\kohaku_0182.opus",".opus","120432"
"Voice\kohaku_0183.opus",".opus","178655"
"Voice\kohaku_0184.opus",".opus","101212"
"Voice\kohaku_0185.opus",".opus","146210"
"Voice\kohaku_0186.opus",".opus","36534"
"Voice\kohaku_0187.opus",".opus","139524"
"Voice\kohaku_0188.opus",".opus","148395"
"Voice\kohaku_0189.opus",".opus","181350"
"Voice\kohaku_0190.opus",".opus","139283"
"Voice\kohaku_0191.opus",".opus","69546"
"Voice\kohaku_0192.opus",".opus","173080"
"Voice\kohaku_0193.opus",".opus","178019"
"Voice\kohaku_0194.opus",".opus","210981"
"Voice\kohaku_0195.opus",".opus","157517"
"Voice\kohaku_0196.opus",".opus","171336"
"Voice\kohaku_0197.opus",".opus","264950"
"Voice\kohaku_0198.opus",".opus","140193"
"Voice\kohaku_0199.opus",".opus","157891"
"Voice\kohaku_0200.opus",".opus","216850"
"Voice\kohaku_0201.opus",".opus","189198"
"Voice\kohaku_0202.opus",".opus","181818"
"Voice\kohaku_0203.opus",".opus","151928"
"Voice\kohaku_0204.opus",".opus","149007"
"Voice\kohaku_0205.opus",".opus","256411"
"Voice\kohaku_0206.opus",".opus","169714"
"Voice\kohaku_0207.opus",".opus","270602"
"Voice\kohaku_0208.opus",".opus","182422"
"Voice\kohaku_0209.opus",".opus","146789"
"Voice\kohaku_0210.opus",".opus","72857"
"Voice\kohaku_0211.opus",".opus","166916"
"Voice\kohaku_0212.opus",".opus","60749"
"Voice\kohaku_0213.opus",".opus","189742"
"Voice\kohaku_0214.opus",".opus","278034"
"Voice\kohaku_0215.opus",".opus","167057"
"Voice\kohaku_0216.opus",".opus","84346"
"Voice\kohaku_0217.opus",".opus","140725"
"Voice\kohaku_0218.opus",".opus","193994"
"Voice\kohaku_0219.opus",".opus","88195"
"Voice\kohaku_0220.opus",".opus","3459"
"Voice\kohaku_0221.opus",".opus","18290"
"Voice\kohaku_0222.opus",".opus","15147"
"Voice\kohaku_0223.opus",".opus","89933"
"Voice\kohaku_0224.opus",".opus","29538"
"Voice\kohaku_0225.opus",".opus","15859"
"Voice\kohaku_0226.opus",".opus","32721"
"Voice\kohaku_0227.opus",".opus","20287"
"Voice\kohaku_0228.opus",".opus","34461"
"Voice\kohaku_0229.opus",".opus","29442"
"Voice\kohaku_0230.opus",".opus","8968"
"Voice\kohaku_0231.opus",".opus","113619"
"Voice\kohaku_0232.opus",".opus","107214"
"Voice\kohaku_0233.opus",".opus","154958"
"Voice\kohaku_0234.opus",".opus","54443"
"Voice\kohaku_0235.opus",".opus","50679"
"Voice\kohaku_0236.opus",".opus","35297"
"Voice\kohaku_0237.opus",".opus","101275"
"Voice\kohaku_0238.opus",".opus","40777"
"Voice\kohaku_0239.opus",".opus","64722"
"Voice\kohaku_0240.opus",".opus","40279"
"Voice\kohaku_0241.opus",".opus","7039"
"Voice\kohaku_0242.opus",".opus","75073"
"Voice\kohaku_0243.opus",".opus","72897"
"Voice\kohaku_0244.opus",".opus","53144"
"Voice\kohaku_0245.opus",".opus","19942"
"Voice\kohaku_0246.opus",".opus","13973"
"Voice\kohaku_0247.opus",".opus","32756"
"Voice\kohaku_0248.opus",".opus","60037"
"Voice\kohaku_0249.opus",".opus","5491"
"Voice\kohaku_0250.opus",".opus","24050"
"Voice\kohaku_0251.opus",".opus","15426"
"Voice\kohaku_0252.opus",".opus","48123"
"Voice\kohaku_0253.opus",".opus","34533"
"Voice\kohaku_0254.opus",".opus","47548"
"Voice\kohaku_0255.opus",".opus","41819"
"Voice\kohaku_0256.opus",".opus","89327"
"Voice\kohaku_0257.opus",".opus","33583"
"Voice\kohaku_0258.opus",".opus","118346"
"Voice\kohaku_0259.opus",".opus","55152"
"Voice\kohaku_0260.opus",".opus","33151"
"Voice\kohaku_0261.opus",".opus","118097"
"Voice\kohaku_0262.opus",".opus","139674"
"Voice\kohaku_0263.opus",".opus","5248"
"Voice\kohaku_0264.opus",".opus","70058"
"Voice\kohaku_0265.opus",".opus","113829"
"Voice\kohaku_0266.opus",".opus","135694"
"Voice\kohaku_0267.opus",".opus","16919"
"Voice\kohaku_0268.opus",".opus","75377"
"Voice\kohaku_0269.opus",".opus","103006"
"Voice\kohaku_0270.opus",".opus","116943"
"Voice\kohaku_0271.opus",".opus","19886"
"Voice\kohaku_0272.opus",".opus","36414"
"Voice\kohaku_0273.opus",".opus","20082"
"Voice\kohaku_0274.opus",".opus","55937"
"Voice\kohaku_0275.opus",".opus","7724"
"Voice\kohaku_0276.opus",".opus","21266"
"Voice\kohaku_0277.opus",".opus","15143"
"Voice\kohaku_0278.opus",".opus","4224"
"Voice\kohaku_0279.opus",".opus","38834"
"Voice\kohaku_0280.opus",".opus","59134"
"Voice\kohaku_0281.opus",".opus","13550"
"Voice\kohaku_0282.opus",".opus","38488"
"Voice\kohaku_0283.opus",".opus","32925"
"Voice\kohaku_0284.opus",".opus","16886"
"Voice\kohaku_0285.opus",".opus","8994"
"Voice\kohaku_0286.opus",".opus","20204"
"Voice\kohaku_0287.opus",".opus","67403"
"Voice\kohaku_0288.opus",".opus","45863"
"Voice\kohaku_0289.opus",".opus","43996"
"Voice\kohaku_0290.opus",".opus","129052"
"Voice\kohaku_0291.opus",".opus","106646"
"Voice\kohaku_0292.opus",".opus","67210"
"Voice\kohaku_0293.opus",".opus","18682"
"Voice\kohaku_0294.opus",".opus","53678"
"Voice\kohaku_0295.opus",".opus","40959"
"Voice\kohaku_0296.opus",".opus","68881"
"Voice\kohaku_0297.opus",".opus","28171"
"Voice\kohaku_0298.opus",".opus","47766"
"Voice\kohaku_0299.opus",".opus","61801"
"Voice\kohaku_0300.opus",".opus","152748"
"Voice\kohaku_0301.opus",".opus","54099"
"Voice\kohaku_0302.opus",".opus","12159"
"Voice\kohaku_0303.opus",".opus","30987"
"Voice\kohaku_0304.opus",".opus","16779"
"Voice\kohaku_0305.opus",".opus","53249"
"Voice\kohaku_0306.opus",".opus","10419"
"Voice\kohaku_0307.opus",".opus","34017"
"Voice\kohaku_0308.opus",".opus","13905"
"Voice\kohaku_0309.opus",".opus","21414"
"Voice\kohaku_0310.opus",".opus","29295"
"Voice\kohaku_0311.opus",".opus","39924"
"Voice\kohaku_0312.opus",".opus","61676"
"Voice\kohaku_0313.opus",".opus","8972"
"Voice\kohaku_0314.opus",".opus","25878"
"Voice\kohaku_0315.opus",".opus","79355"
"Voice\kohaku_0316.opus",".opus","7572"
"Voice\kohaku_0317.opus",".opus","53512"
"Voice\kohaku_0318.opus",".opus","27465"
"Voice\kohaku_0319.opus",".opus","59542"
"Voice\kohaku_0320.opus",".opus","59052"
"Voice\kohaku_0321.opus",".opus","9904"
"Voice\kohaku_0322.opus",".opus","65690"
"Voice\kohaku_0323.opus",".opus","13954"
"Voice\kohaku_0324.opus",".opus","45004"
"Voice\kohaku_0325.opus",".opus","47574"
"Voice\kohaku_0326.opus",".opus","13975"
"Voice\kohaku_0327.opus",".opus","53104"
"Voice\kohaku_0328.opus",".opus","161034"
"Voice\kohaku_0329.opus",".opus","12946"
"Voice\kohaku_0330.opus",".opus","79189"
"Voice\kohaku_0331.opus",".opus","51236"
"Voice\kohaku_0332.opus",".opus","28638"
"Voice\kohaku_0333.opus",".opus","9061"
"Voice\kohaku_0334.opus",".opus","26383"
"Voice\kohaku_0335.opus",".opus","5057"
"Voice\kohaku_0336.opus",".opus","60937"
"Voice\kohaku_0337.opus",".opus","23883"
"Voice\kohaku_0338.opus",".opus","56628"
"Voice\kohaku_0339.opus",".opus","42672"
"Voice\kohaku_0340.opus",".opus","59417"
"Voice\kohaku_0341.opus",".opus","10784"
"Voice\kohaku_0342.opus",".opus","33478"
"Voice\kohaku_0343.opus",".opus","13221"
"Voice\kohaku_0344.opus",".opus","62927"
"Voice\kohaku_0345.opus",".opus","26888"
"Voice\kohaku_0346.opus",".opus","57831"
"Voice\kohaku_0347.opus",".opus","45918"
"Voice\kohaku_0348.opus",".opus","84097"
"Voice\kohaku_0349.opus",".opus","100011"
"Voice\kohaku_0350.opus",".opus","27904"
"Voice\kohaku_0351.opus",".opus","63178"
"Voice\kohaku_0352.opus",".opus","38079"
"Voice\kohaku_0353.opus",".opus","35283"
"Voice\kohaku_0354.opus",".opus","111206"
"Voice\kohaku_0355.opus",".opus","62762"
"Voice\kohaku_0356.opus",".opus","76233"
"Voice\kohaku_0357.opus",".opus","50088"
"Voice\kohaku_0358.opus",".opus","41019"
"Voice\kohaku_0359.opus",".opus","50799"
"Voice\kohaku_0360.opus",".opus","42239"
"Voice\kohaku_0361.opus",".opus","48766"
"Voice\kohaku_0362.opus",".opus","7649"
"Voice\kohaku_0363.opus",".opus","39708"
"Voice\kohaku_0364.opus",".opus","78908"
"Voice\kohaku_0365.opus",".opus","30337"
"Voice\kohaku_0366.opus",".opus","28697"
"Voice\kohaku_0367.opus",".opus","81620"
"Voice\kohaku_0368.opus",".opus","9060"
"Voice\kohaku_0369.opus",".opus","58822"
"Voice\kohaku_0370.opus",".opus","41380"
"Voice\kohaku_0371.opus",".opus","38722"
"Voice\kohaku_0372.opus",".opus","15133"
"Voice\kohaku_0373.opus",".opus","16500"
"Voice\kohaku_0374.opus",".opus","75488"
"Voice\kohaku_0375.opus",".opus","24457"
"Voice\kohaku_0376.opus",".opus","46711"
"Voice\kohaku_0377.opus",".opus","12652"
"Voice\kohaku_0378.opus",".opus","21848"
"Voice\kohaku_0379.opus",".opus","42594"
"Voice\kohaku_0380.opus",".opus","58032"
"Voice\kohaku_0381.opus",".opus","50585"
"Voice\kohaku_0382.opus",".opus","78560"
"Voice\kohaku_0383.opus",".opus","105200"
"Voice\kohaku_0384.opus",".opus","43645"
"Voice\kohaku_0385.opus",".opus","45250"
"Voice\kohaku_0386.opus",".opus","18938"
"Voice\kohaku_0387.opus",".opus","44798"
"Voice\kohaku_0388.opus",".opus","98556"
"Voice\kohaku_0389.opus",".opus","74746"
"Voice\kohaku_0390.opus",".opus","11893"
"Voice\kohaku_0391.opus",".opus","45953"
"Voice\kohaku_0392.opus",".opus","25254"
"Voice\kohaku_0393.opus",".opus","22258"
"Voice\kohaku_0394.opus",".opus","86424"
"Voice\kohaku_0395.opus",".opus","98751"
"Voice\kohaku_0396.opus",".opus","92655"
"Voice\kohaku_0397.opus",".opus","42585"
"Voice\kohaku_0398.opus",".opus","52787"
"Voice\kohaku_0399.opus",".opus","17278"
"Voice\kohaku_0400.opus",".opus","85023"
"Voice\kohaku_0401.opus",".opus","51530"
"Voice\kohaku_0402.opus",".opus","31007"
"Voice\kohaku_0403.opus",".opus","63348"
"Voice\kohaku_0404.opus",".opus","13996"
"Voice\kohaku_0405.opus",".opus","17180"
"Voice\kohaku_0406.opus",".opus","9743"
"Voice\kohaku_0407.opus",".opus","11303"
"Voice\kohaku_0408.opus",".opus","15418"
"Voice\kohaku_0409.opus",".opus","16906"
"Voice\kohaku_0410.opus",".opus","32765"
"Voice\kohaku_0411.opus",".opus","5716"
"Voice\kohaku_0412.opus",".opus","10951"
"Voice\kohaku_0413.opus",".opus","40498"
"Voice\kohaku_0414.opus",".opus","8301"
"Voice\kohaku_0415.opus",".opus","20182"
"Voice\kohaku_0416.opus",".opus","71303"
"Voice\kohaku_0417.opus",".opus","88614"
"Voice\kohaku_0418.opus",".opus","70870"
"Voice\kohaku_0419.opus",".opus","21131"
"Voice\kohaku_0420.opus",".opus","58638"
"Voice\kohaku_0421.opus",".opus","20264"
"Voice\kohaku_0422.opus",".opus","6022"
"Voice\kohaku_0423.opus",".opus","45319"
"Voice\kohaku_0424.opus",".opus","22021"
"Voice\kohaku_0425.opus",".opus","5614"
"Voice\kohaku_0426.opus",".opus","19972"
"Voice\kohaku_0427.opus",".opus","5043"
"Voice\kohaku_0428.opus",".opus","94463"
"Voice\kohaku_0429.opus",".opus","23883"
"Voice\kohaku_0430.opus",".opus","14246"
"Voice\kohaku_0431.opus",".opus","59606"
"Voice\kohaku_0432.opus",".opus","5552"
"Voice\kohaku_0433.opus",".opus","33183"
"Voice\kohaku_0434.opus",".opus","28848"
"Voice\kohaku_0435.opus",".opus","143419"
"Voice\kohaku_0436.opus",".opus","48985"
"Voice\kohaku_0437.opus",".opus","8398"
"Voice\kohaku_0438.opus",".opus","109113"
"Voice\kohaku_0439.opus",".opus","18625"
"Voice\kohaku_0440.opus",".opus","12847"
"Voice\kohaku_0441.opus",".opus","41536"
"Voice\kohaku_0442.opus",".opus","8127"
"Voice\kohaku_0443.opus",".opus","37234"
"Voice\kohaku_0444.opus",".opus","60841"
"Voice\kohaku_0445.opus",".opus","56253"
"Voice\kohaku_0446.opus",".opus","117928"
"Voice\kohaku_0447.opus",".opus","23810"
"Voice\kohaku_0448.opus",".opus","49802"
"Voice\kohaku_0449.opus",".opus","9281"
"Voice\kohaku_0450.opus",".opus","59654"
"Voice\kohaku_0451.opus",".opus","107001"
"Voice\kohaku_0452.opus",".opus","68407"
"Voice\kohaku_0453.opus",".opus","21094"
"Voice\kohaku_0454.opus",".opus","44456"
"Voice\kohaku_0456.opus",".opus","59635"
"Voice\kohaku_0457.opus",".opus","28250"
"Voice\kohaku_0458.opus",".opus","96747"
"Voice\kohaku_0459.opus",".opus","89876"
"Voice\kohaku_0460.opus",".opus","129039"
"Voice\kohaku_0461.opus",".opus","69186"
"Voice\kohaku_0462.opus",".opus","48724"
"Voice\kohaku_0463.opus",".opus","112361"
"Voice\kohaku_0464.opus",".opus","7440"
"Voice\kohaku_0465.opus",".opus","17232"
"Voice\kohaku_0466.opus",".opus","8111"
"Voice\kohaku_0467.opus",".opus","49846"
"Voice\kohaku_0468.opus",".opus","82049"
"Voice\kohaku_0469.opus",".opus","94283"
"Voice\kohaku_0470.opus",".opus","65445"
"Voice\kohaku_0471.opus",".opus","127848"
"Voice\kohaku_0472.opus",".opus","101683"
"Voice\kohaku_0473.opus",".opus","14694"
"Voice\kohaku_0474.opus",".opus","69219"
"Voice\kohaku_0475.opus",".opus","4350"
"Voice\kohaku_0476.opus",".opus","33459"
"Voice\kohaku_0477.opus",".opus","55032"
"Voice\kohaku_0478.opus",".opus","16290"
"Voice\kohaku_0479.opus",".opus","101702"
"Voice\kohaku_0480.opus",".opus","132751"
"Voice\kohaku_0481.opus",".opus","10624"
"Voice\kohaku_0482.opus",".opus","94313"
"Voice\kohaku_0483.opus",".opus","126846"
"Voice\kohaku_0484.opus",".opus","78570"
"Voice\kohaku_0485.opus",".opus","23988"
"Voice\kohaku_0486.opus",".opus","44044"
"Voice\kohaku_0487.opus",".opus","21904"
"Voice\kohaku_0488.opus",".opus","80937"
"Voice\kohaku_0489.opus",".opus","30420"
"Voice\kohaku_0490.opus",".opus","8182"
"Voice\kohaku_0491.opus",".opus","39969"
"Voice\kohaku_0492.opus",".opus","112303"
"Voice\kohaku_0493.opus",".opus","28889"
"Voice\kohaku_0494.opus",".opus","12267"
"Voice\kohaku_0495.opus",".opus","28908"
"Voice\kohaku_0496.opus",".opus","41033"
"Voice\kohaku_0497.opus",".opus","36547"
"Voice\kohaku_0498.opus",".opus","41665"
"Voice\kohaku_0499.opus",".opus","8673"
"Voice\kohaku_0500.opus",".opus","56243"
"Voice\kohaku_0501.opus",".opus","12698"
"Voice\kohaku_0502.opus",".opus","68663"
"Voice\kohaku_0503.opus",".opus","43592"
"Voice\kohaku_0504.opus",".opus","33390"
"Voice\kohaku_0505.opus",".opus","28614"
"Voice\kohaku_0506.opus",".opus","27504"
"Voice\kohaku_0507.opus",".opus","24338"
"Voice\kohaku_0508.opus",".opus","83522"
"Voice\kohaku_0509.opus",".opus","46959"
"Voice\kohaku_0510.opus",".opus","7496"
"Voice\kohaku_0511.opus",".opus","8786"
"Voice\kohaku_0512.opus",".opus","11627"
"Voice\kohaku_0513.opus",".opus","8172"
"Voice\kohaku_0514.opus",".opus","37028"
"Voice\kohaku_0516.opus",".opus","10134"
"Voice\kohaku_0517.opus",".opus","18237"
"Voice\kohaku_0518.opus",".opus","8056"
"Voice\kohaku_0519.opus",".opus","11030"
"Voice\kohaku_0520.opus",".opus","7081"
"Voice\kohaku_0521.opus",".opus","55043"
"Voice\kohaku_0522.opus",".opus","22196"
"Voice\kohaku_0523.opus",".opus","25114"
"Voice\kohaku_0524.opus",".opus","43371"
"Voice\kohaku_0525.opus",".opus","60845"
"Voice\kohaku_0526.opus",".opus","15520"
"Voice\kohaku_0527.opus",".opus","122529"
"Voice\kohaku_0528.opus",".opus","14967"
"Voice\kohaku_0529.opus",".opus","17027"
"Voice\kohaku_0530.opus",".opus","16584"
"Voice\kohaku_0531.opus",".opus","5994"
"Voice\kohaku_0532.opus",".opus","9730"
"Voice\kohaku_0533.opus",".opus","9381"
"Voice\kohaku_0534.opus",".opus","32006"
"Voice\kohaku_0535.opus",".opus","43217"
"Voice\kohaku_0536.opus",".opus","32231"
"Voice\kohaku_0537.opus",".opus","42577"
"Voice\kohaku_0538.opus",".opus","29376"
"Voice\kohaku_0539.opus",".opus","49404"
"Voice\kohaku_0540.opus",".opus","121375"
"Voice\kohaku_0541.opus",".opus","95525"
"Voice\kohaku_0542.opus",".opus","93375"
"Voice\kohaku_0543.opus",".opus","47183"
"Voice\kohaku_0544.opus",".opus","35633"
"Voice\kohaku_0545.opus",".opus","32579"
"Voice\kohaku_0546.opus",".opus","32844"
"Voice\kohaku_0547.opus",".opus","88355"
"Voice\kohaku_0548.opus",".opus","163632"
"Voice\kohaku_0549.opus",".opus","51995"
"Voice\kohaku_0550.opus",".opus","142639"
"Voice\kohaku_0551.opus",".opus","161065"
"Voice\kohaku_0552.opus",".opus","91104"
"Voice\kohaku_0553.opus",".opus","12920"
"Voice\kohaku_0554.opus",".opus","37929"
"Voice\kohaku_0555.opus",".opus","58702"
"Voice\kohaku_0556.opus",".opus","105169"
"Voice\kohaku_0557.opus",".opus","59189"
"Voice\kohaku_0558.opus",".opus","135261"
"Voice\kohaku_0559.opus",".opus","87021"
"Voice\kohaku_0560.opus",".opus","165883"
"Voice\kohaku_0561.opus",".opus","76662"
"Voice\kohaku_0562.opus",".opus","63174"
"Voice\kohaku_0563.opus",".opus","83268"
"Voice\kohaku_0564.opus",".opus","64357"
"Voice\kohaku_0565.opus",".opus","25545"
"Voice\kohaku_0566.opus",".opus","46316"
"Voice\kohaku_0567.opus",".opus","101590"
"Voice\kohaku_0568.opus",".opus","34222"
"Voice\kohaku_0569.opus",".opus","72518"
"Voice\kohaku_0570.opus",".opus","6677"
"Voice\kohaku_0571.opus",".opus","19253"
"Voice\kohaku_0574.opus",".opus","16462"
"Voice\kohaku_0575.opus",".opus","3092"
"Voice\kohaku_0576.opus",".opus","6004"
"Voice\kohaku_0577.opus",".opus","7988"
"Voice\kohaku_0578.opus",".opus","8522"
"Voice\kohaku_0579.opus",".opus","4736"
"Voice\kohaku_0580.opus",".opus","9609"
"Voice\kohaku_0581.opus",".opus","9549"
"Voice\kohaku_0582.opus",".opus","38702"
"Voice\kohaku_0583.opus",".opus","155466"
"Voice\kohaku_0584.opus",".opus","33792"
"Voice\kohaku_0585.opus",".opus","82486"
"Voice\kohaku_0586.opus",".opus","36338"
"Voice\kohaku_0587.opus",".opus","10401"
"Voice\kohaku_0588.opus",".opus","28087"
"Voice\kohaku_0589.opus",".opus","108435"
"Voice\kohaku_0590.opus",".opus","44767"
"Voice\kohaku_0591.opus",".opus","32013"
"Voice\kohaku_0592.opus",".opus","72939"
"Voice\kohaku_0593.opus",".opus","8835"
"Voice\kohaku_0594.opus",".opus","35623"
"Voice\kohaku_0595.opus",".opus","43093"
"Voice\kohaku_0596.opus",".opus","24808"
"Voice\kohaku_0597.opus",".opus","68241"
"Voice\kohaku_0598.opus",".opus","42267"
"Voice\kohaku_0599.opus",".opus","86309"
"Voice\kohaku_0600.opus",".opus","49335"
"Voice\kohaku_0601.opus",".opus","9158"
"Voice\kohaku_0602a.opus",".opus","17236"
"Voice\kohaku_0602b.opus",".opus","4608"
"Voice\kohaku_0603.opus",".opus","40341"
"Voice\kohaku_0604.opus",".opus","95105"
"Voice\kohaku_0605.opus",".opus","78165"
"Voice\kohaku_0606.opus",".opus","62431"
"Voice\kohaku_0607.opus",".opus","69225"
"Voice\kohaku_0608.opus",".opus","17446"
"Voice\kohaku_0609.opus",".opus","38771"
"Voice\kohaku_0610.opus",".opus","61808"
"Voice\kohaku_0611.opus",".opus","41753"
"Voice\kohaku_0612.opus",".opus","40924"
"Voice\kohaku_0613.opus",".opus","108558"
"Voice\kohaku_0614.opus",".opus","253234"
"Voice\kohaku_0615.opus",".opus","251536"
"Voice\kohaku_0616.opus",".opus","257616"
"Voice\kohaku_0617.opus",".opus","159263"
"Voice\kohaku_0618.opus",".opus","78220"
"Voice\kohaku_0619.opus",".opus","69806"
"Voice\kohaku_0620.opus",".opus","190001"
"Voice\kohaku_0621.opus",".opus","145989"
"Voice\kohaku_0621b.opus",".opus","109286"
"Voice\kohaku_0622.opus",".opus","123896"
"Voice\kohaku_0623.opus",".opus","70172"
"Voice\kohaku_0624.opus",".opus","46136"
"Voice\kohaku_0625.opus",".opus","79408"
"Voice\kohaku_0626.opus",".opus","67874"
"Voice\kohaku_0627.opus",".opus","53814"
"Voice\kohaku_0628.opus",".opus","10997"
"Voice\kohaku_0629.opus",".opus","29131"
"Voice\kohaku_0630.opus",".opus","22007"
"Voice\kohaku_0631.opus",".opus","12524"
"Voice\kohaku_0632.opus",".opus","144192"
"Voice\kohaku_0633.opus",".opus","51983"
"Voice\kohaku_0634.opus",".opus","50425"
"Voice\kohaku_0635.opus",".opus","63314"
"Voice\kohaku_0636.opus",".opus","8836"
"Voice\kohaku_0637.opus",".opus","9113"
"Voice\kohaku_0638.opus",".opus","73565"
"Voice\kohaku_0639.opus",".opus","108701"
"Voice\kohaku_0640.opus",".opus","72968"
"Voice\kohaku_0641.opus",".opus","118806"
"Voice\kohaku_0642.opus",".opus","65448"
"Voice\kohaku_0643.opus",".opus","49472"
"Voice\kohaku_0644.opus",".opus","112687"
"Voice\kohaku_0645.opus",".opus","87455"
"Voice\kohaku_0646.opus",".opus","96390"
"Voice\kohaku_0647.opus",".opus","202887"
"Voice\kohaku_0648.opus",".opus","130346"
"Voice\kohaku_0649.opus",".opus","106364"
"Voice\kohaku_0650.opus",".opus","152136"
"Voice\kohaku_0651.opus",".opus","267361"
"Voice\kohaku_0652.opus",".opus","196045"
"Voice\kohaku_0653.opus",".opus","97935"
"Voice\kohaku_0654.opus",".opus","88825"
"Voice\kohaku_0655.opus",".opus","6755"
"Voice\kohaku_0656.opus",".opus","17897"
"Voice\kohaku_0657.opus",".opus","68109"
"Voice\kohaku_0658.opus",".opus","23056"
"Voice\kohaku_0659.opus",".opus","14170"
"Voice\kohaku_0660.opus",".opus","174105"
"Voice\kohaku_0661.opus",".opus","15636"
"Voice\kohaku_0662.opus",".opus","71948"
"Voice\kohaku_0663.opus",".opus","105285"
"Voice\kohaku_0664.opus",".opus","120253"
"Voice\kohaku_0665.opus",".opus","7783"
"Voice\kohaku_0666.opus",".opus","141966"
"Voice\kohaku_0667.opus",".opus","160038"
"Voice\kohaku_0668.opus",".opus","78358"
"Voice\kohaku_0669.opus",".opus","13493"
"Voice\kohaku_0670.opus",".opus","29028"
"Voice\kohaku_0671.opus",".opus","59459"
"Voice\kohaku_0672.opus",".opus","12999"
"Voice\kohaku_0673.opus",".opus","16781"
"Voice\kohaku_0674.opus",".opus","26851"
"Voice\kohaku_0675.opus",".opus","6069"
"Voice\kohaku_0676.opus",".opus","26744"
"Voice\kohaku_0677.opus",".opus","18948"
"Voice\kohaku_0678.opus",".opus","17273"
"Voice\kohaku_0679.opus",".opus","44242"
"Voice\kohaku_0680.opus",".opus","15642"
"Voice\kohaku_0681.opus",".opus","13661"
"Voice\kohaku_0682.opus",".opus","46981"
"Voice\kohaku_0683.opus",".opus","20708"
"Voice\kohaku_0684.opus",".opus","62218"
"Voice\kohaku_0685.opus",".opus","37455"
"Voice\kohaku_0686.opus",".opus","12722"
"Voice\kohaku_0687.opus",".opus","60286"
"Voice\kohaku_0688.opus",".opus","51641"
"Voice\kohaku_0689.opus",".opus","96433"
"Voice\kohaku_0690.opus",".opus","33879"
"Voice\kohaku_0691.opus",".opus","58678"
"Voice\kohaku_0692.opus",".opus","94088"
"Voice\kohaku_0693.opus",".opus","65235"
"Voice\kohaku_0694.opus",".opus","52791"
"Voice\kohaku_0695.opus",".opus","58316"
"Voice\kohaku_0696.opus",".opus","11492"
"Voice\kohaku_0697.opus",".opus","17533"
"Voice\kohaku_0698.opus",".opus","6237"
"Voice\kohaku_0699.opus",".opus","20253"
"Voice\kohaku_0700.opus",".opus","15440"
"Voice\kohaku_0701.opus",".opus","24945"
"Voice\kohaku_0702.opus",".opus","18720"
"Voice\kohaku_0703.opus",".opus","14169"
"Voice\kohaku_0704.opus",".opus","14127"
"Voice\kohaku_0705.opus",".opus","34706"
"Voice\kohaku_0706.opus",".opus","23833"
"Voice\kohaku_0707.opus",".opus","28102"
"Voice\kohaku_0708.opus",".opus","55825"
"Voice\kohaku_0709.opus",".opus","53540"
"Voice\kohaku_0712.opus",".opus","58324"
"Voice\kohaku_0713.opus",".opus","55740"
"Voice\kohaku_0714.opus",".opus","14848"
"Voice\kohaku_0715.opus",".opus","41072"
"Voice\kohaku_0716.opus",".opus","53051"
"Voice\kohaku_0717.opus",".opus","34210"
"Voice\kohaku_0718.opus",".opus","93191"
"Voice\kohaku_0719.opus",".opus","38524"
"Voice\kohaku_0720.opus",".opus","42277"
"Voice\kohaku_0721.opus",".opus","91092"
"Voice\kohaku_0722.opus",".opus","80722"
"Voice\kohaku_0723.opus",".opus","96756"
"Voice\kohaku_0724.opus",".opus","149719"
"Voice\kohaku_0725.opus",".opus","120803"
"Voice\kohaku_0726.opus",".opus","79555"
"Voice\kohaku_0727.opus",".opus","10678"
"Voice\kohaku_0728.opus",".opus","10539"
"Voice\kohaku_0729.opus",".opus","17546"
"Voice\kohaku_0730.opus",".opus","21727"
"Voice\kohaku_0731.opus",".opus","31291"
"Voice\kohaku_0732.opus",".opus","41428"
"Voice\kohaku_0733.opus",".opus","125304"
"Voice\kohaku_0734.opus",".opus","183257"
"Voice\kohaku_0735.opus",".opus","85446"
"Voice\kohaku_0736.opus",".opus","125909"
"Voice\kohaku_0737.opus",".opus","64451"
"Voice\kohaku_0738.opus",".opus","137661"
"Voice\kohaku_0739.opus",".opus","66560"
"Voice\kohaku_0740.opus",".opus","66256"
"Voice\kohaku_0741.opus",".opus","184099"
"Voice\kohaku_0742.opus",".opus","89026"
"Voice\kohaku_0743.opus",".opus","35850"
"Voice\kohaku_0744.opus",".opus","107047"
"Voice\kohaku_0745.opus",".opus","63017"
"Voice\kohaku_0746.opus",".opus","46540"
"Voice\kohaku_0747.opus",".opus","15068"
"Voice\kohaku_0748.opus",".opus","27467"
"Voice\kohaku_0749.opus",".opus","8455"
"Voice\kohaku_0750.opus",".opus","47435"
"Voice\kohaku_0751.opus",".opus","25021"
"Voice\kohaku_0752.opus",".opus","8363"
"Voice\kohaku_0753.opus",".opus","13701"
"Voice\kohaku_0754.opus",".opus","27728"
"Voice\kohaku_0755.opus",".opus","13273"
"Voice\kohaku_0756.opus",".opus","78736"
"Voice\kohaku_0757.opus",".opus","64456"
"Voice\kohaku_0758.opus",".opus","23122"
"Voice\kohaku_0759.opus",".opus","74354"
"Voice\kohaku_0760.opus",".opus","34502"
"Voice\kohaku_0761.opus",".opus","52362"
"Voice\kohaku_0762.opus",".opus","79443"
"Voice\kohaku_0763.opus",".opus","10721"
"Voice\kohaku_0764.opus",".opus","173316"
"Voice\kohaku_0765.opus",".opus","148072"
"Voice\kohaku_0766.opus",".opus","17370"
"Voice\kohaku_0767.opus",".opus","16686"
"Voice\kohaku_0768.opus",".opus","14292"
"Voice\kohaku_0769.opus",".opus","4396"
"Voice\kohaku_0770.opus",".opus","23589"
"Voice\kohaku_0771.opus",".opus","12777"
"Voice\kohaku_0772.opus",".opus","44681"
"Voice\kohaku_0773.opus",".opus","7503"
"Voice\kohaku_0774.opus",".opus","17705"
"Voice\kohaku_0775.opus",".opus","28572"
"Voice\kohaku_0776.opus",".opus","32180"
"Voice\kohaku_0777.opus",".opus","38617"
"Voice\kohaku_0778.opus",".opus","26671"
"Voice\kohaku_0779.opus",".opus","52956"
"Voice\kohaku_0780.opus",".opus","50842"
"Voice\kohaku_0781.opus",".opus","91144"
"Voice\kohaku_0782.opus",".opus","41423"
"Voice\kohaku_0783.opus",".opus","33366"
"Voice\kohaku_0784.opus",".opus","9034"
"Voice\kohaku_0785.opus",".opus","47999"
"Voice\kohaku_0786.opus",".opus","48672"
"Voice\kohaku_0787.opus",".opus","48366"
"Voice\kohaku_0788.opus",".opus","158924"
"Voice\kohaku_0789.opus",".opus","112781"
"Voice\kohaku_0790.opus",".opus","93745"
"Voice\kohaku_0791.opus",".opus","67010"
"Voice\kohaku_0792.opus",".opus","81351"
"Voice\kohaku_0793.opus",".opus","4861"
"Voice\kohaku_0794.opus",".opus","32574"
"Voice\kohaku_0795a.opus",".opus","194701"
"Voice\kohaku_0795b.opus",".opus","160960"
"Voice\kohaku_0796.opus",".opus","15253"
"Voice\kohaku_0797.opus",".opus","20736"
"Voice\kohaku_0798.opus",".opus","5490"
"Voice\kohaku_0799.opus",".opus","45066"
"Voice\kohaku_0800.opus",".opus","31022"
"Voice\kohaku_0801.opus",".opus","45360"
"Voice\kohaku_0802.opus",".opus","96701"
"Voice\kohaku_0803.opus",".opus","99214"
"Voice\kohaku_0804.opus",".opus","129759"
"Voice\kohaku_0805.opus",".opus","145549"
"Voice\kohaku_0806.opus",".opus","132862"
"Voice\kohaku_0807.opus",".opus","12304"
"Voice\kohaku_0808.opus",".opus","77893"
"Voice\kohaku_0809.opus",".opus","12381"
"Voice\kohaku_0810.opus",".opus","50032"
"Voice\kohaku_0811.opus",".opus","10820"
"Voice\kohaku_0812.opus",".opus","42358"
"Voice\kohaku_0813.opus",".opus","120177"
"Voice\kohaku_0814.opus",".opus","119861"
"Voice\kohaku_0815.opus",".opus","102349"
"Voice\kohaku_0816.opus",".opus","18153"
"Voice\kohaku_0817.opus",".opus","54256"
"Voice\kohaku_0818.opus",".opus","10389"
"Voice\kohaku_0819.opus",".opus","51609"
"Voice\kohaku_0820.opus",".opus","12002"
"Voice\kohaku_0821.opus",".opus","28711"
"Voice\kohaku_0822.opus",".opus","10041"
"Voice\kohaku_0823.opus",".opus","12104"
"Voice\kohaku_0824.opus",".opus","4056"
"Voice\kohaku_0825.opus",".opus","15139"
"Voice\kohaku_0826.opus",".opus","37825"
"Voice\kohaku_0827.opus",".opus","54661"
"Voice\kohaku_0828.opus",".opus","10565"
"Voice\kohaku_0829.opus",".opus","43005"
"Voice\kohaku_0830.opus",".opus","23700"
"Voice\kohaku_0831.opus",".opus","16426"
"Voice\kohaku_0832.opus",".opus","11755"
"Voice\kohaku_0833.opus",".opus","22776"
"Voice\kohaku_0834.opus",".opus","19808"
"Voice\kohaku_0835.opus",".opus","5577"
"Voice\kohaku_0836.opus",".opus","12852"
"Voice\kohaku_0838.opus",".opus","77601"
"Voice\kohaku_0839.opus",".opus","53462"
"Voice\kohaku_0840.opus",".opus","19261"
"Voice\kohaku_0841.opus",".opus","44197"
"Voice\kohaku_0842.opus",".opus","43274"
"Voice\kohaku_0843.opus",".opus","29648"
"Voice\kohaku_0844.opus",".opus","20715"
"Voice\kohaku_0845.opus",".opus","60956"
"Voice\kohaku_0846.opus",".opus","10669"
"Voice\kohaku_0847.opus",".opus","12250"
"Voice\kohaku_0848.opus",".opus","7750"
"Voice\kohaku_0849.opus",".opus","8256"
"Voice\kohaku_0850.opus",".opus","15408"
"Voice\kohaku_0851.opus",".opus","10648"
"Voice\kohaku_0852.opus",".opus","38865"
"Voice\kohaku_0853.opus",".opus","6062"
"Voice\kohaku_0854.opus",".opus","12339"
"Voice\kohaku_0855.opus",".opus","14519"
"Voice\kohaku_0856.opus",".opus","5353"
"Voice\kohaku_0857.opus",".opus","7112"
"Voice\kohaku_0858.opus",".opus","14071"
"Voice\kohaku_0859.opus",".opus","6199"
"Voice\kohaku_0860.opus",".opus","38242"
"Voice\kohaku_0861.opus",".opus","17356"
"Voice\kohaku_0862.opus",".opus","8056"
"Voice\kohaku_0863.opus",".opus","49112"
"Voice\kohaku_0864.opus",".opus","10452"
"Voice\kohaku_0865.opus",".opus","96389"
"Voice\kohaku_0866.opus",".opus","36008"
"Voice\kohaku_0867.opus",".opus","79000"
"Voice\kohaku_0868.opus",".opus","5084"
"Voice\kohaku_0869.opus",".opus","81435"
"Voice\kohaku_0870.opus",".opus","89765"
"Voice\kohaku_0871.opus",".opus","8752"
"Voice\kohaku_0872.opus",".opus","124087"
"Voice\kohaku_0873.opus",".opus","67591"
"Voice\kohaku_0874.opus",".opus","48920"
"Voice\kohaku_0875.opus",".opus","14383"
"Voice\kohaku_0876.opus",".opus","131906"
"Voice\kohaku_0877.opus",".opus","108245"
"Voice\kohaku_0878.opus",".opus","112733"
"Voice\kohaku_0879.opus",".opus","110864"
"Voice\kohaku_0880.opus",".opus","151007"
"Voice\kohaku_0881.opus",".opus","57906"
"Voice\kohaku_0882.opus",".opus","81889"
"Voice\kohaku_0883.opus",".opus","32506"
"Voice\kohaku_0884.opus",".opus","38768"
"Voice\kohaku_0885.opus",".opus","33258"
"Voice\kohaku_0886.opus",".opus","13400"
"Voice\kohaku_0887.opus",".opus","37259"
"Voice\kohaku_0888.opus",".opus","77990"
"Voice\kohaku_0889.opus",".opus","21444"
"Voice\kohaku_0891.opus",".opus","62308"
"Voice\kohaku_0892.opus",".opus","32573"
"Voice\kohaku_0893.opus",".opus","47021"
"Voice\kohaku_0894.opus",".opus","87356"
"Voice\kohaku_0895.opus",".opus","58423"
"Voice\kohaku_0896.opus",".opus","19719"
"Voice\kohaku_0897.opus",".opus","35013"
"Voice\kohaku_0898.opus",".opus","16300"
"Voice\kohaku_0899.opus",".opus","23391"
"Voice\kohaku_0900.opus",".opus","25140"
"Voice\kohaku_0901.opus",".opus","107416"
"Voice\kohaku_0902.opus",".opus","126902"
"Voice\kohaku_0903.opus",".opus","103193"
"Voice\kohaku_0904.opus",".opus","116592"
"Voice\kohaku_0905.opus",".opus","19423"
"Voice\kohaku_0906.opus",".opus","20937"
"Voice\kohaku_0907.opus",".opus","37910"
"Voice\kohaku_0908.opus",".opus","41410"
"Voice\kohaku_0909.opus",".opus","63835"
"Voice\kohaku_0910.opus",".opus","13834"
"Voice\kohaku_0911.opus",".opus","58695"
"Voice\kohaku_0912.opus",".opus","12359"
"Voice\kohaku_0913.opus",".opus","45689"
"Voice\kohaku_0914.opus",".opus","18980"
"Voice\kohaku_0915.opus",".opus","55993"
"Voice\kohaku_0916.opus",".opus","53226"
"Voice\kohaku_0917.opus",".opus","35138"
"Voice\kohaku_0918.opus",".opus","12468"
"Voice\kohaku_0919.opus",".opus","14003"
"Voice\kohaku_0920.opus",".opus","65065"
"Voice\kohaku_0921.opus",".opus","78794"
"Voice\kohaku_0922.opus",".opus","96083"
"Voice\kohaku_0923.opus",".opus","32374"
"Voice\kohaku_0924.opus",".opus","75818"
"Voice\kohaku_0925.opus",".opus","11410"
"Voice\kohaku_0926.opus",".opus","28042"
"Voice\kohaku_0927.opus",".opus","29440"
"Voice\kohaku_0928.opus",".opus","53920"
"Voice\kohaku_0929.opus",".opus","20737"
"Voice\kohaku_0930.opus",".opus","54903"
"Voice\kohaku_0931.opus",".opus","12418"
"Voice\kohaku_0932.opus",".opus","51285"
"Voice\kohaku_0933.opus",".opus","36876"
"Voice\kohaku_0934.opus",".opus","45018"
"Voice\kohaku_0935.opus",".opus","13324"
"Voice\kohaku_0936.opus",".opus","24587"
"Voice\kohaku_0937.opus",".opus","84947"
"Voice\kohaku_0938.opus",".opus","24355"
"Voice\kohaku_0939.opus",".opus","29728"
"Voice\kohaku_0940.opus",".opus","31734"
"Voice\kohaku_0941.opus",".opus","27828"
"Voice\kohaku_0942.opus",".opus","25485"
"Voice\kohaku_0943.opus",".opus","59582"
"Voice\kohaku_0944.opus",".opus","14277"
"Voice\kohaku_0945.opus",".opus","60588"
"Voice\kohaku_0946.opus",".opus","12609"
"Voice\kohaku_0947.opus",".opus","13403"
"Voice\kohaku_0948.opus",".opus","53997"
"Voice\kohaku_0949.opus",".opus","12775"
"Voice\kohaku_0950.opus",".opus","21698"
"Voice\kohaku_0951.opus",".opus","64610"
"Voice\kohaku_0952.opus",".opus","52657"
"Voice\kohaku_0953.opus",".opus","16898"
"Voice\kohaku_0954.opus",".opus","64210"
"Voice\kohaku_0955.opus",".opus","66550"
"Voice\kohaku_0956.opus",".opus","50451"
"Voice\kohaku_0957a.opus",".opus","79775"
"Voice\kohaku_0957b.opus",".opus","31917"
"Voice\kohaku_0958.opus",".opus","71617"
"Voice\kohaku_0959.opus",".opus","17273"
"Voice\kohaku_0960.opus",".opus","47170"
"Voice\kohaku_0961.opus",".opus","12880"
"Voice\kohaku_0962.opus",".opus","63708"
"Voice\kohaku_0963.opus",".opus","21543"
"Voice\kohaku_0964.opus",".opus","103355"
"Voice\kohaku_0965.opus",".opus","52525"
"Voice\kohaku_0966.opus",".opus","29998"
"Voice\kohaku_0967.opus",".opus","61894"
"Voice\kohaku_0968.opus",".opus","33687"
"Voice\kohaku_0969.opus",".opus","41120"
"Voice\kohaku_0970.opus",".opus","24302"
"Voice\kohaku_0971.opus",".opus","20117"
"Voice\kohaku_0972.opus",".opus","38208"
"Voice\kohaku_0973.opus",".opus","100840"
"Voice\kohaku_0974a.opus",".opus","82837"
"Voice\kohaku_0974b.opus",".opus","55831"
"Voice\kohaku_0975.opus",".opus","58656"
"Voice\kohaku_0976.opus",".opus","28563"
"Voice\kohaku_0977.opus",".opus","48260"
"Voice\kohaku_0978.opus",".opus","13527"
"Voice\kohaku_0979.opus",".opus","72995"
"Voice\kohaku_0980.opus",".opus","20628"
"Voice\kohaku_0981.opus",".opus","64039"
"Voice\kohaku_0982.opus",".opus","22770"
"Voice\kohaku_0983.opus",".opus","82942"
"Voice\kohaku_0984.opus",".opus","50481"
"Voice\kohaku_0985.opus",".opus","72981"
"Voice\kohaku_0986.opus",".opus","40027"
"Voice\kohaku_0987.opus",".opus","71959"
"Voice\kohaku_0988.opus",".opus","26790"
"Voice\kohaku_0989.opus",".opus","9416"
"Voice\kohaku_0990.opus",".opus","26649"
"Voice\kohaku_0991.opus",".opus","27502"
"Voice\kohaku_0992.opus",".opus","12022"
"Voice\kohaku_0993.opus",".opus","16500"
"Voice\kohaku_0994.opus",".opus","11130"
"Voice\kohaku_0995.opus",".opus","12970"
"Voice\kohaku_0996.opus",".opus","51777"
"Voice\kohaku_1001.opus",".opus","19380"
"Voice\kohaku_1002.opus",".opus","21186"
"Voice\kohaku_1086.opus",".opus","42283"
"Voice\kohaku_1087.opus",".opus","54255"
"Voice\kohaku_1088.opus",".opus","32347"
"Voice\kohaku_1089.opus",".opus","44864"
"Voice\kohaku_1090.opus",".opus","48693"
"Voice\kohaku_1091.opus",".opus","50754"
"Voice\kohaku_1092.opus",".opus","33255"
"Voice\kohaku_1093.opus",".opus","49832"
"Voice\kohaku_1094.opus",".opus","51623"
"Voice\kohaku_1095.opus",".opus","115108"
"Voice\kohaku_1096.opus",".opus","21172"
"Voice\kohaku_1097.opus",".opus","136685"
"Voice\kohaku_1098.opus",".opus","26872"
"Voice\kohaku_1099.opus",".opus","119492"
"Voice\kohaku_1100.opus",".opus","55616"
"Voice\kohaku_1101.opus",".opus","9373"
"Voice\kohaku_1102.opus",".opus","4472"
"Voice\kohaku_1104.opus",".opus","76519"
"Voice\kohaku_1105.opus",".opus","67956"
"Voice\kohaku_1107.opus",".opus","49225"
"Voice\kohaku_1108.opus",".opus","37325"
"Voice\kohaku_1109.opus",".opus","52757"
"Voice\kohaku_1110.opus",".opus","41901"
"Voice\kohaku_1111.opus",".opus","32476"
"Voice\kohaku_1112.opus",".opus","20084"
"Voice\kohaku_1113.opus",".opus","36820"
"Voice\kohaku_1157.opus",".opus","10848"
"Voice\kohaku_1158.opus",".opus","18344"
"Voice\kohaku_1159.opus",".opus","20467"
"Voice\kohaku_1160.opus",".opus","26315"
"Voice\kohaku_1161.opus",".opus","26682"
"Voice\kohaku_1162.opus",".opus","66805"
"Voice\kohaku_1163.opus",".opus","22350"
"Voice\kohaku_1164.opus",".opus","81162"
"Voice\kohaku_1165.opus",".opus","108153"
"Voice\kohaku_1166.opus",".opus","78305"
"Voice\kohaku_1167.opus",".opus","47273"
"Voice\kohaku_1168.opus",".opus","75070"
"Voice\kohaku_1169.opus",".opus","52220"
"Voice\kohaku_1170.opus",".opus","19771"
"Voice\kohaku_1171.opus",".opus","37627"
"Voice\kohaku_1172.opus",".opus","61999"
"Voice\kohaku_1173.opus",".opus","31214"
"Voice\kohaku_1174.opus",".opus","22032"
"Voice\kohaku_1175.opus",".opus","27832"
"Voice\kohaku_1176.opus",".opus","19921"
"Voice\kohaku_1177.opus",".opus","7488"
"Voice\kohaku_1178.opus",".opus","127313"
"Voice\kohaku_1179.opus",".opus","47076"
"Voice\kohaku_1180.opus",".opus","37489"
"Voice\kohaku_1181.opus",".opus","66603"
"Voice\kohaku_1182.opus",".opus","31225"
"Voice\kohaku_1183.opus",".opus","84211"
"Voice\kohaku_1184.opus",".opus","37956"
"Voice\kohaku_1185.opus",".opus","73855"
"Voice\kohaku_1186.opus",".opus","47441"
"Voice\kohaku_1187.opus",".opus","56558"
"Voice\kohaku_1188.opus",".opus","5291"
"Voice\kohaku_1189.opus",".opus","18452"
"Voice\kohaku_1190.opus",".opus","113811"
"Voice\kohaku_1191.opus",".opus","9640"
"Voice\kohaku_1192.opus",".opus","7791"
"Voice\kohaku_1193.opus",".opus","12619"
"Voice\kohaku_1194.opus",".opus","12803"
"Voice\kohaku_1195.opus",".opus","69707"
"Voice\kohaku_1196.opus",".opus","6020"
"Voice\kohaku_1198.opus",".opus","91936"
"Voice\kohaku_1199.opus",".opus","75030"
"Voice\kohaku_1200.opus",".opus","118649"
"Voice\kohaku_1201.opus",".opus","127460"
"Voice\kohaku_1202.opus",".opus","198272"
"Voice\kohaku_1203.opus",".opus","78684"
"Voice\kohaku_1204.opus",".opus","38645"
"Voice\kohaku_1205.opus",".opus","60178"
"Voice\kohaku_1206.opus",".opus","10506"
"Voice\kohaku_1278.opus",".opus","13023"
"Voice\kohaku_1279.opus",".opus","55440"
"Voice\kohaku_1280.opus",".opus","89521"
"Voice\kohaku_1281.opus",".opus","30158"
"Voice\kohaku_1282.opus",".opus","21273"
"Voice\kohaku_1283.opus",".opus","95502"
"Voice\kohaku_1284.opus",".opus","67977"
"Voice\kohaku_1285.opus",".opus","66487"
"Voice\kohaku_1286.opus",".opus","72343"
"Voice\kohaku_1287.opus",".opus","39088"
"Voice\kohaku_1288.opus",".opus","26485"
"Voice\kohaku_1289.opus",".opus","13681"
"Voice\kohaku_1290.opus",".opus","15079"
"Voice\kohaku_1291.opus",".opus","23285"
"Voice\kohaku_1292.opus",".opus","87036"
"Voice\kohaku_1293.opus",".opus","6943"
"Voice\kohaku_1294.opus",".opus","29716"
"Voice\kohaku_1295.opus",".opus","54928"
"Voice\kohaku_1296.opus",".opus","41520"
"Voice\kohaku_1297.opus",".opus","33277"
"Voice\kohaku_1298.opus",".opus","33099"
"Voice\kohaku_9001.opus",".opus","8636"
"Voice\leadera_0000.opus",".opus","13226"
"Voice\leadera_0001.opus",".opus","87315"
"Voice\m_reportera_0000.opus",".opus","45302"
"Voice\m_reportera_0001.opus",".opus","70012"
"Voice\m_reportera_0002.opus",".opus","32278"
"Voice\m_reportera_0003.opus",".opus","37392"
"Voice\m_reportera_0004.opus",".opus","53241"
"Voice\m_studenta_0000.opus",".opus","33756"
"Voice\m_studenta_0001.opus",".opus","56401"
"Voice\m_studenta_0002.opus",".opus","45052"
"Voice\m_studenta_0003.opus",".opus","76105"
"Voice\m_studenta_0004.opus",".opus","45091"
"Voice\m_studenta_0005.opus",".opus","15624"
"Voice\m_studenta_0006.opus",".opus","45141"
"Voice\m_studenta_0007.opus",".opus","31095"
"Voice\m_studenta_0008.opus",".opus","39612"
"Voice\m_studenta_0009.opus",".opus","24287"
"Voice\m_studenta_0010.opus",".opus","7988"
"Voice\m_studenta_0011.opus",".opus","35842"
"Voice\m_studenta_0012.opus",".opus","72837"
"Voice\m_studenta_0013.opus",".opus","23699"
"Voice\m_studenta_0014.opus",".opus","24744"
"Voice\m_studentb_0000.opus",".opus","21789"
"Voice\m_studentb_0001.opus",".opus","28240"
"Voice\m_studentb_0002.opus",".opus","38945"
"Voice\m_studentb_0003.opus",".opus","13874"
"Voice\m_studentb_0004.opus",".opus","53705"
"Voice\m_studentb_0005.opus",".opus","28753"
"Voice\m_studentb_0006.opus",".opus","45368"
"Voice\m_studentb_0007.opus",".opus","37693"
"Voice\m_studentb_0008.opus",".opus","19642"
"Voice\m_studentc_0000.opus",".opus","36974"
"Voice\master_0000.opus",".opus","11758"
"Voice\master_0001.opus",".opus","13949"
"Voice\master_0002.opus",".opus","31153"
"Voice\master_0003.opus",".opus","12232"
"Voice\master_0004.opus",".opus","115642"
"Voice\master_0005.opus",".opus","69685"
"Voice\master_0006.opus",".opus","49505"
"Voice\master_0007.opus",".opus","60560"
"Voice\master_0008.opus",".opus","29637"
"Voice\master_0009.opus",".opus","48259"
"Voice\master_0010.opus",".opus","32319"
"Voice\master_0012.opus",".opus","123278"
"Voice\master_0013.opus",".opus","51213"
"Voice\meguri_0000.opus",".opus","59780"
"Voice\meguri_0001.opus",".opus","78389"
"Voice\meguri_0002.opus",".opus","14633"
"Voice\meguri_0003_cs.opus",".opus","74146"
"Voice\meguri_0003.opus",".opus","93696"
"Voice\meguri_0004.opus",".opus","141648"
"Voice\meguri_0005.opus",".opus","81319"
"Voice\meguri_0006.opus",".opus","147773"
"Voice\meguri_0007.opus",".opus","83826"
"Voice\meguri_0008.opus",".opus","167468"
"Voice\meguri_0009.opus",".opus","141575"
"Voice\meguri_0010.opus",".opus","7534"
"Voice\meguri_0011.opus",".opus","6594"
"Voice\meguri_0012.opus",".opus","55864"
"Voice\meguri_0013.opus",".opus","90298"
"Voice\meguri_0014.opus",".opus","111704"
"Voice\meguri_0015.opus",".opus","73302"
"Voice\meguri_0016.opus",".opus","35630"
"Voice\meguri_0017.opus",".opus","17073"
"Voice\meguri_0018.opus",".opus","138673"
"Voice\meguri_0019.opus",".opus","63495"
"Voice\meguri_0020.opus",".opus","116534"
"Voice\meguri_0021.opus",".opus","78321"
"Voice\meguri_0022.opus",".opus","57872"
"Voice\meguri_0023.opus",".opus","66669"
"Voice\meguri_0024.opus",".opus","57425"
"Voice\meguri_0025.opus",".opus","36267"
"Voice\meguri_0026.opus",".opus","104569"
"Voice\meguri_0027.opus",".opus","82652"
"Voice\meguri_0028.opus",".opus","64541"
"Voice\meguri_0029.opus",".opus","31749"
"Voice\meguri_0030.opus",".opus","21063"
"Voice\meguri_0031.opus",".opus","57977"
"Voice\meguri_0032.opus",".opus","127513"
"Voice\meguri_0033.opus",".opus","20702"
"Voice\meguri_0034.opus",".opus","22288"
"Voice\meguri_0035.opus",".opus","58973"
"Voice\meguri_0036.opus",".opus","12087"
"Voice\meguri_0037.opus",".opus","56480"
"Voice\meguri_0038.opus",".opus","64903"
"Voice\meguri_0039.opus",".opus","43589"
"Voice\meguri_0040.opus",".opus","101509"
"Voice\meguri_0041.opus",".opus","45965"
"Voice\meguri_0042.opus",".opus","51210"
"Voice\meguri_0043.opus",".opus","47435"
"Voice\meguri_0044.opus",".opus","64933"
"Voice\meguri_0045.opus",".opus","50849"
"Voice\meguri_0046.opus",".opus","150004"
"Voice\meguri_0047.opus",".opus","110105"
"Voice\meguri_0048.opus",".opus","53794"
"Voice\meguri_0049.opus",".opus","21871"
"Voice\meguri_0050.opus",".opus","40455"
"Voice\meguri_0051.opus",".opus","31454"
"Voice\meguri_0052.opus",".opus","87323"
"Voice\meguri_0053.opus",".opus","120704"
"Voice\meguri_0054.opus",".opus","95020"
"Voice\meguri_0055.opus",".opus","100865"
"Voice\meguri_0056.opus",".opus","59837"
"Voice\meguri_0057.opus",".opus","38738"
"Voice\meguri_0058.opus",".opus","53853"
"Voice\meguri_0059.opus",".opus","129227"
"Voice\meguri_0060.opus",".opus","79873"
"Voice\meguri_0061.opus",".opus","20667"
"Voice\meguri_0062.opus",".opus","58402"
"Voice\meguri_0063.opus",".opus","21743"
"Voice\meguri_0064.opus",".opus","31248"
"Voice\meguri_0065.opus",".opus","82335"
"Voice\meguri_0066.opus",".opus","33447"
"Voice\meguri_0067.opus",".opus","5544"
"Voice\meguri_0068.opus",".opus","26912"
"Voice\meguri_0069.opus",".opus","82404"
"Voice\meguri_0070.opus",".opus","58327"
"Voice\meguri_0071.opus",".opus","105654"
"Voice\meguri_0072.opus",".opus","53805"
"Voice\meguri_0073.opus",".opus","34615"
"Voice\meguri_0074.opus",".opus","75138"
"Voice\meguri_0075.opus",".opus","50888"
"Voice\meguri_0076.opus",".opus","79908"
"Voice\meguri_0077.opus",".opus","41125"
"Voice\meguri_0078.opus",".opus","105089"
"Voice\meguri_0079.opus",".opus","67746"
"Voice\meguri_0080.opus",".opus","82376"
"Voice\meguri_0081.opus",".opus","137820"
"Voice\meguri_0082.opus",".opus","9571"
"Voice\meguri_0085.opus",".opus","6285"
"Voice\meguri_0086.opus",".opus","17755"
"Voice\meguri_0087.opus",".opus","28683"
"Voice\meguri_0088.opus",".opus","29317"
"Voice\meguri_0089.opus",".opus","57418"
"Voice\meguri_0090.opus",".opus","63927"
"Voice\meguri_0091.opus",".opus","30768"
"Voice\meguri_0092.opus",".opus","137276"
"Voice\meguri_0093.opus",".opus","51268"
"Voice\meguri_0094.opus",".opus","50762"
"Voice\meguri_0095.opus",".opus","48959"
"Voice\meguri_0096.opus",".opus","60330"
"Voice\meguri_0097.opus",".opus","77021"
"Voice\meguri_0098.opus",".opus","122050"
"Voice\meguri_0099.opus",".opus","40133"
"Voice\meguri_0100.opus",".opus","15596"
"Voice\meguri_0103.opus",".opus","64114"
"Voice\meguri_0104.opus",".opus","32085"
"Voice\meguri_0105.opus",".opus","64316"
"Voice\meguri_0106.opus",".opus","62224"
"Voice\meguri_0107.opus",".opus","23551"
"Voice\meguri_0108.opus",".opus","38138"
"Voice\meguri_0109.opus",".opus","78906"
"Voice\meguri_0110.opus",".opus","21133"
"Voice\meguri_0111.opus",".opus","63146"
"Voice\meguri_0112.opus",".opus","73327"
"Voice\meguri_0114.opus",".opus","43169"
"Voice\meguri_0115.opus",".opus","4687"
"Voice\meguri_0116.opus",".opus","195426"
"Voice\meguri_0117.opus",".opus","52597"
"Voice\meguri_0118.opus",".opus","111517"
"Voice\meguri_0119.opus",".opus","135659"
"Voice\meguri_0120.opus",".opus","73885"
"Voice\meguri_0121.opus",".opus","40615"
"Voice\meguri_0122.opus",".opus","6610"
"Voice\meguri_0123.opus",".opus","59559"
"Voice\meguri_0124.opus",".opus","15583"
"Voice\meguri_0125.opus",".opus","25002"
"Voice\meguri_0126.opus",".opus","28261"
"Voice\meguri_0127.opus",".opus","10633"
"Voice\meguri_0128.opus",".opus","69420"
"Voice\meguri_0129.opus",".opus","18802"
"Voice\meguri_0130.opus",".opus","100392"
"Voice\meguri_0131.opus",".opus","126298"
"Voice\meguri_0132.opus",".opus","66959"
"Voice\meguri_0133.opus",".opus","88069"
"Voice\meguri_0134.opus",".opus","101958"
"Voice\meguri_0135.opus",".opus","34896"
"Voice\meguri_0136.opus",".opus","96185"
"Voice\meguri_0137.opus",".opus","26231"
"Voice\meguri_0138.opus",".opus","51688"
"Voice\meguri_0139.opus",".opus","53000"
"Voice\meguri_0140.opus",".opus","8927"
"Voice\meguri_0141.opus",".opus","41082"
"Voice\meguri_0142.opus",".opus","40221"
"Voice\meguri_0143.opus",".opus","125402"
"Voice\meguri_0144.opus",".opus","43150"
"Voice\meguri_0145.opus",".opus","42028"
"Voice\meguri_0146.opus",".opus","63783"
"Voice\meguri_0147.opus",".opus","9811"
"Voice\meguri_0148.opus",".opus","71280"
"Voice\meguri_0149.opus",".opus","35813"
"Voice\meguri_0150.opus",".opus","61613"
"Voice\meguri_0151.opus",".opus","53582"
"Voice\meguri_0152.opus",".opus","41913"
"Voice\meguri_0153.opus",".opus","71112"
"Voice\meguri_0154.opus",".opus","49433"
"Voice\meguri_0155.opus",".opus","61131"
"Voice\meguri_0156.opus",".opus","20135"
"Voice\meguri_0157.opus",".opus","5816"
"Voice\meguri_0158.opus",".opus","19025"
"Voice\meguri_0159.opus",".opus","3363"
"Voice\meguri_0160.opus",".opus","9529"
"Voice\meguri_0161.opus",".opus","35899"
"Voice\meguri_0162.opus",".opus","38470"
"Voice\meguri_0163.opus",".opus","12832"
"Voice\meguri_0164.opus",".opus","23737"
"Voice\meguri_0165.opus",".opus","4765"
"Voice\meguri_0166.opus",".opus","68692"
"Voice\meguri_0167.opus",".opus","22906"
"Voice\meguri_0168.opus",".opus","62297"
"Voice\meguri_0169.opus",".opus","106959"
"Voice\meguri_0170.opus",".opus","77213"
"Voice\meguri_0171.opus",".opus","66761"
"Voice\meguri_0172.opus",".opus","45508"
"Voice\meguri_0173.opus",".opus","82054"
"Voice\meguri_0174.opus",".opus","99555"
"Voice\meguri_0175.opus",".opus","39243"
"Voice\meguri_0176.opus",".opus","18956"
"Voice\meguri_0177.opus",".opus","98747"
"Voice\meguri_0178.opus",".opus","129266"
"Voice\meguri_0179.opus",".opus","32847"
"Voice\meguri_0180.opus",".opus","22399"
"Voice\meguri_0181.opus",".opus","105393"
"Voice\meguri_0183.opus",".opus","18407"
"Voice\meguri_0184.opus",".opus","59537"
"Voice\meguri_0185.opus",".opus","9412"
"Voice\meguri_0186.opus",".opus","83581"
"Voice\meguri_0187.opus",".opus","111299"
"Voice\meguri_0188.opus",".opus","85859"
"Voice\meguri_0189.opus",".opus","67136"
"Voice\meguri_0190.opus",".opus","100288"
"Voice\meguri_0191.opus",".opus","141649"
"Voice\meguri_0192.opus",".opus","51297"
"Voice\meguri_0193.opus",".opus","93771"
"Voice\meguri_0194.opus",".opus","64214"
"Voice\meguri_0195.opus",".opus","26688"
"Voice\meguri_0196.opus",".opus","101802"
"Voice\meguri_0197.opus",".opus","97356"
"Voice\meguri_0198.opus",".opus","108756"
"Voice\meguri_0199.opus",".opus","12566"
"Voice\meguri_0200.opus",".opus","29081"
"Voice\meguri_0201.opus",".opus","89021"
"Voice\meguri_0202.opus",".opus","59421"
"Voice\meguri_0203.opus",".opus","53015"
"Voice\meguri_0204.opus",".opus","10490"
"Voice\meguri_0205.opus",".opus","37314"
"Voice\meguri_0206.opus",".opus","28394"
"Voice\meguri_0207.opus",".opus","75700"
"Voice\meguri_0208.opus",".opus","31747"
"Voice\meguri_0209.opus",".opus","70669"
"Voice\meguri_0210.opus",".opus","44112"
"Voice\meguri_0211.opus",".opus","128673"
"Voice\meguri_0212.opus",".opus","63663"
"Voice\meguri_0213.opus",".opus","58823"
"Voice\meguri_0214.opus",".opus","61345"
"Voice\meguri_0215.opus",".opus","61182"
"Voice\meguri_0216.opus",".opus","74787"
"Voice\meguri_0217.opus",".opus","66003"
"Voice\meguri_0218.opus",".opus","31481"
"Voice\meguri_0219.opus",".opus","32085"
"Voice\meguri_0220.opus",".opus","62853"
"Voice\meguri_0221.opus",".opus","34962"
"Voice\meguri_0222.opus",".opus","14014"
"Voice\meguri_0223.opus",".opus","48580"
"Voice\meguri_0224.opus",".opus","51480"
"Voice\meguri_0225.opus",".opus","82191"
"Voice\meguri_0226.opus",".opus","51150"
"Voice\meguri_0227.opus",".opus","78543"
"Voice\meguri_0228.opus",".opus","48102"
"Voice\meguri_0229.opus",".opus","40308"
"Voice\meguri_0230.opus",".opus","7165"
"Voice\meguri_0231.opus",".opus","23320"
"Voice\meguri_0232.opus",".opus","32221"
"Voice\meguri_0233.opus",".opus","52623"
"Voice\meguri_0234.opus",".opus","59366"
"Voice\meguri_0235.opus",".opus","58875"
"Voice\meguri_0236.opus",".opus","12024"
"Voice\meguri_0237.opus",".opus","49254"
"Voice\meguri_0238.opus",".opus","49877"
"Voice\meguri_0239.opus",".opus","76162"
"Voice\meguri_0240.opus",".opus","163184"
"Voice\meguri_0241.opus",".opus","56579"
"Voice\meguri_0242.opus",".opus","43569"
"Voice\meguri_0243a.opus",".opus","43984"
"Voice\meguri_0243b.opus",".opus","37224"
"Voice\meguri_0244.opus",".opus","69306"
"Voice\meguri_0245.opus",".opus","34679"
"Voice\meguri_0246.opus",".opus","76722"
"Voice\meguri_0247.opus",".opus","4873"
"Voice\meguri_0248.opus",".opus","54016"
"Voice\meguri_0249.opus",".opus","18403"
"Voice\meguri_0250.opus",".opus","64047"
"Voice\meguri_0251.opus",".opus","11999"
"Voice\meguri_0252.opus",".opus","7280"
"Voice\meguri_0253.opus",".opus","51858"
"Voice\meguri_0254.opus",".opus","24531"
"Voice\meguri_0255.opus",".opus","64537"
"Voice\meguri_0256.opus",".opus","8668"
"Voice\meguri_0257.opus",".opus","17620"
"Voice\meguri_0258.opus",".opus","31112"
"Voice\meguri_0259.opus",".opus","45200"
"Voice\meguri_0260.opus",".opus","37161"
"Voice\meguri_0261.opus",".opus","119065"
"Voice\meguri_0262.opus",".opus","65470"
"Voice\meguri_0263.opus",".opus","150644"
"Voice\meguri_0264.opus",".opus","83409"
"Voice\meguri_0265.opus",".opus","131727"
"Voice\meguri_0266.opus",".opus","165980"
"Voice\meguri_0267.opus",".opus","42971"
"Voice\meguri_0268.opus",".opus","41293"
"Voice\meguri_0269.opus",".opus","54614"
"Voice\meguri_0270.opus",".opus","112829"
"Voice\meguri_0271.opus",".opus","57835"
"Voice\meguri_0272.opus",".opus","73082"
"Voice\meguri_0273.opus",".opus","27979"
"Voice\meguri_0274.opus",".opus","32220"
"Voice\meguri_0275.opus",".opus","27929"
"Voice\meguri_0276.opus",".opus","53630"
"Voice\meguri_0277.opus",".opus","23819"
"Voice\meguri_0278.opus",".opus","76226"
"Voice\meguri_0279.opus",".opus","35878"
"Voice\meguri_0280.opus",".opus","15948"
"Voice\meguri_0281.opus",".opus","69420"
"Voice\meguri_0282.opus",".opus","108416"
"Voice\meguri_0283.opus",".opus","108979"
"Voice\meguri_0284.opus",".opus","99886"
"Voice\meguri_0285.opus",".opus","5185"
"Voice\meguri_0286.opus",".opus","32075"
"Voice\meguri_0287.opus",".opus","29572"
"Voice\meguri_0288.opus",".opus","28674"
"Voice\meguri_0289.opus",".opus","76418"
"Voice\meguri_0290.opus",".opus","74278"
"Voice\meguri_0291.opus",".opus","50394"
"Voice\meguri_0292.opus",".opus","13849"
"Voice\meguri_0293.opus",".opus","32989"
"Voice\meguri_0294.opus",".opus","123303"
"Voice\meguri_0295.opus",".opus","78827"
"Voice\meguri_0296.opus",".opus","35110"
"Voice\meguri_0297.opus",".opus","53186"
"Voice\meguri_0298.opus",".opus","39461"
"Voice\meguri_0299.opus",".opus","71813"
"Voice\meguri_0300.opus",".opus","50501"
"Voice\meguri_0301.opus",".opus","65611"
"Voice\meguri_0302.opus",".opus","19677"
"Voice\meguri_0303.opus",".opus","33910"
"Voice\meguri_0304.opus",".opus","73084"
"Voice\meguri_0305.opus",".opus","96950"
"Voice\meguri_0306.opus",".opus","70568"
"Voice\meguri_0307.opus",".opus","79730"
"Voice\meguri_0308.opus",".opus","55156"
"Voice\meguri_0309.opus",".opus","29006"
"Voice\meguri_0310.opus",".opus","46074"
"Voice\meguri_0311.opus",".opus","28636"
"Voice\meguri_0312.opus",".opus","68081"
"Voice\meguri_0313.opus",".opus","64387"
"Voice\meguri_0314.opus",".opus","30400"
"Voice\meguri_0315.opus",".opus","23482"
"Voice\meguri_0316.opus",".opus","9228"
"Voice\meguri_0317.opus",".opus","13315"
"Voice\meguri_0318.opus",".opus","83095"
"Voice\meguri_0319.opus",".opus","50835"
"Voice\meguri_0320.opus",".opus","90894"
"Voice\meguri_0321.opus",".opus","103350"
"Voice\meguri_0322.opus",".opus","39594"
"Voice\meguri_0323.opus",".opus","44619"
"Voice\meguri_0324.opus",".opus","38140"
"Voice\meguri_0325.opus",".opus","33056"
"Voice\meguri_0326.opus",".opus","21477"
"Voice\meguri_0327.opus",".opus","18859"
"Voice\meguri_0328.opus",".opus","12618"
"Voice\meguri_0329.opus",".opus","55392"
"Voice\meguri_0330.opus",".opus","33043"
"Voice\meguri_0331.opus",".opus","63859"
"Voice\meguri_0332.opus",".opus","15452"
"Voice\meguri_0333.opus",".opus","15016"
"Voice\meguri_0334.opus",".opus","66030"
"Voice\meguri_0335.opus",".opus","12183"
"Voice\meguri_0336.opus",".opus","37839"
"Voice\meguri_0337.opus",".opus","75074"
"Voice\meguri_0338.opus",".opus","27974"
"Voice\meguri_0339.opus",".opus","50269"
"Voice\meguri_0340a.opus",".opus","66464"
"Voice\meguri_0340b.opus",".opus","38441"
"Voice\meguri_0341.opus",".opus","82333"
"Voice\meguri_0342a.opus",".opus","78558"
"Voice\meguri_0342b.opus",".opus","30247"
"Voice\meguri_0343.opus",".opus","93540"
"Voice\meguri_0344.opus",".opus","45671"
"Voice\meguri_0345.opus",".opus","79740"
"Voice\meguri_0346.opus",".opus","13516"
"Voice\meguri_0347.opus",".opus","52557"
"Voice\meguri_0348.opus",".opus","61733"
"Voice\meguri_0349.opus",".opus","29515"
"Voice\meguri_0350.opus",".opus","24556"
"Voice\meguri_0351.opus",".opus","28032"
"Voice\meguri_0352.opus",".opus","49668"
"Voice\meguri_0353.opus",".opus","15447"
"Voice\meguri_0354.opus",".opus","132877"
"Voice\meguri_0355.opus",".opus","45665"
"Voice\meguri_0356.opus",".opus","28809"
"Voice\meguri_0357.opus",".opus","158217"
"Voice\meguri_0358.opus",".opus","87716"
"Voice\meguri_0359.opus",".opus","31648"
"Voice\meguri_0360.opus",".opus","105249"
"Voice\meguri_0361.opus",".opus","83123"
"Voice\meguri_0362.opus",".opus","21762"
"Voice\meguri_0363.opus",".opus","103083"
"Voice\meguri_0364.opus",".opus","62223"
"Voice\meguri_0365.opus",".opus","18099"
"Voice\meguri_0366.opus",".opus","6039"
"Voice\meguri_0367.opus",".opus","94019"
"Voice\meguri_0368.opus",".opus","38714"
"Voice\meguri_0369.opus",".opus","25173"
"Voice\meguri_0370.opus",".opus","63116"
"Voice\meguri_0371.opus",".opus","28440"
"Voice\meguri_0372.opus",".opus","44659"
"Voice\meguri_0373.opus",".opus","68999"
"Voice\meguri_0374.opus",".opus","71642"
"Voice\meguri_0375.opus",".opus","88801"
"Voice\meguri_0376.opus",".opus","58188"
"Voice\meguri_0377.opus",".opus","27818"
"Voice\meguri_0378.opus",".opus","81002"
"Voice\meguri_0379.opus",".opus","103943"
"Voice\meguri_0380.opus",".opus","74559"
"Voice\meguri_0382.opus",".opus","67090"
"Voice\meguri_0383.opus",".opus","52109"
"Voice\meguri_0384.opus",".opus","29477"
"Voice\meguri_0385.opus",".opus","159917"
"Voice\meguri_0386.opus",".opus","129807"
"Voice\meguri_0387.opus",".opus","121754"
"Voice\meguri_0388.opus",".opus","100928"
"Voice\meguri_0389.opus",".opus","121412"
"Voice\meguri_0390.opus",".opus","73817"
"Voice\meguri_0391.opus",".opus","48024"
"Voice\meguri_0392.opus",".opus","82481"
"Voice\meguri_0393.opus",".opus","160397"
"Voice\meguri_0394.opus",".opus","136420"
"Voice\meguri_0395.opus",".opus","132387"
"Voice\meguri_0396.opus",".opus","47064"
"Voice\meguri_0397.opus",".opus","174467"
"Voice\meguri_0398.opus",".opus","29894"
"Voice\meguri_0399.opus",".opus","90279"
"Voice\meguri_0400.opus",".opus","93505"
"Voice\meguri_0401.opus",".opus","63556"
"Voice\meguri_0402.opus",".opus","19966"
"Voice\meguri_0403.opus",".opus","29110"
"Voice\meguri_0404.opus",".opus","22207"
"Voice\meguri_0405.opus",".opus","26219"
"Voice\meguri_0406.opus",".opus","44256"
"Voice\meguri_0407.opus",".opus","13770"
"Voice\meguri_0408.opus",".opus","15430"
"Voice\meguri_0409.opus",".opus","44407"
"Voice\meguri_0410.opus",".opus","104885"
"Voice\meguri_0411.opus",".opus","66417"
"Voice\meguri_0412.opus",".opus","49984"
"Voice\meguri_0413.opus",".opus","31266"
"Voice\meguri_0414.opus",".opus","18538"
"Voice\meguri_0415.opus",".opus","88376"
"Voice\meguri_0416.opus",".opus","11640"
"Voice\meguri_0417.opus",".opus","10723"
"Voice\meguri_0418.opus",".opus","31647"
"Voice\meguri_0419.opus",".opus","50550"
"Voice\meguri_0420.opus",".opus","99203"
"Voice\meguri_0421.opus",".opus","83213"
"Voice\meguri_0422.opus",".opus","17678"
"Voice\meguri_0423.opus",".opus","187868"
"Voice\meguri_0424.opus",".opus","129217"
"Voice\meguri_0425.opus",".opus","83581"
"Voice\meguri_0426.opus",".opus","110363"
"Voice\meguri_0427.opus",".opus","18649"
"Voice\meguri_0428.opus",".opus","142256"
"Voice\meguri_0429.opus",".opus","10203"
"Voice\meguri_0430.opus",".opus","89931"
"Voice\meguri_0431.opus",".opus","138307"
"Voice\meguri_0432.opus",".opus","103882"
"Voice\meguri_0433.opus",".opus","131894"
"Voice\meguri_0434.opus",".opus","91786"
"Voice\meguri_0435.opus",".opus","30089"
"Voice\meguri_0436.opus",".opus","43195"
"Voice\meguri_0437.opus",".opus","54384"
"Voice\meguri_0438.opus",".opus","39564"
"Voice\meguri_0439.opus",".opus","8045"
"Voice\meguri_0440.opus",".opus","4616"
"Voice\meguri_0441.opus",".opus","52809"
"Voice\meguri_0442.opus",".opus","33900"
"Voice\meguri_0443.opus",".opus","10369"
"Voice\meguri_0444.opus",".opus","29171"
"Voice\meguri_0445.opus",".opus","44149"
"Voice\meguri_0446.opus",".opus","36841"
"Voice\meguri_0447.opus",".opus","53964"
"Voice\meguri_0448.opus",".opus","78086"
"Voice\meguri_0449.opus",".opus","28705"
"Voice\meguri_0450.opus",".opus","78981"
"Voice\meguri_0451.opus",".opus","82539"
"Voice\meguri_0452.opus",".opus","60770"
"Voice\meguri_0453.opus",".opus","21529"
"Voice\meguri_0454.opus",".opus","18574"
"Voice\meguri_0455.opus",".opus","151463"
"Voice\meguri_0456.opus",".opus","55176"
"Voice\meguri_0457.opus",".opus","120895"
"Voice\meguri_0458.opus",".opus","41315"
"Voice\meguri_0459.opus",".opus","170430"
"Voice\meguri_0460.opus",".opus","145180"
"Voice\meguri_0461.opus",".opus","13500"
"Voice\meguri_0462.opus",".opus","68758"
"Voice\meguri_0463.opus",".opus","136633"
"Voice\meguri_0464.opus",".opus","89969"
"Voice\meguri_0465.opus",".opus","160003"
"Voice\meguri_0466.opus",".opus","124905"
"Voice\meguri_0467.opus",".opus","122054"
"Voice\meguri_0468.opus",".opus","38125"
"Voice\meguri_0469.opus",".opus","57616"
"Voice\meguri_0470.opus",".opus","33974"
"Voice\meguri_0471.opus",".opus","85906"
"Voice\meguri_0472.opus",".opus","30109"
"Voice\meguri_0473.opus",".opus","80180"
"Voice\meguri_0474.opus",".opus","99488"
"Voice\meguri_0475.opus",".opus","80236"
"Voice\meguri_0476.opus",".opus","93043"
"Voice\meguri_0477.opus",".opus","12602"
"Voice\meguri_0478.opus",".opus","35071"
"Voice\meguri_0479.opus",".opus","13660"
"Voice\meguri_0480.opus",".opus","6284"
"Voice\meguri_0481.opus",".opus","33204"
"Voice\meguri_0482.opus",".opus","54528"
"Voice\meguri_0483.opus",".opus","11920"
"Voice\meguri_0484.opus",".opus","68695"
"Voice\meguri_0485.opus",".opus","9291"
"Voice\meguri_0486.opus",".opus","119999"
"Voice\meguri_0487.opus",".opus","61617"
"Voice\meguri_0488.opus",".opus","48341"
"Voice\meguri_0489.opus",".opus","62375"
"Voice\meguri_0490.opus",".opus","17755"
"Voice\meguri_0491.opus",".opus","52815"
"Voice\meguri_0492.opus",".opus","106881"
"Voice\meguri_0493.opus",".opus","70919"
"Voice\meguri_0494.opus",".opus","5174"
"Voice\meguri_0495.opus",".opus","52402"
"Voice\meguri_0496.opus",".opus","31740"
"Voice\meguri_0497.opus",".opus","71270"
"Voice\meguri_0498.opus",".opus","61172"
"Voice\meguri_0499.opus",".opus","64910"
"Voice\meguri_0500.opus",".opus","60073"
"Voice\meguri_0501.opus",".opus","52363"
"Voice\meguri_0502.opus",".opus","17281"
"Voice\meguri_0503.opus",".opus","12493"
"Voice\meguri_0504.opus",".opus","12160"
"Voice\meguri_0505.opus",".opus","23987"
"Voice\meguri_0506.opus",".opus","35590"
"Voice\meguri_0507.opus",".opus","15633"
"Voice\meguri_0508.opus",".opus","6530"
"Voice\meguri_0510.opus",".opus","54292"
"Voice\meguri_0511.opus",".opus","8615"
"Voice\meguri_0512.opus",".opus","48051"
"Voice\meguri_0513.opus",".opus","32689"
"Voice\meguri_0514.opus",".opus","10474"
"Voice\meguri_0515.opus",".opus","74540"
"Voice\meguri_0516.opus",".opus","24331"
"Voice\meguri_0517.opus",".opus","10504"
"Voice\meguri_0518.opus",".opus","8038"
"Voice\meguri_0519.opus",".opus","77515"
"Voice\meguri_0520.opus",".opus","37697"
"Voice\meguri_0521.opus",".opus","39677"
"Voice\meguri_0522.opus",".opus","60437"
"Voice\meguri_0523.opus",".opus","112550"
"Voice\meguri_0524.opus",".opus","24374"
"Voice\meguri_0525.opus",".opus","12266"
"Voice\meguri_0526.opus",".opus","22781"
"Voice\meguri_0527.opus",".opus","22494"
"Voice\meguri_0528.opus",".opus","62194"
"Voice\meguri_0529.opus",".opus","59087"
"Voice\meguri_0530.opus",".opus","47362"
"Voice\meguri_0531.opus",".opus","33806"
"Voice\meguri_0532.opus",".opus","13335"
"Voice\meguri_0533.opus",".opus","34350"
"Voice\meguri_0534.opus",".opus","14246"
"Voice\meguri_0535.opus",".opus","9348"
"Voice\meguri_0536.opus",".opus","43582"
"Voice\meguri_0537.opus",".opus","9801"
"Voice\meguri_0538.opus",".opus","76508"
"Voice\meguri_0539.opus",".opus","10529"
"Voice\meguri_0540.opus",".opus","24145"
"Voice\meguri_0541a.opus",".opus","69533"
"Voice\meguri_0541b.opus",".opus","39967"
"Voice\meguri_0542.opus",".opus","8165"
"Voice\meguri_0543.opus",".opus","11618"
"Voice\meguri_0544.opus",".opus","17174"
"Voice\meguri_0545.opus",".opus","20266"
"Voice\meguri_0546.opus",".opus","54470"
"Voice\meguri_0547.opus",".opus","65755"
"Voice\meguri_0548.opus",".opus","91088"
"Voice\meguri_0549.opus",".opus","101632"
"Voice\meguri_0550a.opus",".opus","53152"
"Voice\meguri_0550b.opus",".opus","40655"
"Voice\meguri_0551.opus",".opus","119415"
"Voice\meguri_0552.opus",".opus","81333"
"Voice\meguri_0553.opus",".opus","13390"
"Voice\meguri_0554.opus",".opus","111513"
"Voice\meguri_0555.opus",".opus","40448"
"Voice\meguri_0556.opus",".opus","12316"
"Voice\meguri_0557.opus",".opus","52086"
"Voice\meguri_0558.opus",".opus","16831"
"Voice\meguri_0559.opus",".opus","47881"
"Voice\meguri_0560.opus",".opus","161552"
"Voice\meguri_0561.opus",".opus","73232"
"Voice\meguri_0562.opus",".opus","22870"
"Voice\meguri_0563.opus",".opus","13848"
"Voice\meguri_0564.opus",".opus","131320"
"Voice\meguri_0565.opus",".opus","93585"
"Voice\meguri_0566.opus",".opus","137589"
"Voice\meguri_0567.opus",".opus","180385"
"Voice\meguri_0568.opus",".opus","53824"
"Voice\meguri_0569.opus",".opus","16731"
"Voice\meguri_0570.opus",".opus","55325"
"Voice\meguri_0571.opus",".opus","63991"
"Voice\meguri_0572.opus",".opus","61174"
"Voice\meguri_0573.opus",".opus","94690"
"Voice\meguri_0574a.opus",".opus","68752"
"Voice\meguri_0574b.opus",".opus","53112"
"Voice\meguri_0575.opus",".opus","85175"
"Voice\meguri_0576.opus",".opus","41263"
"Voice\meguri_0577.opus",".opus","39603"
"Voice\meguri_0578.opus",".opus","64971"
"Voice\meguri_0579.opus",".opus","50903"
"Voice\meguri_0580.opus",".opus","95962"
"Voice\meguri_0581.opus",".opus","41341"
"Voice\meguri_0582.opus",".opus","29950"
"Voice\meguri_0583.opus",".opus","87707"
"Voice\meguri_0584.opus",".opus","63368"
"Voice\meguri_0585.opus",".opus","42143"
"Voice\meguri_0586.opus",".opus","69192"
"Voice\meguri_0587.opus",".opus","120808"
"Voice\meguri_0588.opus",".opus","85085"
"Voice\meguri_0589a.opus",".opus","53283"
"Voice\meguri_0589b.opus",".opus","57145"
"Voice\meguri_0590.opus",".opus","27028"
"Voice\meguri_0591.opus",".opus","26461"
"Voice\meguri_0592.opus",".opus","8390"
"Voice\meguri_0593.opus",".opus","49825"
"Voice\meguri_0594.opus",".opus","22460"
"Voice\meguri_0595.opus",".opus","104565"
"Voice\meguri_0596.opus",".opus","10157"
"Voice\meguri_0597.opus",".opus","73908"
"Voice\meguri_0598.opus",".opus","66672"
"Voice\meguri_0599.opus",".opus","70266"
"Voice\meguri_0600.opus",".opus","100766"
"Voice\meguri_0601.opus",".opus","79157"
"Voice\meguri_0602.opus",".opus","79202"
"Voice\meguri_0603.opus",".opus","68608"
"Voice\meguri_0604.opus",".opus","124486"
"Voice\meguri_0605.opus",".opus","53470"
"Voice\meguri_0606.opus",".opus","14755"
"Voice\meguri_0607.opus",".opus","14934"
"Voice\meguri_0608.opus",".opus","80681"
"Voice\meguri_0609.opus",".opus","21012"
"Voice\meguri_0610.opus",".opus","30327"
"Voice\meguri_0611.opus",".opus","18895"
"Voice\meguri_0612.opus",".opus","24742"
"Voice\meguri_0613.opus",".opus","64115"
"Voice\meguri_0614.opus",".opus","6128"
"Voice\meguri_0615.opus",".opus","37649"
"Voice\meguri_0616.opus",".opus","30401"
"Voice\meguri_0617.opus",".opus","26714"
"Voice\meguri_0618.opus",".opus","37658"
"Voice\meguri_0619.opus",".opus","9297"
"Voice\meguri_0620.opus",".opus","27261"
"Voice\meguri_0621.opus",".opus","11930"
"Voice\meguri_0622.opus",".opus","53503"
"Voice\meguri_0623.opus",".opus","74618"
"Voice\meguri_0624.opus",".opus","59694"
"Voice\meguri_0625.opus",".opus","120733"
"Voice\meguri_0626.opus",".opus","65358"
"Voice\meguri_0627.opus",".opus","113828"
"Voice\meguri_0628.opus",".opus","4931"
"Voice\meguri_0629.opus",".opus","84092"
"Voice\meguri_0630.opus",".opus","12339"
"Voice\meguri_0631.opus",".opus","17202"
"Voice\meguri_0632.opus",".opus","72487"
"Voice\meguri_0633.opus",".opus","93680"
"Voice\meguri_0634.opus",".opus","31650"
"Voice\meguri_0635.opus",".opus","36414"
"Voice\meguri_0636.opus",".opus","37530"
"Voice\meguri_0637.opus",".opus","39042"
"Voice\meguri_0638.opus",".opus","26328"
"Voice\meguri_0639.opus",".opus","48592"
"Voice\meguri_0640.opus",".opus","13491"
"Voice\meguri_0641.opus",".opus","42485"
"Voice\meguri_0642.opus",".opus","31988"
"Voice\meguri_0643.opus",".opus","58246"
"Voice\meguri_0644.opus",".opus","46416"
"Voice\meguri_0645.opus",".opus","12612"
"Voice\meguri_0646.opus",".opus","13366"
"Voice\meguri_0647.opus",".opus","65735"
"Voice\meguri_0648.opus",".opus","8092"
"Voice\meguri_0649.opus",".opus","49904"
"Voice\meguri_0650.opus",".opus","20123"
"Voice\meguri_0651.opus",".opus","97205"
"Voice\meguri_0652.opus",".opus","11275"
"Voice\meguri_0653.opus",".opus","27287"
"Voice\meguri_0654.opus",".opus","59714"
"Voice\meguri_0655.opus",".opus","70762"
"Voice\meguri_0656.opus",".opus","64090"
"Voice\meguri_0657.opus",".opus","43464"
"Voice\meguri_0658.opus",".opus","41498"
"Voice\meguri_0659.opus",".opus","23627"
"Voice\meguri_0660.opus",".opus","72882"
"Voice\meguri_0661.opus",".opus","132712"
"Voice\meguri_0662.opus",".opus","93382"
"Voice\meguri_0663.opus",".opus","11689"
"Voice\meguri_0664.opus",".opus","66524"
"Voice\meguri_0665.opus",".opus","72794"
"Voice\meguri_0666.opus",".opus","39707"
"Voice\meguri_0667.opus",".opus","35044"
"Voice\meguri_0668.opus",".opus","10088"
"Voice\meguri_0669.opus",".opus","34125"
"Voice\meguri_0670.opus",".opus","56028"
"Voice\meguri_0671.opus",".opus","52893"
"Voice\meguri_0672.opus",".opus","28163"
"Voice\meguri_0673.opus",".opus","40050"
"Voice\meguri_0674.opus",".opus","10059"
"Voice\meguri_0675.opus",".opus","11532"
"Voice\meguri_0676.opus",".opus","47150"
"Voice\meguri_0677.opus",".opus","59836"
"Voice\meguri_0678.opus",".opus","5458"
"Voice\meguri_0679.opus",".opus","80268"
"Voice\meguri_0680.opus",".opus","56723"
"Voice\meguri_0681.opus",".opus","20385"
"Voice\meguri_0682.opus",".opus","21554"
"Voice\meguri_0683.opus",".opus","6040"
"Voice\meguri_0684.opus",".opus","54667"
"Voice\meguri_0685.opus",".opus","18072"
"Voice\meguri_0686.opus",".opus","35585"
"Voice\meguri_0687.opus",".opus","46217"
"Voice\meguri_0688.opus",".opus","62053"
"Voice\meguri_0689.opus",".opus","10511"
"Voice\meguri_0690.opus",".opus","87164"
"Voice\meguri_0691.opus",".opus","53945"
"Voice\meguri_0692.opus",".opus","34171"
"Voice\meguri_0693.opus",".opus","84029"
"Voice\meguri_0694.opus",".opus","26583"
"Voice\meguri_0695.opus",".opus","52154"
"Voice\meguri_0696.opus",".opus","61536"
"Voice\meguri_0697.opus",".opus","46308"
"Voice\meguri_0698.opus",".opus","8308"
"Voice\meguri_0699.opus",".opus","21573"
"Voice\meguri_0700.opus",".opus","55866"
"Voice\meguri_0701.opus",".opus","10079"
"Voice\meguri_0702.opus",".opus","23556"
"Voice\meguri_0703.opus",".opus","43228"
"Voice\meguri_0704.opus",".opus","29330"
"Voice\meguri_0705.opus",".opus","14688"
"Voice\meguri_0706.opus",".opus","56774"
"Voice\meguri_0707.opus",".opus","32312"
"Voice\meguri_0708.opus",".opus","20673"
"Voice\meguri_0709.opus",".opus","40724"
"Voice\meguri_0710.opus",".opus","52282"
"Voice\meguri_0711.opus",".opus","40562"
"Voice\meguri_0712.opus",".opus","49747"
"Voice\meguri_0713.opus",".opus","41193"
"Voice\meguri_0714.opus",".opus","49816"
"Voice\meguri_0715.opus",".opus","12768"
"Voice\meguri_0716.opus",".opus","48302"
"Voice\meguri_0717.opus",".opus","17669"
"Voice\meguri_0718.opus",".opus","48727"
"Voice\meguri_0719.opus",".opus","38144"
"Voice\meguri_0720.opus",".opus","76664"
"Voice\meguri_0721.opus",".opus","47905"
"Voice\meguri_0722.opus",".opus","4547"
"Voice\meguri_0723.opus",".opus","5747"
"Voice\meguri_0724.opus",".opus","60566"
"Voice\meguri_0725.opus",".opus","70583"
"Voice\meguri_0726.opus",".opus","52671"
"Voice\meguri_0727.opus",".opus","39928"
"Voice\meguri_0728.opus",".opus","61949"
"Voice\meguri_0729.opus",".opus","37459"
"Voice\meguri_0730.opus",".opus","3708"
"Voice\meguri_0732.opus",".opus","61031"
"Voice\meguri_0733.opus",".opus","64838"
"Voice\meguri_0734.opus",".opus","22532"
"Voice\meguri_0735.opus",".opus","29379"
"Voice\meguri_0736.opus",".opus","52089"
"Voice\meguri_0737.opus",".opus","131713"
"Voice\meguri_0738.opus",".opus","21128"
"Voice\meguri_0739.opus",".opus","67839"
"Voice\meguri_0740.opus",".opus","76408"
"Voice\meguri_0741.opus",".opus","104629"
"Voice\meguri_0742.opus",".opus","123082"
"Voice\meguri_0743.opus",".opus","39735"
"Voice\meguri_0744.opus",".opus","51691"
"Voice\meguri_0745.opus",".opus","33404"
"Voice\meguri_0746.opus",".opus","38844"
"Voice\meguri_0747.opus",".opus","81572"
"Voice\meguri_0748.opus",".opus","48640"
"Voice\meguri_0749.opus",".opus","87947"
"Voice\meguri_0750.opus",".opus","18808"
"Voice\meguri_0751.opus",".opus","33831"
"Voice\meguri_0752.opus",".opus","42571"
"Voice\meguri_0753.opus",".opus","116958"
"Voice\meguri_0754.opus",".opus","52897"
"Voice\meguri_0755.opus",".opus","66011"
"Voice\meguri_0756.opus",".opus","46597"
"Voice\meguri_0757.opus",".opus","49789"
"Voice\meguri_0758.opus",".opus","18096"
"Voice\meguri_0759.opus",".opus","8554"
"Voice\meguri_0760.opus",".opus","57026"
"Voice\meguri_0761.opus",".opus","27370"
"Voice\meguri_0762.opus",".opus","17094"
"Voice\meguri_0763.opus",".opus","5016"
"Voice\meguri_0764.opus",".opus","31610"
"Voice\meguri_0765.opus",".opus","92897"
"Voice\meguri_0766a.opus",".opus","25399"
"Voice\meguri_0766b.opus",".opus","29479"
"Voice\meguri_0767.opus",".opus","81207"
"Voice\meguri_0768a.opus",".opus","60192"
"Voice\meguri_0768b.opus",".opus","41791"
"Voice\meguri_0769.opus",".opus","11863"
"Voice\meguri_0770.opus",".opus","10137"
"Voice\meguri_0771.opus",".opus","11089"
"Voice\meguri_0772.opus",".opus","6429"
"Voice\meguri_0773.opus",".opus","9629"
"Voice\meguri_0774.opus",".opus","42747"
"Voice\meguri_0775.opus",".opus","66798"
"Voice\meguri_0776.opus",".opus","73313"
"Voice\meguri_0777.opus",".opus","32221"
"Voice\meguri_0778.opus",".opus","90852"
"Voice\meguri_0779.opus",".opus","42668"
"Voice\meguri_0780.opus",".opus","30533"
"Voice\meguri_0781.opus",".opus","7068"
"Voice\meguri_0782.opus",".opus","9128"
"Voice\meguri_0783.opus",".opus","6037"
"Voice\meguri_0784.opus",".opus","9986"
"Voice\meguri_0785.opus",".opus","6653"
"Voice\meguri_0786.opus",".opus","21229"
"Voice\meguri_0787.opus",".opus","67527"
"Voice\meguri_0788.opus",".opus","49476"
"Voice\meguri_0789.opus",".opus","10743"
"Voice\meguri_0790.opus",".opus","28773"
"Voice\meguri_0791.opus",".opus","26517"
"Voice\meguri_0792.opus",".opus","29806"
"Voice\meguri_0793.opus",".opus","14918"
"Voice\meguri_0794.opus",".opus","11800"
"Voice\meguri_0795.opus",".opus","4434"
"Voice\meguri_0796.opus",".opus","17745"
"Voice\meguri_0797.opus",".opus","9545"
"Voice\meguri_0798.opus",".opus","9264"
"Voice\meguri_0799.opus",".opus","69528"
"Voice\meguri_0800.opus",".opus","7697"
"Voice\meguri_0801.opus",".opus","15622"
"Voice\meguri_0802.opus",".opus","59311"
"Voice\meguri_0803.opus",".opus","98639"
"Voice\meguri_0804.opus",".opus","65958"
"Voice\meguri_0805.opus",".opus","71753"
"Voice\meguri_0806.opus",".opus","12189"
"Voice\meguri_0807.opus",".opus","16266"
"Voice\meguri_0808.opus",".opus","12523"
"Voice\meguri_0809.opus",".opus","18466"
"Voice\meguri_0810.opus",".opus","84018"
"Voice\meguri_0811.opus",".opus","31415"
"Voice\meguri_0812.opus",".opus","139769"
"Voice\meguri_0813.opus",".opus","94546"
"Voice\meguri_0814.opus",".opus","10685"
"Voice\meguri_0815.opus",".opus","66134"
"Voice\meguri_0816.opus",".opus","59605"
"Voice\meguri_0817.opus",".opus","34441"
"Voice\meguri_0818.opus",".opus","46111"
"Voice\meguri_0819.opus",".opus","32440"
"Voice\meguri_0820.opus",".opus","64277"
"Voice\meguri_0821.opus",".opus","88876"
"Voice\meguri_0822.opus",".opus","68257"
"Voice\meguri_0823.opus",".opus","46423"
"Voice\meguri_0824.opus",".opus","22906"
"Voice\meguri_0825.opus",".opus","39835"
"Voice\meguri_0826.opus",".opus","30688"
"Voice\meguri_0827.opus",".opus","51158"
"Voice\meguri_0828.opus",".opus","40299"
"Voice\meguri_0829.opus",".opus","38539"
"Voice\meguri_0830.opus",".opus","10436"
"Voice\meguri_0831.opus",".opus","17903"
"Voice\meguri_0832.opus",".opus","22242"
"Voice\meguri_0833.opus",".opus","7073"
"Voice\meguri_0834.opus",".opus","33898"
"Voice\meguri_0835.opus",".opus","5910"
"Voice\meguri_0836.opus",".opus","8932"
"Voice\meguri_0837.opus",".opus","17160"
"Voice\meguri_0838.opus",".opus","75204"
"Voice\meguri_0839.opus",".opus","32410"
"Voice\meguri_0840.opus",".opus","23649"
"Voice\meguri_0841.opus",".opus","34874"
"Voice\meguri_0842.opus",".opus","130484"
"Voice\meguri_0844.opus",".opus","6734"
"Voice\meguri_0845.opus",".opus","12629"
"Voice\meguri_0846.opus",".opus","16901"
"Voice\meguri_0847.opus",".opus","14456"
"Voice\meguri_0848.opus",".opus","58596"
"Voice\meguri_0849.opus",".opus","8061"
"Voice\meguri_0850.opus",".opus","14603"
"Voice\meguri_0851.opus",".opus","49884"
"Voice\meguri_0852.opus",".opus","12288"
"Voice\meguri_0853.opus",".opus","9436"
"Voice\meguri_0854.opus",".opus","99547"
"Voice\meguri_0855.opus",".opus","12294"
"Voice\meguri_0856.opus",".opus","17326"
"Voice\meguri_0857.opus",".opus","45986"
"Voice\meguri_0858.opus",".opus","46906"
"Voice\meguri_0859.opus",".opus","87543"
"Voice\meguri_0860.opus",".opus","14451"
"Voice\meguri_0861.opus",".opus","27634"
"Voice\meguri_0862.opus",".opus","55877"
"Voice\meguri_0863.opus",".opus","43316"
"Voice\meguri_0864.opus",".opus","43139"
"Voice\meguri_0865.opus",".opus","9562"
"Voice\meguri_0866.opus",".opus","21433"
"Voice\meguri_0867.opus",".opus","14418"
"Voice\meguri_0868.opus",".opus","27673"
"Voice\meguri_0869.opus",".opus","24575"
"Voice\meguri_0870.opus",".opus","29306"
"Voice\meguri_0871.opus",".opus","43914"
"Voice\meguri_0872.opus",".opus","51824"
"Voice\meguri_0873.opus",".opus","23534"
"Voice\meguri_0874.opus",".opus","136270"
"Voice\meguri_0875.opus",".opus","98457"
"Voice\meguri_0876.opus",".opus","54059"
"Voice\meguri_0877.opus",".opus","137524"
"Voice\meguri_0878.opus",".opus","199903"
"Voice\meguri_0879.opus",".opus","122982"
"Voice\meguri_0880.opus",".opus","11806"
"Voice\meguri_0881.opus",".opus","21907"
"Voice\meguri_0882.opus",".opus","91205"
"Voice\meguri_0883.opus",".opus","37750"
"Voice\meguri_0884.opus",".opus","70009"
"Voice\meguri_0885.opus",".opus","25181"
"Voice\meguri_0886.opus",".opus","8731"
"Voice\meguri_0887.opus",".opus","9627"
"Voice\meguri_0888.opus",".opus","10367"
"Voice\meguri_0889.opus",".opus","10831"
"Voice\meguri_0890.opus",".opus","63752"
"Voice\meguri_0891.opus",".opus","127001"
"Voice\meguri_0892.opus",".opus","145517"
"Voice\meguri_0893.opus",".opus","133095"
"Voice\meguri_0894.opus",".opus","117094"
"Voice\meguri_0895.opus",".opus","110065"
"Voice\meguri_0896.opus",".opus","21729"
"Voice\meguri_0897.opus",".opus","19135"
"Voice\meguri_0898.opus",".opus","43958"
"Voice\meguri_0899.opus",".opus","163804"
"Voice\meguri_0900.opus",".opus","51804"
"Voice\meguri_0901.opus",".opus","119384"
"Voice\meguri_0902.opus",".opus","145631"
"Voice\meguri_0903.opus",".opus","123282"
"Voice\meguri_0904.opus",".opus","206970"
"Voice\meguri_0905.opus",".opus","78538"
"Voice\meguri_0906.opus",".opus","30922"
"Voice\meguri_0907.opus",".opus","33159"
"Voice\meguri_0908.opus",".opus","58939"
"Voice\meguri_0909.opus",".opus","51945"
"Voice\meguri_0910.opus",".opus","24450"
"Voice\meguri_0911.opus",".opus","52884"
"Voice\meguri_0912.opus",".opus","8437"
"Voice\meguri_0913.opus",".opus","8195"
"Voice\meguri_0914.opus",".opus","12516"
"Voice\meguri_0915.opus",".opus","9061"
"Voice\meguri_0916.opus",".opus","14665"
"Voice\meguri_0917.opus",".opus","60926"
"Voice\meguri_0918.opus",".opus","99994"
"Voice\meguri_0919.opus",".opus","44942"
"Voice\meguri_0920.opus",".opus","182275"
"Voice\meguri_0921.opus",".opus","201603"
"Voice\meguri_0922.opus",".opus","121700"
"Voice\meguri_0923.opus",".opus","13439"
"Voice\meguri_0924.opus",".opus","14116"
"Voice\meguri_0925.opus",".opus","148813"
"Voice\meguri_0926.opus",".opus","124244"
"Voice\meguri_0927.opus",".opus","35186"
"Voice\meguri_0928.opus",".opus","32940"
"Voice\meguri_0929.opus",".opus","14707"
"Voice\meguri_0930.opus",".opus","13316"
"Voice\meguri_0931.opus",".opus","12624"
"Voice\meguri_0932.opus",".opus","10223"
"Voice\meguri_0933.opus",".opus","62584"
"Voice\meguri_0934.opus",".opus","4340"
"Voice\meguri_0935.opus",".opus","13692"
"Voice\meguri_0936.opus",".opus","7563"
"Voice\meguri_0937.opus",".opus","80590"
"Voice\meguri_0938.opus",".opus","7148"
"Voice\meguri_0939.opus",".opus","38307"
"Voice\meguri_0940.opus",".opus","40518"
"Voice\meguri_0941.opus",".opus","78147"
"Voice\meguri_0942.opus",".opus","45862"
"Voice\meguri_0943.opus",".opus","99053"
"Voice\meguri_0944.opus",".opus","92963"
"Voice\meguri_0945.opus",".opus","8569"
"Voice\meguri_0946.opus",".opus","25721"
"Voice\meguri_0947.opus",".opus","76880"
"Voice\meguri_0948.opus",".opus","94276"
"Voice\meguri_0949.opus",".opus","40883"
"Voice\meguri_0950.opus",".opus","54071"
"Voice\meguri_0951.opus",".opus","19253"
"Voice\meguri_0952.opus",".opus","21736"
"Voice\meguri_0953.opus",".opus","61459"
"Voice\meguri_0954a.opus",".opus","27816"
"Voice\meguri_0954b.opus",".opus","66062"
"Voice\meguri_0955.opus",".opus","51584"
"Voice\meguri_0956.opus",".opus","57759"
"Voice\meguri_0957.opus",".opus","37043"
"Voice\meguri_0958.opus",".opus","49691"
"Voice\meguri_0959.opus",".opus","127186"
"Voice\meguri_0960.opus",".opus","50406"
"Voice\meguri_0961.opus",".opus","8709"
"Voice\meguri_0962.opus",".opus","22394"
"Voice\meguri_0963.opus",".opus","103341"
"Voice\meguri_0964.opus",".opus","19346"
"Voice\meguri_0965.opus",".opus","81805"
"Voice\meguri_0966.opus",".opus","26119"
"Voice\meguri_0967.opus",".opus","44602"
"Voice\meguri_0968.opus",".opus","31685"
"Voice\meguri_0969.opus",".opus","54696"
"Voice\meguri_0970.opus",".opus","36450"
"Voice\meguri_0971.opus",".opus","85307"
"Voice\meguri_0972.opus",".opus","25492"
"Voice\meguri_0973.opus",".opus","79387"
"Voice\meguri_0974.opus",".opus","33374"
"Voice\meguri_0975.opus",".opus","21214"
"Voice\meguri_0976.opus",".opus","131528"
"Voice\meguri_0977.opus",".opus","52649"
"Voice\meguri_0978.opus",".opus","102526"
"Voice\meguri_0979.opus",".opus","123093"
"Voice\meguri_0980.opus",".opus","13118"
"Voice\meguri_0981.opus",".opus","80669"
"Voice\meguri_0982.opus",".opus","29389"
"Voice\meguri_0983.opus",".opus","55484"
"Voice\meguri_0984.opus",".opus","33533"
"Voice\meguri_0985.opus",".opus","60991"
"Voice\meguri_0986.opus",".opus","45194"
"Voice\meguri_0987.opus",".opus","6974"
"Voice\meguri_0988.opus",".opus","39805"
"Voice\meguri_0989.opus",".opus","40012"
"Voice\meguri_0990.opus",".opus","68506"
"Voice\meguri_0991.opus",".opus","138038"
"Voice\meguri_0992.opus",".opus","123617"
"Voice\meguri_0993.opus",".opus","107377"
"Voice\meguri_0994.opus",".opus","24451"
"Voice\meguri_0995.opus",".opus","57967"
"Voice\meguri_0996.opus",".opus","160037"
"Voice\meguri_0997.opus",".opus","6693"
"Voice\meguri_0998.opus",".opus","17699"
"Voice\meguri_0999.opus",".opus","51119"
"Voice\meguri_1000.opus",".opus","132486"
"Voice\meguri_1001.opus",".opus","28665"
"Voice\meguri_1002.opus",".opus","42452"
"Voice\meguri_1003.opus",".opus","71910"
"Voice\meguri_1004.opus",".opus","50211"
"Voice\meguri_1005.opus",".opus","8575"
"Voice\meguri_1006.opus",".opus","62039"
"Voice\meguri_1007.opus",".opus","12099"
"Voice\meguri_1008.opus",".opus","30026"
"Voice\meguri_1009.opus",".opus","26318"
"Voice\meguri_1010.opus",".opus","11292"
"Voice\meguri_1011.opus",".opus","160800"
"Voice\meguri_1012.opus",".opus","148440"
"Voice\meguri_1013.opus",".opus","62225"
"Voice\meguri_1014.opus",".opus","7166"
"Voice\meguri_1015.opus",".opus","56339"
"Voice\meguri_1016.opus",".opus","4885"
"Voice\meguri_1017.opus",".opus","36677"
"Voice\meguri_1018.opus",".opus","57810"
"Voice\meguri_1019.opus",".opus","104186"
"Voice\meguri_1020.opus",".opus","70611"
"Voice\meguri_1021.opus",".opus","8262"
"Voice\meguri_1022.opus",".opus","13956"
"Voice\meguri_1023.opus",".opus","54293"
"Voice\meguri_1024.opus",".opus","56689"
"Voice\meguri_1025.opus",".opus","122955"
"Voice\meguri_1026.opus",".opus","47218"
"Voice\meguri_1027.opus",".opus","55952"
"Voice\meguri_1028.opus",".opus","28303"
"Voice\meguri_1029.opus",".opus","55191"
"Voice\meguri_1030.opus",".opus","12069"
"Voice\meguri_1031.opus",".opus","32925"
"Voice\meguri_1032.opus",".opus","40469"
"Voice\meguri_1033.opus",".opus","13581"
"Voice\meguri_1034.opus",".opus","27781"
"Voice\meguri_1035.opus",".opus","98660"
"Voice\meguri_1036.opus",".opus","9975"
"Voice\meguri_1037.opus",".opus","69674"
"Voice\meguri_1038.opus",".opus","10586"
"Voice\meguri_1039.opus",".opus","15577"
"Voice\meguri_1040.opus",".opus","106931"
"Voice\meguri_1041.opus",".opus","114835"
"Voice\meguri_1042.opus",".opus","130001"
"Voice\meguri_1043.opus",".opus","62635"
"Voice\meguri_1044.opus",".opus","44020"
"Voice\meguri_1045.opus",".opus","3700"
"Voice\meguri_1046.opus",".opus","52811"
"Voice\meguri_1047.opus",".opus","76657"
"Voice\meguri_1048.opus",".opus","73447"
"Voice\meguri_1049.opus",".opus","53102"
"Voice\meguri_1050.opus",".opus","75425"
"Voice\meguri_1051.opus",".opus","73606"
"Voice\meguri_1052.opus",".opus","63583"
"Voice\meguri_1053.opus",".opus","77832"
"Voice\meguri_1054.opus",".opus","73168"
"Voice\meguri_1055.opus",".opus","33758"
"Voice\meguri_1056.opus",".opus","38712"
"Voice\meguri_1057.opus",".opus","56965"
"Voice\meguri_1058.opus",".opus","51438"
"Voice\meguri_1059.opus",".opus","40509"
"Voice\meguri_1060.opus",".opus","51420"
"Voice\meguri_1061.opus",".opus","75452"
"Voice\meguri_1062.opus",".opus","84368"
"Voice\meguri_1063.opus",".opus","43322"
"Voice\meguri_1064.opus",".opus","58101"
"Voice\meguri_1065.opus",".opus","103940"
"Voice\meguri_1066.opus",".opus","45948"
"Voice\meguri_1067.opus",".opus","74722"
"Voice\meguri_1068.opus",".opus","27275"
"Voice\meguri_1069.opus",".opus","32350"
"Voice\meguri_1070.opus",".opus","17217"
"Voice\meguri_1071.opus",".opus","9652"
"Voice\meguri_1072.opus",".opus","31833"
"Voice\meguri_1073.opus",".opus","95954"
"Voice\meguri_1074.opus",".opus","101980"
"Voice\meguri_1075.opus",".opus","116359"
"Voice\meguri_1076.opus",".opus","114318"
"Voice\meguri_1077.opus",".opus","165464"
"Voice\meguri_1078.opus",".opus","116190"
"Voice\meguri_1079.opus",".opus","54842"
"Voice\meguri_1080.opus",".opus","104917"
"Voice\meguri_1081.opus",".opus","53457"
"Voice\meguri_1082.opus",".opus","78621"
"Voice\meguri_1083.opus",".opus","65906"
"Voice\meguri_1084.opus",".opus","22832"
"Voice\meguri_1085.opus",".opus","27198"
"Voice\meguri_1086.opus",".opus","9400"
"Voice\meguri_1087.opus",".opus","11861"
"Voice\meguri_1088.opus",".opus","16071"
"Voice\meguri_1089.opus",".opus","10551"
"Voice\meguri_1090.opus",".opus","19903"
"Voice\meguri_1091.opus",".opus","25406"
"Voice\meguri_1092.opus",".opus","74130"
"Voice\meguri_1093.opus",".opus","48602"
"Voice\meguri_1094.opus",".opus","83935"
"Voice\meguri_1095.opus",".opus","58599"
"Voice\meguri_1096.opus",".opus","89265"
"Voice\meguri_1097.opus",".opus","191673"
"Voice\meguri_1098.opus",".opus","26018"
"Voice\meguri_1099.opus",".opus","28395"
"Voice\meguri_1100.opus",".opus","19848"
"Voice\meguri_1101.opus",".opus","46375"
"Voice\meguri_1102.opus",".opus","9629"
"Voice\meguri_1103.opus",".opus","14693"
"Voice\meguri_1104.opus",".opus","43444"
"Voice\meguri_1105.opus",".opus","43046"
"Voice\meguri_1106.opus",".opus","165310"
"Voice\meguri_1107.opus",".opus","82523"
"Voice\meguri_1108.opus",".opus","31690"
"Voice\meguri_1109.opus",".opus","60377"
"Voice\meguri_1110.opus",".opus","55304"
"Voice\meguri_1111.opus",".opus","4720"
"Voice\meguri_1112.opus",".opus","42474"
"Voice\meguri_1113.opus",".opus","34050"
"Voice\meguri_1114.opus",".opus","15587"
"Voice\meguri_1115.opus",".opus","58821"
"Voice\meguri_1116.opus",".opus","57011"
"Voice\meguri_1117.opus",".opus","48094"
"Voice\meguri_1118.opus",".opus","46411"
"Voice\meguri_1119.opus",".opus","86513"
"Voice\meguri_1120.opus",".opus","56815"
"Voice\meguri_1121.opus",".opus","50054"
"Voice\meguri_1122.opus",".opus","10545"
"Voice\meguri_1123.opus",".opus","83471"
"Voice\meguri_1124.opus",".opus","104124"
"Voice\meguri_1125.opus",".opus","33973"
"Voice\meguri_1126.opus",".opus","47723"
"Voice\meguri_1127.opus",".opus","10637"
"Voice\meguri_1128.opus",".opus","15018"
"Voice\meguri_1129.opus",".opus","13527"
"Voice\meguri_1130.opus",".opus","12332"
"Voice\meguri_1131.opus",".opus","24328"
"Voice\meguri_1132.opus",".opus","9628"
"Voice\meguri_1133.opus",".opus","9754"
"Voice\meguri_1134.opus",".opus","18864"
"Voice\meguri_1135.opus",".opus","76390"
"Voice\meguri_1136.opus",".opus","32287"
"Voice\meguri_1137.opus",".opus","30268"
"Voice\meguri_1138.opus",".opus","36782"
"Voice\meguri_1139.opus",".opus","5462"
"Voice\meguri_1140.opus",".opus","43572"
"Voice\meguri_1141.opus",".opus","38354"
"Voice\meguri_1142.opus",".opus","6099"
"Voice\meguri_1143.opus",".opus","14268"
"Voice\meguri_1144.opus",".opus","98947"
"Voice\meguri_1145.opus",".opus","84334"
"Voice\meguri_1146.opus",".opus","34497"
"Voice\meguri_1147.opus",".opus","25271"
"Voice\meguri_1148.opus",".opus","19659"
"Voice\meguri_1149.opus",".opus","55437"
"Voice\meguri_1150.opus",".opus","82610"
"Voice\meguri_1151.opus",".opus","14367"
"Voice\meguri_1152.opus",".opus","23102"
"Voice\meguri_1153.opus",".opus","7079"
"Voice\meguri_1154.opus",".opus","66531"
"Voice\meguri_1155.opus",".opus","33770"
"Voice\meguri_1156.opus",".opus","112659"
"Voice\meguri_1157.opus",".opus","107813"
"Voice\meguri_1158.opus",".opus","45237"
"Voice\meguri_1159.opus",".opus","12301"
"Voice\meguri_1160.opus",".opus","16311"
"Voice\meguri_1161.opus",".opus","54070"
"Voice\meguri_1162.opus",".opus","29431"
"Voice\meguri_1163.opus",".opus","50783"
"Voice\meguri_1164.opus",".opus","46672"
"Voice\meguri_1165.opus",".opus","50005"
"Voice\meguri_1166.opus",".opus","179960"
"Voice\meguri_1167.opus",".opus","140841"
"Voice\meguri_1168.opus",".opus","175878"
"Voice\meguri_1169.opus",".opus","47267"
"Voice\meguri_1170.opus",".opus","161170"
"Voice\meguri_1171.opus",".opus","42471"
"Voice\meguri_1172.opus",".opus","95511"
"Voice\meguri_1173.opus",".opus","30176"
"Voice\meguri_1174.opus",".opus","73406"
"Voice\meguri_1175.opus",".opus","79405"
"Voice\meguri_1176.opus",".opus","15210"
"Voice\meguri_1177.opus",".opus","31926"
"Voice\meguri_1178.opus",".opus","10304"
"Voice\meguri_1179.opus",".opus","11488"
"Voice\meguri_1180.opus",".opus","9514"
"Voice\meguri_1181.opus",".opus","28615"
"Voice\meguri_1182.opus",".opus","82224"
"Voice\meguri_1183.opus",".opus","59341"
"Voice\meguri_1184.opus",".opus","10681"
"Voice\meguri_1185.opus",".opus","10530"
"Voice\meguri_1186.opus",".opus","9481"
"Voice\meguri_1187.opus",".opus","59519"
"Voice\meguri_1188.opus",".opus","65380"
"Voice\meguri_1189.opus",".opus","5198"
"Voice\meguri_1190.opus",".opus","52024"
"Voice\meguri_1191.opus",".opus","90670"
"Voice\meguri_1192.opus",".opus","6686"
"Voice\meguri_1193.opus",".opus","10285"
"Voice\meguri_1194.opus",".opus","68691"
"Voice\meguri_1195.opus",".opus","53871"
"Voice\meguri_1196.opus",".opus","51737"
"Voice\meguri_1197.opus",".opus","81349"
"Voice\meguri_1198.opus",".opus","109194"
"Voice\meguri_1199.opus",".opus","73493"
"Voice\meguri_1200.opus",".opus","52518"
"Voice\meguri_1201.opus",".opus","115406"
"Voice\meguri_1202.opus",".opus","82312"
"Voice\meguri_1203.opus",".opus","103736"
"Voice\meguri_1204.opus",".opus","21605"
"Voice\meguri_1205.opus",".opus","34861"
"Voice\meguri_1206.opus",".opus","39562"
"Voice\meguri_1207.opus",".opus","42737"
"Voice\meguri_1208.opus",".opus","68727"
"Voice\meguri_1209.opus",".opus","25689"
"Voice\meguri_1210.opus",".opus","21136"
"Voice\meguri_1211.opus",".opus","20585"
"Voice\meguri_1212.opus",".opus","22545"
"Voice\meguri_1213.opus",".opus","44425"
"Voice\meguri_1214.opus",".opus","21403"
"Voice\meguri_1215.opus",".opus","18258"
"Voice\meguri_1216.opus",".opus","47843"
"Voice\meguri_1217.opus",".opus","24706"
"Voice\meguri_1218.opus",".opus","42517"
"Voice\meguri_1219.opus",".opus","25829"
"Voice\meguri_1220.opus",".opus","17756"
"Voice\meguri_1221.opus",".opus","30200"
"Voice\meguri_1222.opus",".opus","39696"
"Voice\meguri_1223.opus",".opus","31935"
"Voice\meguri_1224.opus",".opus","35802"
"Voice\meguri_1225.opus",".opus","61307"
"Voice\meguri_1226.opus",".opus","77166"
"Voice\meguri_1227.opus",".opus","61090"
"Voice\meguri_1228.opus",".opus","81432"
"Voice\meguri_1229.opus",".opus","14075"
"Voice\meguri_1230.opus",".opus","26004"
"Voice\meguri_1231.opus",".opus","10988"
"Voice\meguri_1232.opus",".opus","47003"
"Voice\meguri_1233.opus",".opus","97357"
"Voice\meguri_1234.opus",".opus","11864"
"Voice\meguri_1235.opus",".opus","49824"
"Voice\meguri_1236.opus",".opus","35801"
"Voice\meguri_1237.opus",".opus","32223"
"Voice\meguri_1238.opus",".opus","37123"
"Voice\meguri_1239.opus",".opus","22390"
"Voice\meguri_1240.opus",".opus","53693"
"Voice\meguri_1241.opus",".opus","16240"
"Voice\meguri_1242.opus",".opus","44973"
"Voice\meguri_1243.opus",".opus","21858"
"Voice\meguri_1244.opus",".opus","25327"
"Voice\meguri_1245.opus",".opus","66177"
"Voice\meguri_1246.opus",".opus","6511"
"Voice\meguri_1247.opus",".opus","14586"
"Voice\meguri_1248.opus",".opus","64026"
"Voice\meguri_1249.opus",".opus","54322"
"Voice\meguri_1250.opus",".opus","76729"
"Voice\meguri_1251.opus",".opus","10033"
"Voice\meguri_1252.opus",".opus","51795"
"Voice\meguri_1253.opus",".opus","35335"
"Voice\meguri_1254.opus",".opus","41294"
"Voice\meguri_1255.opus",".opus","25876"
"Voice\meguri_1256.opus",".opus","54072"
"Voice\meguri_1257.opus",".opus","13593"
"Voice\meguri_1258.opus",".opus","100450"
"Voice\meguri_1259.opus",".opus","73764"
"Voice\meguri_1260.opus",".opus","58405"
"Voice\meguri_1261.opus",".opus","78264"
"Voice\meguri_1262.opus",".opus","21288"
"Voice\meguri_1263.opus",".opus","5455"
"Voice\meguri_1264.opus",".opus","57994"
"Voice\meguri_1265.opus",".opus","21853"
"Voice\meguri_1266.opus",".opus","42830"
"Voice\meguri_1267.opus",".opus","22451"
"Voice\meguri_1268.opus",".opus","58067"
"Voice\meguri_1269.opus",".opus","6241"
"Voice\meguri_1270.opus",".opus","49240"
"Voice\meguri_1271.opus",".opus","84859"
"Voice\meguri_1272.opus",".opus","4746"
"Voice\meguri_1273.opus",".opus","6299"
"Voice\meguri_1274.opus",".opus","23893"
"Voice\meguri_1275.opus",".opus","15631"
"Voice\meguri_1276.opus",".opus","39147"
"Voice\meguri_1277.opus",".opus","53287"
"Voice\meguri_1278.opus",".opus","116112"
"Voice\meguri_1279.opus",".opus","39049"
"Voice\meguri_1280.opus",".opus","25691"
"Voice\meguri_1281.opus",".opus","64851"
"Voice\meguri_1282.opus",".opus","79912"
"Voice\meguri_1283.opus",".opus","73963"
"Voice\meguri_1284.opus",".opus","39218"
"Voice\meguri_1285.opus",".opus","31941"
"Voice\meguri_1286.opus",".opus","62872"
"Voice\meguri_1287.opus",".opus","45386"
"Voice\meguri_1288.opus",".opus","100320"
"Voice\meguri_1289.opus",".opus","38427"
"Voice\meguri_1290.opus",".opus","48786"
"Voice\meguri_1291.opus",".opus","40520"
"Voice\meguri_1292.opus",".opus","27224"
"Voice\meguri_1293.opus",".opus","7931"
"Voice\meguri_1294.opus",".opus","51737"
"Voice\meguri_1295.opus",".opus","89904"
"Voice\meguri_1296.opus",".opus","30117"
"Voice\meguri_1297.opus",".opus","20479"
"Voice\meguri_1298.opus",".opus","50368"
"Voice\meguri_1299.opus",".opus","14540"
"Voice\meguri_1300.opus",".opus","34111"
"Voice\meguri_1301.opus",".opus","13892"
"Voice\meguri_1302.opus",".opus","25897"
"Voice\meguri_1303.opus",".opus","12328"
"Voice\meguri_1304.opus",".opus","18511"
"Voice\meguri_1305.opus",".opus","31032"
"Voice\meguri_1306.opus",".opus","10104"
"Voice\meguri_1307.opus",".opus","39708"
"Voice\meguri_1308.opus",".opus","78806"
"Voice\meguri_1309.opus",".opus","52848"
"Voice\meguri_1310.opus",".opus","14517"
"Voice\meguri_1311.opus",".opus","9343"
"Voice\meguri_1312.opus",".opus","12911"
"Voice\meguri_1313.opus",".opus","10903"
"Voice\meguri_1314.opus",".opus","28626"
"Voice\meguri_1315.opus",".opus","32364"
"Voice\meguri_1316.opus",".opus","26412"
"Voice\meguri_1317.opus",".opus","49832"
"Voice\meguri_1318.opus",".opus","46110"
"Voice\meguri_1319.opus",".opus","22860"
"Voice\meguri_1320.opus",".opus","58724"
"Voice\meguri_1321.opus",".opus","34198"
"Voice\meguri_1322.opus",".opus","91039"
"Voice\meguri_1323.opus",".opus","26886"
"Voice\meguri_1324.opus",".opus","74585"
"Voice\meguri_1325.opus",".opus","111731"
"Voice\meguri_1326.opus",".opus","129403"
"Voice\meguri_1327.opus",".opus","90490"
"Voice\meguri_1328.opus",".opus","28550"
"Voice\meguri_1329.opus",".opus","115815"
"Voice\meguri_1330.opus",".opus","55728"
"Voice\meguri_1331.opus",".opus","126088"
"Voice\meguri_1332.opus",".opus","67537"
"Voice\meguri_1333.opus",".opus","135891"
"Voice\meguri_1334.opus",".opus","31881"
"Voice\meguri_1335.opus",".opus","69763"
"Voice\meguri_1336.opus",".opus","107809"
"Voice\meguri_1337.opus",".opus","143632"
"Voice\meguri_1338.opus",".opus","32752"
"Voice\meguri_1339.opus",".opus","83169"
"Voice\meguri_1340.opus",".opus","20425"
"Voice\meguri_1341.opus",".opus","10474"
"Voice\meguri_1342.opus",".opus","7010"
"Voice\meguri_1343.opus",".opus","47259"
"Voice\meguri_1344.opus",".opus","107549"
"Voice\meguri_1345.opus",".opus","66286"
"Voice\meguri_1346.opus",".opus","69345"
"Voice\meguri_1347.opus",".opus","43044"
"Voice\meguri_1348.opus",".opus","89017"
"Voice\meguri_1349.opus",".opus","55605"
"Voice\meguri_1350.opus",".opus","50728"
"Voice\meguri_1351.opus",".opus","53302"
"Voice\meguri_1352.opus",".opus","16230"
"Voice\meguri_1353.opus",".opus","7916"
"Voice\meguri_1354.opus",".opus","22140"
"Voice\meguri_1355.opus",".opus","56987"
"Voice\meguri_1356.opus",".opus","20266"
"Voice\meguri_1357.opus",".opus","55521"
"Voice\meguri_1358.opus",".opus","51807"
"Voice\meguri_1359.opus",".opus","31184"
"Voice\meguri_1360.opus",".opus","48315"
"Voice\meguri_1361.opus",".opus","60364"
"Voice\meguri_1362.opus",".opus","27122"
"Voice\meguri_1363.opus",".opus","37052"
"Voice\meguri_1364.opus",".opus","12004"
"Voice\meguri_1365.opus",".opus","8004"
"Voice\meguri_1366.opus",".opus","72779"
"Voice\meguri_1367.opus",".opus","49680"
"Voice\meguri_1368.opus",".opus","48816"
"Voice\meguri_1369.opus",".opus","72317"
"Voice\meguri_1370.opus",".opus","13811"
"Voice\meguri_1371.opus",".opus","64000"
"Voice\meguri_1372.opus",".opus","4814"
"Voice\meguri_1373.opus",".opus","14088"
"Voice\meguri_1374.opus",".opus","48553"
"Voice\meguri_1375.opus",".opus","50292"
"Voice\meguri_1376.opus",".opus","58073"
"Voice\meguri_1377.opus",".opus","22531"
"Voice\meguri_1378.opus",".opus","8773"
"Voice\meguri_1379.opus",".opus","30738"
"Voice\meguri_1380.opus",".opus","132417"
"Voice\meguri_1381.opus",".opus","46221"
"Voice\meguri_1382.opus",".opus","11516"
"Voice\meguri_1383.opus",".opus","12676"
"Voice\meguri_1384.opus",".opus","21930"
"Voice\meguri_1385.opus",".opus","48868"
"Voice\meguri_1386.opus",".opus","27815"
"Voice\meguri_1387.opus",".opus","23640"
"Voice\meguri_1388.opus",".opus","41167"
"Voice\meguri_1389.opus",".opus","27654"
"Voice\meguri_1390.opus",".opus","5380"
"Voice\meguri_1391.opus",".opus","13991"
"Voice\meguri_1392.opus",".opus","17843"
"Voice\meguri_1393.opus",".opus","23768"
"Voice\meguri_1394.opus",".opus","39457"
"Voice\meguri_1395.opus",".opus","4935"
"Voice\meguri_1396.opus",".opus","14801"
"Voice\meguri_1397.opus",".opus","23471"
"Voice\meguri_1398.opus",".opus","29398"
"Voice\meguri_1399.opus",".opus","13535"
"Voice\meguri_1400.opus",".opus","15692"
"Voice\meguri_1401.opus",".opus","6263"
"Voice\meguri_1508.opus",".opus","71830"
"Voice\meguri_1509.opus",".opus","105988"
"Voice\meguri_1510.opus",".opus","9370"
"Voice\meguri_1511.opus",".opus","31377"
"Voice\meguri_1512.opus",".opus","19783"
"Voice\meguri_1513.opus",".opus","81381"
"Voice\meguri_1514.opus",".opus","95705"
"Voice\meguri_1515.opus",".opus","27845"
"Voice\meguri_1516.opus",".opus","8120"
"Voice\meguri_1517.opus",".opus","54938"
"Voice\meguri_1518.opus",".opus","59711"
"Voice\meguri_1519.opus",".opus","19351"
"Voice\meguri_1520.opus",".opus","21456"
"Voice\meguri_1521.opus",".opus","26739"
"Voice\meguri_1522.opus",".opus","40760"
"Voice\meguri_1523.opus",".opus","46183"
"Voice\meguri_1524.opus",".opus","9609"
"Voice\meguri_1525.opus",".opus","60323"
"Voice\meguri_1526.opus",".opus","69189"
"Voice\meguri_1527.opus",".opus","15436"
"Voice\meguri_1528.opus",".opus","74828"
"Voice\meguri_1529.opus",".opus","35374"
"Voice\meguri_1530.opus",".opus","9295"
"Voice\meguri_1531.opus",".opus","49894"
"Voice\meguri_1532.opus",".opus","30718"
"Voice\meguri_1533.opus",".opus","43008"
"Voice\meguri_1534.opus",".opus","57759"
"Voice\meguri_1535.opus",".opus","12713"
"Voice\meguri_1536.opus",".opus","95458"
"Voice\meguri_1537.opus",".opus","48849"
"Voice\meguri_1538.opus",".opus","56832"
"Voice\meguri_1539.opus",".opus","84103"
"Voice\meguri_1540.opus",".opus","33831"
"Voice\meguri_1541.opus",".opus","74868"
"Voice\meguri_1542.opus",".opus","139403"
"Voice\meguri_1543.opus",".opus","16412"
"Voice\meguri_1544.opus",".opus","18341"
"Voice\meguri_1545.opus",".opus","75681"
"Voice\meguri_1546.opus",".opus","21860"
"Voice\meguri_1547.opus",".opus","50508"
"Voice\meguri_1594.opus",".opus","78133"
"Voice\meguri_1595.opus",".opus","38220"
"Voice\meguri_1597.opus",".opus","58132"
"Voice\meguri_1598.opus",".opus","88896"
"Voice\meguri_1599.opus",".opus","30646"
"Voice\meguri_1601.opus",".opus","68795"
"Voice\meguri_1602.opus",".opus","50215"
"Voice\meguri_1603.opus",".opus","78076"
"Voice\meguri_1604.opus",".opus","71287"
"Voice\meguri_1605.opus",".opus","9884"
"Voice\meguri_1606.opus",".opus","39162"
"Voice\meguri_1607.opus",".opus","29938"
"Voice\meguri_1608.opus",".opus","57084"
"Voice\meguri_1609.opus",".opus","15263"
"Voice\meguri_1611.opus",".opus","54567"
"Voice\meguri_1694.opus",".opus","16601"
"Voice\meguri_1695.opus",".opus","84566"
"Voice\meguri_1696.opus",".opus","91756"
"Voice\meguri_1697.opus",".opus","68371"
"Voice\meguri_1698.opus",".opus","51212"
"Voice\meguri_1699.opus",".opus","78881"
"Voice\meguri_1700.opus",".opus","74483"
"Voice\meguri_1701b.opus",".opus","65464"
"Voice\meguri_1702.opus",".opus","99014"
"Voice\meguri_1703.opus",".opus","28099"
"Voice\meguri_1704.opus",".opus","14824"
"Voice\meguri_1705.opus",".opus","115213"
"Voice\meguri_1706.opus",".opus","104834"
"Voice\meguri_1707.opus",".opus","21294"
"Voice\meguri_1708.opus",".opus","81249"
"Voice\meguri_1709.opus",".opus","36954"
"Voice\meguri_1710.opus",".opus","72599"
"Voice\meguri_1711.opus",".opus","38855"
"Voice\meguri_1712.opus",".opus","116049"
"Voice\meguri_1713.opus",".opus","61895"
"Voice\meguri_1714.opus",".opus","102871"
"Voice\meguri_1715.opus",".opus","40347"
"Voice\meguri_1716.opus",".opus","63844"
"Voice\meguri_1717.opus",".opus","100192"
"Voice\meguri_1718.opus",".opus","59927"
"Voice\meguri_1719.opus",".opus","77024"
"Voice\meguri_1720.opus",".opus","40945"
"Voice\meguri_1721.opus",".opus","95019"
"Voice\meguri_1722.opus",".opus","38958"
"Voice\meguri_1723.opus",".opus","48920"
"Voice\meguri_1724.opus",".opus","40760"
"Voice\meguri_1725.opus",".opus","30827"
"Voice\meguri_1726.opus",".opus","27425"
"Voice\meguri_1727.opus",".opus","34304"
"Voice\meguri_1728.opus",".opus","35924"
"Voice\meguri_1729.opus",".opus","52246"
"Voice\meguri_1730.opus",".opus","95552"
"Voice\meguri_1731.opus",".opus","121589"
"Voice\meguri_1732.opus",".opus","49770"
"Voice\meguri_1733.opus",".opus","136582"
"Voice\meguri_1734.opus",".opus","16126"
"Voice\meguri_1735.opus",".opus","129931"
"Voice\meguri_1736.opus",".opus","83737"
"Voice\meguri_1737.opus",".opus","94970"
"Voice\meguri_1738.opus",".opus","16742"
"Voice\meguri_1739.opus",".opus","15347"
"Voice\meguri_1740.opus",".opus","117792"
"Voice\meguri_1741.opus",".opus","87196"
"Voice\meguri_1742.opus",".opus","23278"
"Voice\meguri_1743.opus",".opus","114789"
"Voice\meguri_1744.opus",".opus","20397"
"Voice\meguri_1745.opus",".opus","137166"
"Voice\meguri_1746.opus",".opus","116169"
"Voice\meguri_1747.opus",".opus","15378"
"Voice\meguri_1748.opus",".opus","9412"
"Voice\meguri_1749.opus",".opus","18704"
"Voice\meguri_1750.opus",".opus","21107"
"Voice\meguri_1751.opus",".opus","16184"
"Voice\meguri_1752.opus",".opus","9685"
"Voice\meguri_1753.opus",".opus","15573"
"Voice\meguri_1754.opus",".opus","36826"
"Voice\meguri_1755.opus",".opus","8313"
"Voice\meguri_1756.opus",".opus","40706"
"Voice\meguri_1757.opus",".opus","7248"
"Voice\meguri_1758.opus",".opus","12858"
"Voice\meguri_1759.opus",".opus","18988"
"Voice\meguri_1760.opus",".opus","45233"
"Voice\meguri_1761.opus",".opus","148935"
"Voice\meguri_1762.opus",".opus","127451"
"Voice\meguri_1763.opus",".opus","13807"
"Voice\meguri_1764.opus",".opus","5182"
"Voice\meguri_1765.opus",".opus","12935"
"Voice\meguri_1766.opus",".opus","24243"
"Voice\meguri_1767.opus",".opus","11797"
"Voice\meguri_1768.opus",".opus","44137"
"Voice\meguri_1769.opus",".opus","82800"
"Voice\meguri_1770.opus",".opus","97787"
"Voice\meguri_1771.opus",".opus","62086"
"Voice\meguri_1772.opus",".opus","14008"
"Voice\meguri_1773.opus",".opus","12965"
"Voice\meguri_1774.opus",".opus","37683"
"Voice\meguri_1775.opus",".opus","30068"
"Voice\meguri_1776.opus",".opus","20203"
"Voice\meguri_1777.opus",".opus","5870"
"Voice\meguri_1778.opus",".opus","40542"
"Voice\meguri_1779.opus",".opus","5220"
"Voice\meguri_1780.opus",".opus","17405"
"Voice\meguri_1781.opus",".opus","36054"
"Voice\meguri_1782.opus",".opus","21818"
"Voice\meguri_1783.opus",".opus","10964"
"Voice\meguri_1784.opus",".opus","37452"
"Voice\meguri_1785.opus",".opus","71690"
"Voice\meguri_1786.opus",".opus","70578"
"Voice\meguri_1787.opus",".opus","11742"
"Voice\meguri_1788.opus",".opus","43081"
"Voice\meguri_1789.opus",".opus","56991"
"Voice\meguri_1790.opus",".opus","143512"
"Voice\meguri_1791.opus",".opus","109750"
"Voice\meguri_1792.opus",".opus","133363"
"Voice\meguri_1793.opus",".opus","16642"
"Voice\meguri_1794.opus",".opus","14798"
"Voice\meguri_1795.opus",".opus","54777"
"Voice\meguri_1796.opus",".opus","30221"
"Voice\meguri_1797.opus",".opus","24627"
"Voice\meguri_9001.opus",".opus","11771"
"Voice\meguri_9002.opus",".opus","67272"
"Voice\menbera_0000.opus",".opus","30522"
"Voice\menbera_0001.opus",".opus","4556"
"Voice\menbera_0002.opus",".opus","31895"
"Voice\menbera_0003.opus",".opus","38991"
"Voice\menbera_0004.opus",".opus","42969"
"Voice\menbera_0005.opus",".opus","115469"
"Voice\menbera_0006.opus",".opus","119069"
"Voice\middleagemen_0000.opus",".opus","18754"
"Voice\middleagemen_0001.opus",".opus","21883"
"Voice\middleagemen_0002.opus",".opus","36461"
"Voice\middleagemen_0003.opus",".opus","143259"
"Voice\middleagemen_0004.opus",".opus","15312"
"Voice\middleagemen_0005.opus",".opus","24084"
"Voice\middleagemen_0006.opus",".opus","7932"
"Voice\middleagemen_0007.opus",".opus","45469"
"Voice\middleagemen_0008.opus",".opus","13571"
"Voice\middleagemen_0009.opus",".opus","79260"
"Voice\middleagemen_0010.opus",".opus","58204"
"Voice\middleagemen_0011.opus",".opus","55915"
"Voice\middleagemen_0012.opus",".opus","23045"
"Voice\middleagemen_0013.opus",".opus","6920"
"Voice\middleagemen_0014.opus",".opus","42207"
"Voice\mika_0000.opus",".opus","24425"
"Voice\mika_0001.opus",".opus","77608"
"Voice\mika_0002.opus",".opus","86230"
"Voice\mika_0003.opus",".opus","29439"
"Voice\mika_0004.opus",".opus","87865"
"Voice\mika_0005.opus",".opus","28107"
"Voice\mika_0006.opus",".opus","45873"
"Voice\mika_0007.opus",".opus","88808"
"Voice\mika_0008.opus",".opus","71729"
"Voice\mika_0009.opus",".opus","54889"
"Voice\mika_0011.opus",".opus","13408"
"Voice\mika_0012.opus",".opus","100187"
"Voice\mika_0013.opus",".opus","97306"
"Voice\mika_0014.opus",".opus","56459"
"Voice\mika_0015.opus",".opus","7604"
"Voice\mika_0016.opus",".opus","16907"
"Voice\mika_0017.opus",".opus","73443"
"Voice\mika_0018.opus",".opus","123625"
"Voice\mika_0019.opus",".opus","49478"
"Voice\mika_0020.opus",".opus","69362"
"Voice\mika_0021.opus",".opus","61364"
"Voice\mika_0022.opus",".opus","63029"
"Voice\mika_0023.opus",".opus","16682"
"Voice\mika_0024.opus",".opus","28697"
"Voice\mika_0025.opus",".opus","28586"
"Voice\mika_0026.opus",".opus","27096"
"Voice\mika_0027.opus",".opus","91103"
"Voice\mika_0028.opus",".opus","30871"
"Voice\mika_0029.opus",".opus","62223"
"Voice\mika_0030.opus",".opus","14721"
"Voice\mika_0031.opus",".opus","49021"
"Voice\mika_0032.opus",".opus","71179"
"Voice\mika_0033.opus",".opus","42589"
"Voice\mika_0034.opus",".opus","60459"
"Voice\mika_0035.opus",".opus","83859"
"Voice\mika_0036.opus",".opus","54948"
"Voice\mika_0037.opus",".opus","33847"
"Voice\mika_0038.opus",".opus","80496"
"Voice\mika_0039.opus",".opus","14575"
"Voice\mika_0040.opus",".opus","68376"
"Voice\mika_0041.opus",".opus","41320"
"Voice\mika_0042.opus",".opus","49559"
"Voice\mika_0043.opus",".opus","77886"
"Voice\mika_0044.opus",".opus","107232"
"Voice\mika_0045.opus",".opus","99605"
"Voice\mika_0046.opus",".opus","76975"
"Voice\mika_0047.opus",".opus","30528"
"Voice\mika_0048.opus",".opus","10671"
"Voice\mika_0049.opus",".opus","49652"
"Voice\mika_0050.opus",".opus","39543"
"Voice\mika_0051.opus",".opus","81967"
"Voice\mika_0052.opus",".opus","81896"
"Voice\mika_0053.opus",".opus","69797"
"Voice\mika_0054.opus",".opus","110882"
"Voice\mika_0055.opus",".opus","12777"
"Voice\mika_0056.opus",".opus","133102"
"Voice\mika_0057.opus",".opus","140133"
"Voice\mika_0058.opus",".opus","31404"
"Voice\mika_0059.opus",".opus","104057"
"Voice\mika_0060.opus",".opus","40371"
"Voice\mika_0061.opus",".opus","39454"
"Voice\mika_0062.opus",".opus","47765"
"Voice\mika_0063.opus",".opus","55101"
"Voice\mika_0064.opus",".opus","51294"
"Voice\mika_0065.opus",".opus","69733"
"Voice\mika_0066.opus",".opus","74078"
"Voice\mika_0067.opus",".opus","74061"
"Voice\mika_0070.opus",".opus","44988"
"Voice\mika_0071.opus",".opus","30294"
"Voice\mika_0072.opus",".opus","41812"
"Voice\mika_0073.opus",".opus","54809"
"Voice\mika_0074.opus",".opus","71476"
"Voice\mika_0075.opus",".opus","56838"
"Voice\mika_0077.opus",".opus","218052"
"Voice\mika_0078.opus",".opus","126737"
"Voice\mika_0079.opus",".opus","137398"
"Voice\mika_0080.opus",".opus","127999"
"Voice\mika_0081.opus",".opus","42423"
"Voice\mika_0082.opus",".opus","159081"
"Voice\mika_0083.opus",".opus","14461"
"Voice\mika_0084.opus",".opus","72448"
"Voice\mika_0085.opus",".opus","109635"
"Voice\mika_0086.opus",".opus","78024"
"Voice\mika_0087.opus",".opus","97699"
"Voice\mika_0088.opus",".opus","16022"
"Voice\mika_0089.opus",".opus","63403"
"Voice\mika_0090.opus",".opus","76130"
"Voice\mika_0091.opus",".opus","118428"
"Voice\mika_0092.opus",".opus","171061"
"Voice\mika_0093.opus",".opus","94520"
"Voice\mika_0094.opus",".opus","142545"
"Voice\mika_0095.opus",".opus","10494"
"Voice\mika_0096.opus",".opus","46353"
"Voice\mika_0097.opus",".opus","22923"
"Voice\mika_0098.opus",".opus","6106"
"Voice\mika_0099.opus",".opus","27908"
"Voice\mika_0100.opus",".opus","48619"
"Voice\mika_0101.opus",".opus","92740"
"Voice\mika_0102.opus",".opus","84213"
"Voice\mika_0103.opus",".opus","34113"
"Voice\mika_0104.opus",".opus","106750"
"Voice\mika_0105.opus",".opus","59130"
"Voice\mika_0106.opus",".opus","66465"
"Voice\mika_0107.opus",".opus","86254"
"Voice\mika_0108.opus",".opus","65064"
"Voice\mika_0109.opus",".opus","85613"
"Voice\mika_0110.opus",".opus","87022"
"Voice\mika_0111.opus",".opus","17866"
"Voice\mika_0112.opus",".opus","51290"
"Voice\mika_0113.opus",".opus","9897"
"Voice\mika_0114.opus",".opus","35083"
"Voice\mika_0115.opus",".opus","43973"
"Voice\mika_0116.opus",".opus","134290"
"Voice\mika_0117.opus",".opus","127434"
"Voice\mika_0118.opus",".opus","47909"
"Voice\mika_0119.opus",".opus","110745"
"Voice\mika_0120.opus",".opus","61491"
"Voice\mika_0121.opus",".opus","78755"
"Voice\mika_0122.opus",".opus","73013"
"Voice\mika_0123.opus",".opus","22332"
"Voice\mika_0124.opus",".opus","48178"
"Voice\mika_0125.opus",".opus","25335"
"Voice\mika_0126.opus",".opus","8520"
"Voice\mika_0127.opus",".opus","67032"
"Voice\mika_0128.opus",".opus","113705"
"Voice\mika_0129.opus",".opus","115792"
"Voice\mika_0130.opus",".opus","56543"
"Voice\mika_0131.opus",".opus","132738"
"Voice\mika_0132.opus",".opus","162922"
"Voice\mika_0133.opus",".opus","242030"
"Voice\mika_0134.opus",".opus","149699"
"Voice\mika_0139.opus",".opus","175063"
"Voice\mika_0140.opus",".opus","118908"
"Voice\mika_0141.opus",".opus","194939"
"Voice\mika_0142.opus",".opus","154162"
"Voice\mika_0143.opus",".opus","219765"
"Voice\mika_0144.opus",".opus","63635"
"Voice\mika_0145.opus",".opus","187212"
"Voice\mika_0146.opus",".opus","146546"
"Voice\mika_0147.opus",".opus","23819"
"Voice\mika_0148.opus",".opus","120186"
"Voice\mika_0149.opus",".opus","193242"
"Voice\mika_0150.opus",".opus","232820"
"Voice\mika_0151.opus",".opus","159829"
"Voice\mika_0152.opus",".opus","209085"
"Voice\mika_0153.opus",".opus","178206"
"Voice\mika_0154.opus",".opus","73270"
"Voice\mika_0155.opus",".opus","52664"
"Voice\mika_0156.opus",".opus","94868"
"Voice\mika_0157.opus",".opus","90494"
"Voice\mika_0158.opus",".opus","84198"
"Voice\mika_0159.opus",".opus","8115"
"Voice\mika_0160.opus",".opus","38968"
"Voice\mika_0161.opus",".opus","25485"
"Voice\mika_0162.opus",".opus","31771"
"Voice\mika_0163.opus",".opus","24207"
"Voice\mika_0164.opus",".opus","45998"
"Voice\mika_0165.opus",".opus","26191"
"Voice\mika_0166.opus",".opus","59588"
"Voice\mika_0167.opus",".opus","33690"
"Voice\mika_0168.opus",".opus","10320"
"Voice\mika_0169.opus",".opus","24786"
"Voice\minami_0000.opus",".opus","36314"
"Voice\minami_0001.opus",".opus","50663"
"Voice\minami_0002.opus",".opus","141393"
"Voice\minami_0003.opus",".opus","83627"
"Voice\minami_0004.opus",".opus","59624"
"Voice\minami_0005.opus",".opus","104465"
"Voice\minami_0006.opus",".opus","41030"
"Voice\minami_0007.opus",".opus","32948"
"Voice\minami_0008.opus",".opus","11511"
"Voice\minami_0009.opus",".opus","82648"
"Voice\minami_0010.opus",".opus","61356"
"Voice\minami_0011.opus",".opus","145202"
"Voice\minami_0012.opus",".opus","17598"
"Voice\minami_0013.opus",".opus","40357"
"Voice\minami_0014.opus",".opus","145730"
"Voice\minami_0015.opus",".opus","68639"
"Voice\minami_0016.opus",".opus","146901"
"Voice\minami_0017.opus",".opus","10615"
"Voice\minami_0018.opus",".opus","180911"
"Voice\minami_0019.opus",".opus","160144"
"Voice\minami_0020.opus",".opus","71288"
"Voice\minami_0021.opus",".opus","111252"
"Voice\minami_0022.opus",".opus","136891"
"Voice\minami_0023.opus",".opus","30212"
"Voice\minami_0024.opus",".opus","93831"
"Voice\minami_0025.opus",".opus","63130"
"Voice\minami_0026.opus",".opus","83223"
"Voice\minami_0027.opus",".opus","52592"
"Voice\minami_0028.opus",".opus","94610"
"Voice\minami_0029.opus",".opus","35917"
"Voice\minami_0030.opus",".opus","9242"
"Voice\minami_0031.opus",".opus","28506"
"Voice\minami_0032.opus",".opus","115432"
"Voice\minami_0033.opus",".opus","51234"
"Voice\minami_0034.opus",".opus","39602"
"Voice\minami_0035.opus",".opus","47507"
"Voice\minami_0036.opus",".opus","32130"
"Voice\minami_0037.opus",".opus","61797"
"Voice\minami_0038.opus",".opus","53747"
"Voice\minami_0039.opus",".opus","82906"
"Voice\minami_0040.opus",".opus","82784"
"Voice\minami_0041.opus",".opus","49735"
"Voice\minami_0042.opus",".opus","30429"
"Voice\minami_0043.opus",".opus","81160"
"Voice\minami_0044.opus",".opus","13405"
"Voice\minami_0045.opus",".opus","63341"
"Voice\minami_0046.opus",".opus","65466"
"Voice\minami_0047.opus",".opus","33961"
"Voice\minami_0048.opus",".opus","44141"
"Voice\minami_0049.opus",".opus","102397"
"Voice\minami_0050.opus",".opus","95952"
"Voice\minami_0051.opus",".opus","66376"
"Voice\minami_0052.opus",".opus","104105"
"Voice\minami_0053.opus",".opus","73387"
"Voice\minami_0054.opus",".opus","67257"
"Voice\minami_0055.opus",".opus","42156"
"Voice\mirai_0000.opus",".opus","74264"
"Voice\mirai_0001.opus",".opus","7587"
"Voice\mirai_0002.opus",".opus","70380"
"Voice\mirai_0003.opus",".opus","48788"
"Voice\mirai_0004.opus",".opus","92144"
"Voice\mirai_0005.opus",".opus","56290"
"Voice\mirai_0006.opus",".opus","96620"
"Voice\mirai_0007.opus",".opus","86731"
"Voice\mirai_0008.opus",".opus","103702"
"Voice\mirai_0009.opus",".opus","82226"
"Voice\mirai_0010.opus",".opus","123116"
"Voice\mirai_0011.opus",".opus","91570"
"Voice\mirai_0012.opus",".opus","40370"
"Voice\mirai_0013.opus",".opus","33755"
"Voice\mirai_0014.opus",".opus","48116"
"Voice\mirai_0015.opus",".opus","56492"
"Voice\mirai_0016.opus",".opus","17856"
"Voice\mirai_0017.opus",".opus","44746"
"Voice\mirai_0018.opus",".opus","14016"
"Voice\mirai_0019.opus",".opus","26329"
"Voice\mirai_0021.opus",".opus","16487"
"Voice\mirai_0022.opus",".opus","42217"
"Voice\mirai_0023.opus",".opus","101885"
"Voice\mirai_0024.opus",".opus","57810"
"Voice\mirai_0025.opus",".opus","65709"
"Voice\mirai_0026.opus",".opus","36109"
"Voice\mirai_0027.opus",".opus","41488"
"Voice\mirai_0028.opus",".opus","33239"
"Voice\mirai_0029.opus",".opus","6377"
"Voice\mirai_0030.opus",".opus","60004"
"Voice\mirai_0031.opus",".opus","40356"
"Voice\mirai_0032.opus",".opus","50429"
"Voice\mirai_0033.opus",".opus","83273"
"Voice\mirai_0034.opus",".opus","61016"
"Voice\mirai_0035.opus",".opus","57111"
"Voice\mirai_0036.opus",".opus","83462"
"Voice\mirai_0037.opus",".opus","52848"
"Voice\mirai_0038.opus",".opus","54213"
"Voice\mirai_0039.opus",".opus","20207"
"Voice\mirai_0040.opus",".opus","62408"
"Voice\mirai_0041.opus",".opus","16191"
"Voice\mirai_0042.opus",".opus","42795"
"Voice\mirai_0043.opus",".opus","33971"
"Voice\mirai_0044.opus",".opus","15858"
"Voice\mirai_0045.opus",".opus","6314"
"Voice\mirai_0046.opus",".opus","45234"
"Voice\mirai_0047.opus",".opus","99145"
"Voice\mirai_0048.opus",".opus","84785"
"Voice\mirai_0049.opus",".opus","22056"
"Voice\mirai_0050.opus",".opus","104092"
"Voice\mirai_0051.opus",".opus","150967"
"Voice\mirai_0052.opus",".opus","118603"
"Voice\mirai_0053.opus",".opus","15703"
"Voice\mirai_0054.opus",".opus","145222"
"Voice\mirai_0055.opus",".opus","28877"
"Voice\mirai_0056.opus",".opus","149066"
"Voice\mirai_0057.opus",".opus","18426"
"Voice\mirai_0058.opus",".opus","84690"
"Voice\mirai_0059.opus",".opus","91246"
"Voice\mirai_0060.opus",".opus","74162"
"Voice\mirai_0061.opus",".opus","11184"
"Voice\mirai_0062.opus",".opus","86397"
"Voice\mirai_0063.opus",".opus","63437"
"Voice\mirai_0064.opus",".opus","45589"
"Voice\mirai_0065.opus",".opus","97647"
"Voice\mirai_0066.opus",".opus","27580"
"Voice\mirai_0067.opus",".opus","29161"
"Voice\mirai_0068.opus",".opus","42995"
"Voice\mirai_0069.opus",".opus","15139"
"Voice\mirai_0070.opus",".opus","32156"
"Voice\mirai_0071.opus",".opus","3953"
"Voice\mirai_0072.opus",".opus","6092"
"Voice\mirai_0073.opus",".opus","16257"
"Voice\mirai_0074.opus",".opus","24441"
"Voice\mirai_0075.opus",".opus","34442"
"Voice\mirai_0076.opus",".opus","82406"
"Voice\mirai_0077.opus",".opus","65470"
"Voice\mirai_0078.opus",".opus","5346"
"Voice\mirai_0079.opus",".opus","41701"
"Voice\mirai_0080.opus",".opus","36341"
"Voice\mirai_0081.opus",".opus","61415"
"Voice\mirai_0082.opus",".opus","10000"
"Voice\mirai_0083.opus",".opus","32981"
"Voice\mirai_0084.opus",".opus","17123"
"Voice\mirai_0085.opus",".opus","29440"
"Voice\mirai_0086.opus",".opus","6875"
"Voice\mirai_0087.opus",".opus","54785"
"Voice\mirai_0088.opus",".opus","44695"
"Voice\mirai_0089.opus",".opus","12415"
"Voice\mirai_0090.opus",".opus","15873"
"Voice\mirai_0091.opus",".opus","82975"
"Voice\mirai_0092.opus",".opus","66249"
"Voice\mirai_0093.opus",".opus","45769"
"Voice\mirai_0094.opus",".opus","46786"
"Voice\mirai_0095.opus",".opus","6087"
"Voice\mirai_0096.opus",".opus","5584"
"Voice\mirai_0097.opus",".opus","40142"
"Voice\mirai_0098.opus",".opus","18598"
"Voice\mirai_0099.opus",".opus","6476"
"Voice\mirai_0100.opus",".opus","16017"
"Voice\mirai_0101.opus",".opus","7120"
"Voice\mirai_0102.opus",".opus","35816"
"Voice\mirai_0103.opus",".opus","32678"
"Voice\mirai_0104.opus",".opus","44924"
"Voice\mirai_0105.opus",".opus","81586"
"Voice\mirai_0106.opus",".opus","89830"
"Voice\mirai_0107.opus",".opus","25532"
"Voice\mirai_0108.opus",".opus","44060"
"Voice\mirai_0109.opus",".opus","5568"
"Voice\mirai_0110.opus",".opus","151243"
"Voice\mirai_0111.opus",".opus","66934"
"Voice\mirai_0112.opus",".opus","50200"
"Voice\mirai_0113.opus",".opus","126738"
"Voice\mirai_0114.opus",".opus","16940"
"Voice\mirai_0115.opus",".opus","107581"
"Voice\mirai_0116.opus",".opus","32522"
"Voice\mirai_0117.opus",".opus","33962"
"Voice\mirai_0118.opus",".opus","36359"
"Voice\mirai_0119.opus",".opus","45932"
"Voice\mirai_0120.opus",".opus","26012"
"Voice\mirai_0121.opus",".opus","22589"
"Voice\mirai_0122.opus",".opus","59257"
"Voice\mirai_0123.opus",".opus","41815"
"Voice\mirai_0124.opus",".opus","21991"
"Voice\mirai_0125.opus",".opus","23820"
"Voice\mirai_0126.opus",".opus","38534"
"Voice\mirai_0127.opus",".opus","52570"
"Voice\mirai_0128.opus",".opus","16491"
"Voice\mirai_0129.opus",".opus","32784"
"Voice\mirai_0130.opus",".opus","22831"
"Voice\mirai_0131.opus",".opus","8653"
"Voice\mirai_0132.opus",".opus","10762"
"Voice\mirai_0133.opus",".opus","40851"
"Voice\mirai_0134.opus",".opus","7707"
"Voice\mirai_0135.opus",".opus","42279"
"Voice\mirai_0136.opus",".opus","43988"
"Voice\mirai_0137.opus",".opus","47932"
"Voice\mirai_0138.opus",".opus","117410"
"Voice\mirai_0139.opus",".opus","67420"
"Voice\mirai_0140.opus",".opus","27593"
"Voice\mirai_0141.opus",".opus","31215"
"Voice\mirai_0142.opus",".opus","112415"
"Voice\mirai_0143.opus",".opus","21673"
"Voice\mirai_0144.opus",".opus","37099"
"Voice\mirai_0145.opus",".opus","16551"
"Voice\mirai_0146.opus",".opus","16440"
"Voice\mirai_0147.opus",".opus","5533"
"Voice\mirai_0148.opus",".opus","18594"
"Voice\mirai_0149.opus",".opus","31847"
"Voice\mirai_0150.opus",".opus","63270"
"Voice\mirai_0151.opus",".opus","85750"
"Voice\mirai_0152.opus",".opus","55639"
"Voice\mirai_0153.opus",".opus","6777"
"Voice\mirai_0154.opus",".opus","32658"
"Voice\mirai_0155.opus",".opus","10493"
"Voice\mirai_0156.opus",".opus","125953"
"Voice\mirai_0157.opus",".opus","115747"
"Voice\mirai_0158.opus",".opus","50712"
"Voice\mirai_0159.opus",".opus","40060"
"Voice\mirai_0160.opus",".opus","30429"
"Voice\mirai_0161.opus",".opus","128038"
"Voice\mirai_0162.opus",".opus","35709"
"Voice\mirai_0163.opus",".opus","149150"
"Voice\mirai_0164.opus",".opus","12509"
"Voice\mirai_0165.opus",".opus","50038"
"Voice\mirai_0166.opus",".opus","19114"
"Voice\mirai_0167.opus",".opus","127025"
"Voice\mirai_0168.opus",".opus","80642"
"Voice\mirai_0169.opus",".opus","6664"
"Voice\mirai_0170.opus",".opus","5847"
"Voice\mirai_0171.opus",".opus","43942"
"Voice\mirai_0172.opus",".opus","96722"
"Voice\mirai_0173.opus",".opus","12676"
"Voice\mirai_0174.opus",".opus","86007"
"Voice\mirai_0175.opus",".opus","46355"
"Voice\mirai_0176.opus",".opus","52673"
"Voice\mirai_0177.opus",".opus","143511"
"Voice\mirai_0178.opus",".opus","5906"
"Voice\mirai_0179.opus",".opus","44819"
"Voice\mirai_0180.opus",".opus","108973"
"Voice\mirai_0181.opus",".opus","81064"
"Voice\mirai_0182.opus",".opus","17702"
"Voice\mirai_0183.opus",".opus","98404"
"Voice\mirai_0184.opus",".opus","147709"
"Voice\mirai_0185.opus",".opus","47390"
"Voice\mirai_0186.opus",".opus","72951"
"Voice\mirai_0187.opus",".opus","37452"
"Voice\mirai_0188.opus",".opus","6564"
"Voice\mirai_0189.opus",".opus","95779"
"Voice\mirai_0190.opus",".opus","76068"
"Voice\mirai_0191.opus",".opus","107822"
"Voice\mirai_0192.opus",".opus","47487"
"Voice\mirai_0193.opus",".opus","19988"
"Voice\mirai_0195.opus",".opus","39188"
"Voice\mirai_0196.opus",".opus","61136"
"Voice\mirai_0197.opus",".opus","5514"
"Voice\mirai_0198.opus",".opus","34033"
"Voice\mirai_0199.opus",".opus","76329"
"Voice\mirai_0200.opus",".opus","54243"
"Voice\mirai_0201.opus",".opus","20858"
"Voice\mirai_0202.opus",".opus","38262"
"Voice\mirai_0203.opus",".opus","32207"
"Voice\mirai_0204.opus",".opus","26352"
"Voice\mirai_0205.opus",".opus","3816"
"Voice\mirai_0206.opus",".opus","10157"
"Voice\mirai_0207.opus",".opus","12115"
"Voice\mirai_0208.opus",".opus","63143"
"Voice\mirai_0209.opus",".opus","13035"
"Voice\mirai_0210.opus",".opus","30662"
"Voice\mirai_0211.opus",".opus","30730"
"Voice\mirai_0212.opus",".opus","86755"
"Voice\mirai_0213.opus",".opus","36686"
"Voice\mirai_0214.opus",".opus","108263"
"Voice\mirai_0215.opus",".opus","14475"
"Voice\mirai_0216.opus",".opus","6764"
"Voice\mirai_0220.opus",".opus","82935"
"Voice\mirai_0221.opus",".opus","45331"
"Voice\mirai_0243.opus",".opus","87158"
"Voice\mirai_0244.opus",".opus","131758"
"Voice\mirai_0245.opus",".opus","41969"
"Voice\mirai_0246.opus",".opus","105256"
"Voice\mirai_0247.opus",".opus","95651"
"Voice\mirai_0249.opus",".opus","81083"
"Voice\mirai_0251.opus",".opus","82792"
"Voice\mirai_0252.opus",".opus","67073"
"Voice\mirai_0253.opus",".opus","71225"
"Voice\mirai_0254.opus",".opus","77173"
"Voice\mirai_0255.opus",".opus","91132"
"Voice\mirai_0256.opus",".opus","26531"
"Voice\mirai_0257.opus",".opus","60820"
"Voice\mirai_0258.opus",".opus","142493"
"Voice\mirai_0259.opus",".opus","99110"
"Voice\mirai_0260.opus",".opus","109740"
"Voice\mirai_0261.opus",".opus","81945"
"Voice\mirai_0262.opus",".opus","24018"
"Voice\mirai_0263.opus",".opus","33023"
"Voice\mirai_0264.opus",".opus","81526"
"Voice\mirai_0265.opus",".opus","40020"
"Voice\mirai_0266.opus",".opus","129062"
"Voice\mirai_0267.opus",".opus","38463"
"Voice\mirai_0268.opus",".opus","128166"
"Voice\mirai_0269.opus",".opus","14099"
"Voice\mirai_0270.opus",".opus","78600"
"Voice\mirai_0271.opus",".opus","117151"
"Voice\mirai_0272.opus",".opus","107294"
"Voice\mirai_0273.opus",".opus","84856"
"Voice\mirai_0274.opus",".opus","73560"
"Voice\mirai_0275.opus",".opus","88948"
"Voice\mirai_0276.opus",".opus","41222"
"Voice\mirai_0277.opus",".opus","4685"
"Voice\mirai_0278.opus",".opus","74866"
"Voice\mirai_0279.opus",".opus","55998"
"Voice\mirai_0280.opus",".opus","21360"
"Voice\mirai_0281.opus",".opus","47051"
"Voice\mirai_0282.opus",".opus","8603"
"Voice\mirai_0283.opus",".opus","7773"
"Voice\mirai_0284.opus",".opus","65321"
"Voice\mirai_0285.opus",".opus","44837"
"Voice\mirai_0286.opus",".opus","7877"
"Voice\mirai_0287.opus",".opus","48508"
"Voice\mirai_0288.opus",".opus","51676"
"Voice\mirai_0289.opus",".opus","126825"
"Voice\mirai_0290.opus",".opus","114937"
"Voice\mirai_0291.opus",".opus","157255"
"Voice\mirai_0292.opus",".opus","146687"
"Voice\mirai_0293.opus",".opus","4745"
"Voice\mirai_0294.opus",".opus","30166"
"Voice\mirai_0295.opus",".opus","8210"
"Voice\mirai_0296.opus",".opus","49400"
"Voice\mirai_0297.opus",".opus","9791"
"Voice\mirai_0298.opus",".opus","41105"
"Voice\mirai_0299.opus",".opus","52096"
"Voice\mirai_0300.opus",".opus","11204"
"Voice\mirai_0301.opus",".opus","13827"
"Voice\mirai_0302.opus",".opus","10313"
"Voice\mirai_0303.opus",".opus","42907"
"Voice\mirai_0304.opus",".opus","44771"
"Voice\mirai_0305.opus",".opus","9682"
"Voice\mirai_0306.opus",".opus","39037"
"Voice\mirai_0307.opus",".opus","74838"
"Voice\mirai_0308.opus",".opus","48099"
"Voice\mirai_0309.opus",".opus","71322"
"Voice\mirai_0310.opus",".opus","155561"
"Voice\mirai_0311.opus",".opus","63943"
"Voice\mirai_0312.opus",".opus","25762"
"Voice\mirai_0313.opus",".opus","115902"
"Voice\mirai_0314.opus",".opus","77858"
"Voice\mirai_0315.opus",".opus","49212"
"Voice\mirai_0316.opus",".opus","67913"
"Voice\mirai_0317.opus",".opus","31634"
"Voice\mirai_0318.opus",".opus","55147"
"Voice\mirai_0319.opus",".opus","37457"
"Voice\mirai_0320.opus",".opus","11403"
"Voice\mirai_0321.opus",".opus","70640"
"Voice\mirai_0322.opus",".opus","3507"
"Voice\mirai_0323.opus",".opus","16657"
"Voice\mirai_0324.opus",".opus","17975"
"Voice\mirai_0325.opus",".opus","25294"
"Voice\mirai_0326.opus",".opus","28892"
"Voice\mirai_0327.opus",".opus","13433"
"Voice\mirai_0328.opus",".opus","52257"
"Voice\mirai_0329.opus",".opus","35665"
"Voice\mirai_0330.opus",".opus","31462"
"Voice\mirai_0331.opus",".opus","23225"
"Voice\mirai_0332.opus",".opus","54848"
"Voice\mirai_0333.opus",".opus","33658"
"Voice\mirai_0334.opus",".opus","13736"
"Voice\mirai_0335.opus",".opus","80213"
"Voice\mirai_0336.opus",".opus","65353"
"Voice\mirai_0337.opus",".opus","88383"
"Voice\mirai_0338.opus",".opus","37802"
"Voice\mirai_0339.opus",".opus","22355"
"Voice\mirai_0340.opus",".opus","11012"
"Voice\mirai_0341.opus",".opus","16107"
"Voice\mirai_0342.opus",".opus","122861"
"Voice\mirai_0343.opus",".opus","82137"
"Voice\mirai_0344.opus",".opus","12377"
"Voice\mirai_0345.opus",".opus","9393"
"Voice\mirai_0346.opus",".opus","27217"
"Voice\mirai_0347.opus",".opus","19466"
"Voice\mirai_0348.opus",".opus","29231"
"Voice\mirai_0349.opus",".opus","26786"
"Voice\mirai_0350.opus",".opus","16394"
"Voice\mirai_0351.opus",".opus","29175"
"Voice\mirai_0352.opus",".opus","8522"
"Voice\mirai_0353.opus",".opus","48392"
"Voice\mirai_0354.opus",".opus","105914"
"Voice\mirai_0355.opus",".opus","63517"
"Voice\mirai_0356.opus",".opus","49209"
"Voice\mirai_0357.opus",".opus","37254"
"Voice\mirai_0358.opus",".opus","10214"
"Voice\mirai_0359.opus",".opus","55930"
"Voice\mirai_0360.opus",".opus","19236"
"Voice\mirai_0361.opus",".opus","50785"
"Voice\mirai_0362.opus",".opus","43674"
"Voice\mirai_0363.opus",".opus","58920"
"Voice\mirai_0364.opus",".opus","89895"
"Voice\mirai_0365.opus",".opus","8473"
"Voice\mirai_0366.opus",".opus","22102"
"Voice\mirai_0367.opus",".opus","11343"
"Voice\mirai_0368.opus",".opus","51206"
"Voice\mirai_0369.opus",".opus","13101"
"Voice\mirai_0370.opus",".opus","17989"
"Voice\mirai_0371.opus",".opus","24035"
"Voice\mirai_0372.opus",".opus","51990"
"Voice\mirai_0373.opus",".opus","7455"
"Voice\mirai_0374.opus",".opus","7137"
"Voice\mirai_0375.opus",".opus","52539"
"Voice\mirai_0376.opus",".opus","7147"
"Voice\mirai_0377.opus",".opus","17156"
"Voice\mirai_0378.opus",".opus","14326"
"Voice\mirai_0379.opus",".opus","12435"
"Voice\mirai_0380.opus",".opus","85963"
"Voice\mirai_0381.opus",".opus","21070"
"Voice\mirai_0382.opus",".opus","40433"
"Voice\mirai_0383.opus",".opus","78432"
"Voice\mirai_0384.opus",".opus","39131"
"Voice\mirai_0385.opus",".opus","73588"
"Voice\mirai_0386.opus",".opus","128535"
"Voice\mirai_0387.opus",".opus","73042"
"Voice\mirai_0388.opus",".opus","65262"
"Voice\mirai_0389.opus",".opus","59384"
"Voice\mirai_0390.opus",".opus","14760"
"Voice\mirai_0391.opus",".opus","35768"
"Voice\mirai_0392.opus",".opus","30865"
"Voice\mirai_0393.opus",".opus","71330"
"Voice\mirai_0394.opus",".opus","56205"
"Voice\mirai_0395.opus",".opus","83467"
"Voice\mirai_0396.opus",".opus","65068"
"Voice\mirai_0397.opus",".opus","63569"
"Voice\mirai_0398.opus",".opus","66176"
"Voice\mirai_0399.opus",".opus","28907"
"Voice\mirai_0400.opus",".opus","65065"
"Voice\mirai_0401.opus",".opus","92066"
"Voice\mirai_0402.opus",".opus","61867"
"Voice\mirai_0403.opus",".opus","84185"
"Voice\mirai_0404.opus",".opus","47377"
"Voice\mirai_0405.opus",".opus","28906"
"Voice\mirai_0406.opus",".opus","35450"
"Voice\mirai_0407.opus",".opus","38994"
"Voice\mirai_0408.opus",".opus","11782"
"Voice\mirai_0409.opus",".opus","20344"
"Voice\mirai_0410.opus",".opus","68053"
"Voice\mirai_0412.opus",".opus","16268"
"Voice\mirai_0413.opus",".opus","5219"
"Voice\mirai_0414.opus",".opus","28685"
"Voice\mirai_0415.opus",".opus","33295"
"Voice\mirai_0416.opus",".opus","81433"
"Voice\mirai_0417.opus",".opus","94462"
"Voice\mirai_0418.opus",".opus","73276"
"Voice\mirai_0419.opus",".opus","60627"
"Voice\mirai_0420.opus",".opus","24410"
"Voice\mirai_0421.opus",".opus","23915"
"Voice\mirai_0422.opus",".opus","66385"
"Voice\mirai_0423.opus",".opus","24701"
"Voice\mirai_0424.opus",".opus","47076"
"Voice\mirai_0425.opus",".opus","25455"
"Voice\mirai_0426.opus",".opus","62800"
"Voice\mirai_0427.opus",".opus","27606"
"Voice\mirai_0428.opus",".opus","61545"
"Voice\mirai_0429.opus",".opus","63609"
"Voice\mirai_0430.opus",".opus","30102"
"Voice\mirai_0431.opus",".opus","26389"
"Voice\mirai_0432.opus",".opus","60035"
"Voice\mirai_0433.opus",".opus","16655"
"Voice\mirai_0434.opus",".opus","68277"
"Voice\mirai_0435.opus",".opus","47392"
"Voice\mirai_0436.opus",".opus","64655"
"Voice\mirai_0437.opus",".opus","75130"
"Voice\mirai_0438.opus",".opus","71615"
"Voice\mirai_0439a.opus",".opus","79840"
"Voice\mirai_0439b.opus",".opus","31539"
"Voice\mirai_0440.opus",".opus","124092"
"Voice\mirai_0441.opus",".opus","82550"
"Voice\mirai_0442.opus",".opus","64688"
"Voice\mirai_0443.opus",".opus","17749"
"Voice\mirai_0444.opus",".opus","106434"
"Voice\mirai_0445.opus",".opus","139784"
"Voice\mirai_0446.opus",".opus","113859"
"Voice\mirai_0447.opus",".opus","69136"
"Voice\mirai_0448.opus",".opus","72741"
"Voice\mirai_0449.opus",".opus","21886"
"Voice\mirai_0450.opus",".opus","44525"
"Voice\mirai_0451.opus",".opus","111403"
"Voice\mirai_0452.opus",".opus","22817"
"Voice\mirai_0453.opus",".opus","29437"
"Voice\mirai_0454.opus",".opus","23966"
"Voice\mirai_0455.opus",".opus","53394"
"Voice\mirai_0456.opus",".opus","21567"
"Voice\mirai_0457.opus",".opus","89507"
"Voice\mirai_0458.opus",".opus","105792"
"Voice\mirai_0459.opus",".opus","58581"
"Voice\mirai_0460.opus",".opus","15090"
"Voice\mirai_0461.opus",".opus","52434"
"Voice\mirai_0462.opus",".opus","157381"
"Voice\mirai_0463.opus",".opus","212697"
"Voice\mirai_0464.opus",".opus","175772"
"Voice\mirai_0465.opus",".opus","63539"
"Voice\mirai_0466.opus",".opus","128703"
"Voice\mirai_0467.opus",".opus","150455"
"Voice\mirai_0468.opus",".opus","212842"
"Voice\mirai_0469.opus",".opus","179448"
"Voice\mirai_0470.opus",".opus","182592"
"Voice\mirai_0471a.opus",".opus","30734"
"Voice\mirai_0472.opus",".opus","17310"
"Voice\mirai_0473.opus",".opus","104423"
"Voice\mirai_0474.opus",".opus","91763"
"Voice\mirai_0475.opus",".opus","73216"
"Voice\mirai_0476.opus",".opus","123255"
"Voice\mirai_0477.opus",".opus","55171"
"Voice\mirai_0478.opus",".opus","100624"
"Voice\mirai_0479.opus",".opus","95290"
"Voice\mirai_0480.opus",".opus","27927"
"Voice\mirai_0481.opus",".opus","129509"
"Voice\mirai_0482.opus",".opus","15810"
"Voice\mirai_0483a.opus",".opus","28241"
"Voice\mirai_0483b.opus",".opus","42037"
"Voice\mirai_0484.opus",".opus","76005"
"Voice\mirai_0485.opus",".opus","100327"
"Voice\mirai_0486.opus",".opus","37403"
"Voice\mirai_0487.opus",".opus","8365"
"Voice\mirai_0488.opus",".opus","51696"
"Voice\mirai_0489.opus",".opus","135897"
"Voice\mirai_0490.opus",".opus","60837"
"Voice\mirai_0491.opus",".opus","145729"
"Voice\mirai_0492.opus",".opus","184765"
"Voice\mirai_0493.opus",".opus","173446"
"Voice\mirai_0494.opus",".opus","9165"
"Voice\mirai_0495.opus",".opus","78576"
"Voice\mirai_0496.opus",".opus","106939"
"Voice\mirai_0497.opus",".opus","40707"
"Voice\mirai_0498.opus",".opus","19737"
"Voice\mirai_0499.opus",".opus","27330"
"Voice\mirai_0500.opus",".opus","20457"
"Voice\mirai_0501.opus",".opus","25922"
"Voice\mirai_0502.opus",".opus","27542"
"Voice\mirai_0503.opus",".opus","10672"
"Voice\mirai_0504.opus",".opus","24878"
"Voice\mirai_0505.opus",".opus","12785"
"Voice\mirai_0506.opus",".opus","76103"
"Voice\mirai_0507.opus",".opus","10187"
"Voice\mirai_0508.opus",".opus","121281"
"Voice\mirai_0509.opus",".opus","73407"
"Voice\mirai_0510.opus",".opus","65824"
"Voice\mirai_0511.opus",".opus","45348"
"Voice\mirai_0512.opus",".opus","88158"
"Voice\mirai_0513.opus",".opus","51419"
"Voice\mirai_0514.opus",".opus","9012"
"Voice\mirai_0516.opus",".opus","79704"
"Voice\mirai_0517.opus",".opus","52064"
"Voice\mirai_0518.opus",".opus","70410"
"Voice\mirai_0519.opus",".opus","62265"
"Voice\mirai_0520.opus",".opus","75279"
"Voice\mirai_0521.opus",".opus","3826"
"Voice\mirai_0522.opus",".opus","85376"
"Voice\mirai_0523.opus",".opus","7255"
"Voice\mirai_0524.opus",".opus","39889"
"Voice\mirai_0525.opus",".opus","60479"
"Voice\mirai_0526.opus",".opus","72626"
"Voice\mirai_0527.opus",".opus","46118"
"Voice\mirai_0528.opus",".opus","60512"
"Voice\mirai_0529.opus",".opus","72823"
"Voice\mirai_0530.opus",".opus","45417"
"Voice\mirai_0531.opus",".opus","27838"
"Voice\mirai_0532.opus",".opus","33380"
"Voice\mirai_0533.opus",".opus","37168"
"Voice\mirai_0534.opus",".opus","30406"
"Voice\mirai_0535.opus",".opus","74827"
"Voice\mirai_0536.opus",".opus","70714"
"Voice\mirai_0537.opus",".opus","10983"
"Voice\mirai_0538.opus",".opus","23734"
"Voice\mirai_0539.opus",".opus","15072"
"Voice\mirai_0540.opus",".opus","20807"
"Voice\mirai_0541.opus",".opus","17578"
"Voice\mirai_0542.opus",".opus","19297"
"Voice\mirai_0543.opus",".opus","77807"
"Voice\mirai_0544.opus",".opus","25434"
"Voice\mirai_0545.opus",".opus","153800"
"Voice\mirai_0546.opus",".opus","138755"
"Voice\mirai_0547.opus",".opus","62807"
"Voice\mirai_0548.opus",".opus","21008"
"Voice\mirai_0549.opus",".opus","27874"
"Voice\mirai_0550.opus",".opus","21244"
"Voice\mirai_0551.opus",".opus","20728"
"Voice\mirai_0552.opus",".opus","49987"
"Voice\mirai_0553.opus",".opus","47609"
"Voice\mirai_0554.opus",".opus","21928"
"Voice\mirai_0555.opus",".opus","7624"
"Voice\mirai_0556.opus",".opus","14820"
"Voice\mirai_0557.opus",".opus","51166"
"Voice\mirai_0558.opus",".opus","64332"
"Voice\mirai_0559.opus",".opus","138121"
"Voice\mirai_0561.opus",".opus","170438"
"Voice\mirai_0562.opus",".opus","37865"
"Voice\mirai_0563.opus",".opus","126528"
"Voice\mirai_0564.opus",".opus","14486"
"Voice\mirai_0565.opus",".opus","55698"
"Voice\mirai_0566.opus",".opus","113571"
"Voice\mirai_0567.opus",".opus","51183"
"Voice\mirai_0568.opus",".opus","16902"
"Voice\mirai_0569.opus",".opus","78987"
"Voice\mirai_0570.opus",".opus","74324"
"Voice\mirai_0572.opus",".opus","37055"
"Voice\mirai_0573.opus",".opus","59654"
"Voice\mirai_0574.opus",".opus","60250"
"Voice\mirai_0575.opus",".opus","120187"
"Voice\mirai_0576.opus",".opus","143724"
"Voice\mirai_0577.opus",".opus","164804"
"Voice\mirai_0578.opus",".opus","10116"
"Voice\mirai_0579.opus",".opus","111924"
"Voice\mirai_0580.opus",".opus","178338"
"Voice\mirai_0581.opus",".opus","57173"
"Voice\mirai_0582.opus",".opus","56031"
"Voice\mirai_0583.opus",".opus","85452"
"Voice\mirai_0584.opus",".opus","142799"
"Voice\mirai_0585.opus",".opus","129142"
"Voice\mirai_0586.opus",".opus","6165"
"Voice\mirai_0587.opus",".opus","79160"
"Voice\mirai_0588.opus",".opus","89676"
"Voice\mirai_0589.opus",".opus","14732"
"Voice\mirai_0590.opus",".opus","63370"
"Voice\mirai_0591.opus",".opus","27010"
"Voice\mirai_0592.opus",".opus","5620"
"Voice\mirai_0593.opus",".opus","42083"
"Voice\mirai_0594.opus",".opus","21358"
"Voice\mirai_0595.opus",".opus","26636"
"Voice\mirai_0596.opus",".opus","5669"
"Voice\mirai_0597.opus",".opus","11352"
"Voice\mirai_0598.opus",".opus","17404"
"Voice\mirai_0599.opus",".opus","57248"
"Voice\mirai_0600.opus",".opus","101462"
"Voice\mirai_0601.opus",".opus","145670"
"Voice\mirai_0602.opus",".opus","72994"
"Voice\mirai_0603.opus",".opus","78029"
"Voice\mirai_0604.opus",".opus","46077"
"Voice\mirai_0605.opus",".opus","13466"
"Voice\mirai_0606.opus",".opus","92716"
"Voice\mirai_0607.opus",".opus","87390"
"Voice\mirai_0608.opus",".opus","31190"
"Voice\mirai_0609.opus",".opus","47443"
"Voice\mirai_0610.opus",".opus","151524"
"Voice\mirai_0611.opus",".opus","122818"
"Voice\mirai_0612.opus",".opus","48852"
"Voice\mirai_0613.opus",".opus","47874"
"Voice\mirai_0614.opus",".opus","24534"
"Voice\mirai_0615.opus",".opus","17984"
"Voice\mirai_0616.opus",".opus","13006"
"Voice\mirai_0617_a.opus",".opus","42963"
"Voice\mirai_0617_b.opus",".opus","17658"
"Voice\mirai_0617_c.opus",".opus","10281"
"Voice\mirai_0617.opus",".opus","39562"
"Voice\mirai_0618.opus",".opus","92308"
"Voice\mirai_0619.opus",".opus","79274"
"Voice\mirai_0620.opus",".opus","9968"
"Voice\mirai_0621.opus",".opus","17009"
"Voice\mirai_0622.opus",".opus","32497"
"Voice\mirai_0623.opus",".opus","69331"
"Voice\mirai_0624.opus",".opus","100155"
"Voice\mirai_0625.opus",".opus","24356"
"Voice\mirai_0626.opus",".opus","23253"
"Voice\mirai_0627.opus",".opus","63004"
"Voice\mirai_0628.opus",".opus","128713"
"Voice\mirai_0629.opus",".opus","38605"
"Voice\mirai_0630.opus",".opus","69909"
"Voice\mirai_0631.opus",".opus","72045"
"Voice\mirai_0632.opus",".opus","9613"
"Voice\mirai_0633.opus",".opus","11347"
"Voice\mirai_0634.opus",".opus","10947"
"Voice\mirai_0635.opus",".opus","5197"
"Voice\mirai_0636.opus",".opus","78155"
"Voice\mirai_0637.opus",".opus","19223"
"Voice\mirai_0638.opus",".opus","47033"
"Voice\mirai_0639.opus",".opus","14250"
"Voice\mirai_0640.opus",".opus","68625"
"Voice\mirai_0641.opus",".opus","28438"
"Voice\mirai_0642.opus",".opus","52501"
"Voice\mirai_0643.opus",".opus","28474"
"Voice\mirai_0644.opus",".opus","63430"
"Voice\mirai_0645.opus",".opus","9929"
"Voice\mirai_0646.opus",".opus","40037"
"Voice\mirai_0647.opus",".opus","56631"
"Voice\mirai_0648.opus",".opus","21499"
"Voice\mirai_0649.opus",".opus","13896"
"Voice\mirai_0650.opus",".opus","8277"
"Voice\mirai_0651.opus",".opus","31189"
"Voice\mirai_0652.opus",".opus","43131"
"Voice\mirai_0653.opus",".opus","13208"
"Voice\mirai_0654.opus",".opus","61503"
"Voice\mirai_0655.opus",".opus","25409"
"Voice\mirai_0656.opus",".opus","46944"
"Voice\mirai_0657.opus",".opus","22838"
"Voice\mirai_0658.opus",".opus","71649"
"Voice\mirai_0659.opus",".opus","5197"
"Voice\mirai_0660.opus",".opus","13679"
"Voice\mirai_0661.opus",".opus","29964"
"Voice\mirai_0662.opus",".opus","74510"
"Voice\mirai_0663.opus",".opus","80299"
"Voice\mirai_0664.opus",".opus","59369"
"Voice\mirai_0665.opus",".opus","10528"
"Voice\mirai_0666.opus",".opus","22303"
"Voice\mirai_0667.opus",".opus","11326"
"Voice\mirai_0668.opus",".opus","96161"
"Voice\mirai_0669.opus",".opus","104378"
"Voice\mirai_0670.opus",".opus","32928"
"Voice\mirai_0671.opus",".opus","36563"
"Voice\mirai_0672.opus",".opus","53664"
"Voice\mirai_0673.opus",".opus","26881"
"Voice\mirai_0674.opus",".opus","7745"
"Voice\mirai_0675.opus",".opus","30465"
"Voice\mirai_0676.opus",".opus","6074"
"Voice\mirai_0677.opus",".opus","15631"
"Voice\mirai_0678.opus",".opus","21230"
"Voice\mirai_0679.opus",".opus","35168"
"Voice\mirai_0680.opus",".opus","10163"
"Voice\mirai_0681.opus",".opus","29997"
"Voice\mirai_0682.opus",".opus","33274"
"Voice\mirai_0683.opus",".opus","6224"
"Voice\mirai_0684.opus",".opus","55168"
"Voice\mirai_0685.opus",".opus","44502"
"Voice\mirai_0686.opus",".opus","47671"
"Voice\mirai_0687.opus",".opus","16739"
"Voice\mirai_0688.opus",".opus","10010"
"Voice\mirai_0689.opus",".opus","11772"
"Voice\mirai_0690.opus",".opus","33101"
"Voice\mirai_0691.opus",".opus","63018"
"Voice\mirai_0692.opus",".opus","31380"
"Voice\mirai_0693.opus",".opus","99371"
"Voice\mirai_0694.opus",".opus","27371"
"Voice\mirai_0695.opus",".opus","86714"
"Voice\mirai_0696.opus",".opus","85895"
"Voice\mirai_0697.opus",".opus","75820"
"Voice\mirai_0698.opus",".opus","95224"
"Voice\mirai_0699.opus",".opus","94693"
"Voice\mirai_0700.opus",".opus","154986"
"Voice\mirai_0701.opus",".opus","39795"
"Voice\mirai_0702.opus",".opus","6990"
"Voice\mirai_0703.opus",".opus","16954"
"Voice\mirai_0704.opus",".opus","37211"
"Voice\mirai_0705.opus",".opus","7964"
"Voice\mirai_0707.opus",".opus","8876"
"Voice\mirai_0708.opus",".opus","33011"
"Voice\mirai_0709.opus",".opus","31912"
"Voice\mirai_0710.opus",".opus","6943"
"Voice\mirai_0711.opus",".opus","13836"
"Voice\mirai_0713.opus",".opus","62470"
"Voice\mirai_0714.opus",".opus","59513"
"Voice\mirai_0715.opus",".opus","11645"
"Voice\mirai_0716.opus",".opus","55779"
"Voice\mirai_0717.opus",".opus","15050"
"Voice\mirai_0718.opus",".opus","76769"
"Voice\mirai_0719.opus",".opus","113876"
"Voice\mirai_0720.opus",".opus","18863"
"Voice\mirai_0721.opus",".opus","126181"
"Voice\mirai_0722.opus",".opus","127023"
"Voice\mirai_0723.opus",".opus","14608"
"Voice\mirai_0724.opus",".opus","24820"
"Voice\mirai_0726.opus",".opus","84839"
"Voice\mirai_0727.opus",".opus","102147"
"Voice\mirai_0728.opus",".opus","19295"
"Voice\mirai_0729.opus",".opus","70950"
"Voice\mirai_0774.opus",".opus","6479"
"Voice\mirai_0775.opus",".opus","42039"
"Voice\mirai_0776.opus",".opus","19769"
"Voice\mirai_0777.opus",".opus","25222"
"Voice\mirai_0778.opus",".opus","47187"
"Voice\mirai_0779.opus",".opus","57476"
"Voice\mirai_0780.opus",".opus","75500"
"Voice\mirai_0781.opus",".opus","102777"
"Voice\mirai_0782.opus",".opus","94472"
"Voice\mirai_0783.opus",".opus","30531"
"Voice\mirai_0784.opus",".opus","122064"
"Voice\mirai_0785.opus",".opus","55251"
"Voice\mirai_0786.opus",".opus","75347"
"Voice\mirai_0787.opus",".opus","74384"
"Voice\mirai_0788.opus",".opus","24457"
"Voice\mirai_0789.opus",".opus","27861"
"Voice\mirai_0790.opus",".opus","60412"
"Voice\mirai_0791.opus",".opus","63460"
"Voice\mirai_0792.opus",".opus","24450"
"Voice\mirai_0793.opus",".opus","49682"
"Voice\mirai_0794.opus",".opus","14307"
"Voice\mirai_0795.opus",".opus","44709"
"Voice\mirai_0796.opus",".opus","7969"
"Voice\mirai_0797.opus",".opus","19662"
"Voice\mirai_0798.opus",".opus","59196"
"Voice\mirai_0799.opus",".opus","54629"
"Voice\mirai_0800.opus",".opus","29901"
"Voice\mirai_0801.opus",".opus","23693"
"Voice\mirai_0802.opus",".opus","74009"
"Voice\mirai_0803.opus",".opus","74952"
"Voice\mirai_0804.opus",".opus","25456"
"Voice\mirai_0805.opus",".opus","20369"
"Voice\mirai_0806.opus",".opus","20330"
"Voice\mirai_0807.opus",".opus","96575"
"Voice\mirai_0808.opus",".opus","12256"
"Voice\mirai_0809.opus",".opus","12520"
"Voice\mirai_0810.opus",".opus","33400"
"Voice\mirai_0812.opus",".opus","23226"
"Voice\mirai_0813.opus",".opus","28980"
"Voice\mirai_0814.opus",".opus","4882"
"Voice\mirai_0815.opus",".opus","13651"
"Voice\mirai_0816.opus",".opus","12039"
"Voice\mirai_0817.opus",".opus","71311"
"Voice\mirai_0818.opus",".opus","17333"
"Voice\mirai_0819.opus",".opus","144129"
"Voice\mirai_0820.opus",".opus","38692"
"Voice\mirai_0821.opus",".opus","81833"
"Voice\mirai_0822.opus",".opus","49719"
"Voice\mirai_0823.opus",".opus","24910"
"Voice\mirai_0824.opus",".opus","37818"
"Voice\mirai_0825.opus",".opus","101700"
"Voice\mirai_0826.opus",".opus","92807"
"Voice\mirai_0827.opus",".opus","81408"
"Voice\mirai_0828.opus",".opus","87534"
"Voice\mirai_0829.opus",".opus","41759"
"Voice\mirai_0830.opus",".opus","25335"
"Voice\mirai_0831.opus",".opus","12658"
"Voice\mirai_0832.opus",".opus","46658"
"Voice\mirai_0833.opus",".opus","43409"
"Voice\mirai_0834.opus",".opus","61503"
"Voice\mirai_0835.opus",".opus","61955"
"Voice\mirai_0836.opus",".opus","45753"
"Voice\mirai_0837.opus",".opus","26844"
"Voice\mirai_0838.opus",".opus","172960"
"Voice\mirai_0839.opus",".opus","130469"
"Voice\mirai_0840.opus",".opus","73432"
"Voice\mirai_0841.opus",".opus","45573"
"Voice\mirai_0842.opus",".opus","42882"
"Voice\mirai_0843.opus",".opus","72484"
"Voice\mirai_0844.opus",".opus","79988"
"Voice\mirai_0845.opus",".opus","155461"
"Voice\mirai_0846.opus",".opus","127554"
"Voice\mirai_0847.opus",".opus","57942"
"Voice\mirai_0848.opus",".opus","14088"
"Voice\mirai_0849.opus",".opus","134135"
"Voice\mirai_0850.opus",".opus","55527"
"Voice\mirai_0851.opus",".opus","150459"
"Voice\mirai_0852.opus",".opus","108345"
"Voice\mirai_0853.opus",".opus","17982"
"Voice\mirai_0855.opus",".opus","16738"
"Voice\mirai_0856.opus",".opus","153552"
"Voice\mirai_0859.opus",".opus","6847"
"Voice\mirai_0860.opus",".opus","14050"
"Voice\mirai_0861.opus",".opus","118423"
"Voice\mirai_0862.opus",".opus","59990"
"Voice\mirai_0863.opus",".opus","59845"
"Voice\mirai_0864.opus",".opus","78297"
"Voice\mirai_0865.opus",".opus","49838"
"Voice\mirai_0866.opus",".opus","20552"
"Voice\mirai_0867.opus",".opus","34824"
"Voice\mirai_0868.opus",".opus","18216"
"Voice\mirai_0869.opus",".opus","39273"
"Voice\mirai_0870.opus",".opus","47392"
"Voice\mirai_0871.opus",".opus","85781"
"Voice\mirai_0872.opus",".opus","34886"
"Voice\mirai_0873.opus",".opus","21310"
"Voice\mirai_0874.opus",".opus","17422"
"Voice\mirai_0875.opus",".opus","65863"
"Voice\mirai_0876.opus",".opus","31086"
"Voice\mirai_0877.opus",".opus","34367"
"Voice\mirai_0878.opus",".opus","23683"
"Voice\mirai_0879.opus",".opus","25377"
"Voice\mirai_0880.opus",".opus","29079"
"Voice\mirai_0881.opus",".opus","11321"
"Voice\mirai_0882.opus",".opus","48037"
"Voice\mirai_0883.opus",".opus","32254"
"Voice\mirai_0884.opus",".opus","34882"
"Voice\mirai_0885.opus",".opus","91094"
"Voice\mirai_0886.opus",".opus","78174"
"Voice\mirai_0887.opus",".opus","21122"
"Voice\mirai_0888.opus",".opus","52883"
"Voice\mirai_0889.opus",".opus","46956"
"Voice\mirai_0890.opus",".opus","49827"
"Voice\mirai_0891.opus",".opus","27092"
"Voice\mirai_0892.opus",".opus","4681"
"Voice\mirai_0893.opus",".opus","11108"
"Voice\mirai_0894.opus",".opus","5800"
"Voice\mirai_0895.opus",".opus","52465"
"Voice\mirai_0896.opus",".opus","17421"
"Voice\mirai_0897.opus",".opus","58820"
"Voice\mirai_0898.opus",".opus","87543"
"Voice\mirai_0899.opus",".opus","42755"
"Voice\mirai_0900.opus",".opus","80583"
"Voice\mirai_0901.opus",".opus","6527"
"Voice\mirai_0902.opus",".opus","41383"
"Voice\mirai_0903.opus",".opus","64982"
"Voice\mirai_0904.opus",".opus","101613"
"Voice\mirai_0905.opus",".opus","18013"
"Voice\mirai_0906.opus",".opus","13394"
"Voice\mirai_0907.opus",".opus","20583"
"Voice\mirai_0908.opus",".opus","112436"
"Voice\mirai_0909.opus",".opus","59728"
"Voice\mirai_0910.opus",".opus","8508"
"Voice\mirai_0911.opus",".opus","72573"
"Voice\mirai_0912.opus",".opus","10975"
"Voice\mirai_0913.opus",".opus","22890"
"Voice\mirai_0914.opus",".opus","44387"
"Voice\mirai_0915.opus",".opus","63757"
"Voice\mirai_0916.opus",".opus","31988"
"Voice\mirai_0917.opus",".opus","8581"
"Voice\mirai_0918.opus",".opus","65813"
"Voice\mirai_0919.opus",".opus","48451"
"Voice\mirai_0920.opus",".opus","5952"
"Voice\mirai_0921.opus",".opus","55108"
"Voice\mirai_0922.opus",".opus","12141"
"Voice\mirai_0923.opus",".opus","24351"
"Voice\mirai_0924.opus",".opus","65611"
"Voice\mirai_0925.opus",".opus","54803"
"Voice\mirai_0926.opus",".opus","31383"
"Voice\mirai_0927.opus",".opus","10822"
"Voice\mirai_0928.opus",".opus","80001"
"Voice\mirai_0929.opus",".opus","16527"
"Voice\mirai_0930.opus",".opus","38925"
"Voice\mirai_0931.opus",".opus","22687"
"Voice\mirai_0932.opus",".opus","63808"
"Voice\mirai_0933.opus",".opus","29298"
"Voice\mirai_0934.opus",".opus","16649"
"Voice\mirai_0935.opus",".opus","7988"
"Voice\mirai_0936.opus",".opus","33135"
"Voice\mirai_0937.opus",".opus","38234"
"Voice\mirai_0938.opus",".opus","26387"
"Voice\mirai_0939.opus",".opus","21497"
"Voice\mirai_0940.opus",".opus","27652"
"Voice\mirai_0941.opus",".opus","35644"
"Voice\mirai_0942.opus",".opus","20419"
"Voice\mirai_0943.opus",".opus","32385"
"Voice\mirai_0944.opus",".opus","30172"
"Voice\mirai_0945.opus",".opus","34387"
"Voice\mirai_0946.opus",".opus","48788"
"Voice\mirai_0947.opus",".opus","92144"
"Voice\mirai_0948.opus",".opus","56290"
"Voice\mirai_0949.opus",".opus","96620"
"Voice\mirai_0950.opus",".opus","86731"
"Voice\mirai_0951.opus",".opus","103702"
"Voice\mirai_0952.opus",".opus","82226"
"Voice\mirai_0953.opus",".opus","123116"
"Voice\mirai_0954.opus",".opus","91570"
"Voice\mirai_0955.opus",".opus","40370"
"Voice\mirai_0956.opus",".opus","33755"
"Voice\mirai_0957.opus",".opus","28464"
"Voice\mirai_0958.opus",".opus","46516"
"Voice\mirai_0959.opus",".opus","4668"
"Voice\mirai_0960.opus",".opus","34252"
"Voice\mirai_0961.opus",".opus","58123"
"Voice\mirai_0962.opus",".opus","37838"
"Voice\mirai_0963.opus",".opus","117094"
"Voice\mirai_0964.opus",".opus","96037"
"Voice\mirai_0965.opus",".opus","14116"
"Voice\mirai_0966.opus",".opus","25584"
"Voice\mirai_0967.opus",".opus","71751"
"Voice\mirai_0968.opus",".opus","63508"
"Voice\mirai_0969.opus",".opus","100328"
"Voice\mirai_0970.opus",".opus","8089"
"Voice\mirai_0971.opus",".opus","141166"
"Voice\mirai_0972.opus",".opus","59821"
"Voice\mirai_0973.opus",".opus","16978"
"Voice\mirai_0974.opus",".opus","53314"
"Voice\mirai_0975.opus",".opus","5677"
"Voice\mirai_0976.opus",".opus","122444"
"Voice\mirai_0977.opus",".opus","7641"
"Voice\mirai_0978.opus",".opus","97547"
"Voice\mirai_0979.opus",".opus","8455"
"Voice\mirai_0980.opus",".opus","43685"
"Voice\mirai_0981.opus",".opus","32467"
"Voice\mirai_0982.opus",".opus","169807"
"Voice\mirai_0983.opus",".opus","197664"
"Voice\mirai_0984.opus",".opus","60646"
"Voice\mirai_0985.opus",".opus","140933"
"Voice\mirai_0987.opus",".opus","182488"
"Voice\mirai_0988.opus",".opus","85758"
"Voice\mirai_0989.opus",".opus","55663"
"Voice\mirai_0990.opus",".opus","139308"
"Voice\mirai_0991.opus",".opus","35751"
"Voice\mirai_0992.opus",".opus","13327"
"Voice\mirai_0993.opus",".opus","12440"
"Voice\mirai_0994.opus",".opus","46471"
"Voice\mirai_0995.opus",".opus","15336"
"Voice\mirai_0996.opus",".opus","122158"
"Voice\mirai_0997.opus",".opus","35900"
"Voice\mirai_0998.opus",".opus","76404"
"Voice\mirai_0999.opus",".opus","85491"
"Voice\mirai_1000.opus",".opus","22043"
"Voice\mirai_1001.opus",".opus","45145"
"Voice\mirai_1002.opus",".opus","76619"
"Voice\mirai_1003.opus",".opus","88015"
"Voice\mirai_1004.opus",".opus","90572"
"Voice\mirai_1005.opus",".opus","9178"
"Voice\mirai_1006.opus",".opus","131753"
"Voice\mirai_1007.opus",".opus","10516"
"Voice\mirai_1008.opus",".opus","84474"
"Voice\mirai_1009.opus",".opus","15060"
"Voice\mirai_1010.opus",".opus","4655"
"Voice\mirai_1011.opus",".opus","117657"
"Voice\mirai_1012.opus",".opus","41762"
"Voice\mirai_1013.opus",".opus","49185"
"Voice\mirai_1014.opus",".opus","138209"
"Voice\mirai_1015.opus",".opus","193112"
"Voice\mirai_1016.opus",".opus","49842"
"Voice\mirai_1017.opus",".opus","51231"
"Voice\mirai_1018.opus",".opus","39580"
"Voice\mirai_1019.opus",".opus","43182"
"Voice\mirai_1020.opus",".opus","42688"
"Voice\mirai_1021.opus",".opus","16378"
"Voice\mirai_1022.opus",".opus","62913"
"Voice\mirai_1023.opus",".opus","16620"
"Voice\mirai_1024.opus",".opus","150252"
"Voice\mirai_1025.opus",".opus","73178"
"Voice\mirai_1026.opus",".opus","28718"
"Voice\mirai_1027.opus",".opus","60558"
"Voice\mirai_1028.opus",".opus","5897"
"Voice\mirai_1029.opus",".opus","7827"
"Voice\mirai_1030.opus",".opus","12945"
"Voice\mirai_1031.opus",".opus","12040"
"Voice\mirai_1032.opus",".opus","23249"
"Voice\mirai_1033.opus",".opus","99521"
"Voice\mirai_1034.opus",".opus","24818"
"Voice\mirai_1035.opus",".opus","114415"
"Voice\mirai_1036.opus",".opus","8467"
"Voice\mirai_1037.opus",".opus","40525"
"Voice\mirai_1038.opus",".opus","96393"
"Voice\mirai_1039.opus",".opus","30433"
"Voice\mirai_1040.opus",".opus","122247"
"Voice\mirai_1041.opus",".opus","79927"
"Voice\mirai_1042.opus",".opus","135919"
"Voice\mirai_1043.opus",".opus","34575"
"Voice\mirai_1044.opus",".opus","147705"
"Voice\mirai_1045.opus",".opus","127738"
"Voice\mirai_1046.opus",".opus","107263"
"Voice\mirai_1047.opus",".opus","147146"
"Voice\mirai_1048.opus",".opus","58806"
"Voice\mirai_1049.opus",".opus","102162"
"Voice\mirai_1050.opus",".opus","104611"
"Voice\mirai_1051.opus",".opus","87104"
"Voice\mirai_1052.opus",".opus","101172"
"Voice\mirai_1053.opus",".opus","183188"
"Voice\mirai_1054.opus",".opus","54847"
"Voice\mirai_1055.opus",".opus","155913"
"Voice\mirai_1056.opus",".opus","156332"
"Voice\mirai_1057.opus",".opus","9804"
"Voice\mirai_1058.opus",".opus","52480"
"Voice\mirai_1059.opus",".opus","9208"
"Voice\mirai_1060.opus",".opus","51301"
"Voice\mirai_1061.opus",".opus","72033"
"Voice\mirai_1062.opus",".opus","58774"
"Voice\mirai_1063.opus",".opus","58284"
"Voice\mirai_1064.opus",".opus","39949"
"Voice\mirai_1065.opus",".opus","32748"
"Voice\mirai_1066.opus",".opus","50605"
"Voice\mirai_1067.opus",".opus","58282"
"Voice\mirai_1068.opus",".opus","69608"
"Voice\mirai_1069.opus",".opus","15672"
"Voice\mirai_1070.opus",".opus","89898"
"Voice\mirai_1071.opus",".opus","118390"
"Voice\mirai_1072.opus",".opus","5605"
"Voice\mirai_1073.opus",".opus","64761"
"Voice\mirai_1074.opus",".opus","78137"
"Voice\mirai_1075.opus",".opus","49921"
"Voice\mirai_1076.opus",".opus","69499"
"Voice\mirai_1077.opus",".opus","46411"
"Voice\mirai_1078.opus",".opus","48050"
"Voice\mirai_1079.opus",".opus","28223"
"Voice\mirai_1080.opus",".opus","38261"
"Voice\mirai_1081.opus",".opus","20533"
"Voice\mirai_9002.opus",".opus","107867"
"Voice\mirai_9003.opus",".opus","102301"
"Voice\mix_all.opus",".opus","21047"
"Voice\nanana_0000.opus",".opus","13753"
"Voice\nanana_0001.opus",".opus","16206"
"Voice\nanana_0002.opus",".opus","25969"
"Voice\nanana_0003.opus",".opus","27708"
"Voice\nanana_0004.opus",".opus","10515"
"Voice\nanana_0005.opus",".opus","28514"
"Voice\nanana_0006.opus",".opus","32248"
"Voice\nanana_0007.opus",".opus","41140"
"Voice\nanana_0008.opus",".opus","24871"
"Voice\nanana_0009.opus",".opus","22510"
"Voice\nanana_0010.opus",".opus","20808"
"Voice\nanana_0011.opus",".opus","25875"
"Voice\nanana_0012.opus",".opus","42625"
"Voice\nanana_0013.opus",".opus","36348"
"Voice\nanana_0014.opus",".opus","57335"
"Voice\nanana_0015.opus",".opus","86252"
"Voice\nanana_0016.opus",".opus","24364"
"Voice\nanana_0017.opus",".opus","50145"
"Voice\nanana_0018.opus",".opus","62973"
"Voice\nanana_0019.opus",".opus","28141"
"Voice\nanana_0020.opus",".opus","23324"
"Voice\nanana_0021.opus",".opus","33893"
"Voice\nanana_0022.opus",".opus","33535"
"Voice\nanana_0023.opus",".opus","34581"
"Voice\nanana_0024.opus",".opus","38346"
"Voice\nanana_0025.opus",".opus","38493"
"Voice\nanana_0026.opus",".opus","31842"
"Voice\nanana_0027.opus",".opus","43320"
"Voice\nanana_0028.opus",".opus","24031"
"Voice\nanana_0029.opus",".opus","33040"
"Voice\nanana_0030.opus",".opus","35185"
"Voice\nanana_0031.opus",".opus","38469"
"Voice\nanana_0032.opus",".opus","142520"
"Voice\nanana_0033.opus",".opus","14879"
"Voice\nanana_0034.opus",".opus","33160"
"Voice\nanana_0035.opus",".opus","27933"
"Voice\nanana_0036.opus",".opus","35552"
"Voice\nanana_0037.opus",".opus","31513"
"Voice\nanana_0038.opus",".opus","18716"
"Voice\nanana_0039.opus",".opus","64789"
"Voice\nanana_0040.opus",".opus","40939"
"Voice\nanana_0041.opus",".opus","74033"
"Voice\nanana_0042.opus",".opus","15517"
"Voice\nanana_0043.opus",".opus","18000"
"Voice\nanana_0044.opus",".opus","41095"
"Voice\nanana_0045.opus",".opus","38829"
"Voice\nanana_0046.opus",".opus","48001"
"Voice\nanana_0047.opus",".opus","31613"
"Voice\nanana_0048.opus",".opus","21236"
"Voice\nanana_0049.opus",".opus","25483"
"Voice\nanana_0050.opus",".opus","40348"
"Voice\nanana_0051.opus",".opus","26826"
"Voice\nanana_0052.opus",".opus","9967"
"Voice\nanana_0053.opus",".opus","40977"
"Voice\nanana_0054.opus",".opus","48574"
"Voice\nanana_0055.opus",".opus","68486"
"Voice\nanana_0056.opus",".opus","24170"
"Voice\nanana_0057.opus",".opus","4582"
"Voice\nanana_0058.opus",".opus","3828"
"Voice\nanana_0059.opus",".opus","11548"
"Voice\nanana_0060.opus",".opus","5153"
"Voice\nanana_0061.opus",".opus","6552"
"Voice\nanana_0062.opus",".opus","63843"
"Voice\nanana_0063.opus",".opus","22283"
"Voice\nanana_0064.opus",".opus","4227"
"Voice\nanana_0065.opus",".opus","13230"
"Voice\nanana_0066.opus",".opus","19072"
"Voice\nanana_0067.opus",".opus","12016"
"Voice\nanana_0068.opus",".opus","39440"
"Voice\nanana_0069.opus",".opus","51179"
"Voice\nanana_0070.opus",".opus","4554"
"Voice\nanana_0071.opus",".opus","21787"
"Voice\nanana_0072.opus",".opus","12810"
"Voice\nanana_0073.opus",".opus","24806"
"Voice\nanana_0074.opus",".opus","54165"
"Voice\nanana_0075.opus",".opus","4203"
"Voice\nanana_0076.opus",".opus","14518"
"Voice\nanana_0077.opus",".opus","44925"
"Voice\nanana_0078.opus",".opus","85890"
"Voice\nanana_0079.opus",".opus","14218"
"Voice\nanana_0080.opus",".opus","69816"
"Voice\nanana_0081.opus",".opus","6268"
"Voice\nanana_0082.opus",".opus","87609"
"Voice\nanana_0083.opus",".opus","54324"
"Voice\nanana_0084.opus",".opus","81067"
"Voice\nanana_0085.opus",".opus","116718"
"Voice\nanana_0086.opus",".opus","72425"
"Voice\nanana_0087.opus",".opus","11780"
"Voice\nanana_0088.opus",".opus","23146"
"Voice\nanana_0089.opus",".opus","22585"
"Voice\nanana_0090.opus",".opus","44460"
"Voice\nanana_0091.opus",".opus","43344"
"Voice\nanana_0092.opus",".opus","41630"
"Voice\nanana_0093.opus",".opus","20513"
"Voice\nanana_0094.opus",".opus","5159"
"Voice\nanana_0095.opus",".opus","10650"
"Voice\nanana_0096.opus",".opus","17481"
"Voice\nanana_0097.opus",".opus","73359"
"Voice\nanana_0098.opus",".opus","49568"
"Voice\nanana_0099.opus",".opus","5585"
"Voice\nanana_0100.opus",".opus","48438"
"Voice\nanana_0101.opus",".opus","19760"
"Voice\nanana_0102.opus",".opus","38339"
"Voice\nanana_0103.opus",".opus","5425"
"Voice\nanana_0104.opus",".opus","14890"
"Voice\nanana_0105.opus",".opus","50202"
"Voice\nanana_0106.opus",".opus","56059"
"Voice\nanana_0107.opus",".opus","49920"
"Voice\nanana_0108.opus",".opus","51811"
"Voice\nanana_0109.opus",".opus","113088"
"Voice\nanana_0110.opus",".opus","108876"
"Voice\nanana_0111.opus",".opus","79634"
"Voice\nanana_0112.opus",".opus","52550"
"Voice\nanana_0113.opus",".opus","5765"
"Voice\nanana_0114.opus",".opus","73338"
"Voice\nanana_0115.opus",".opus","69611"
"Voice\nanana_0116.opus",".opus","67194"
"Voice\nanana_0117.opus",".opus","5977"
"Voice\nanana_0118.opus",".opus","5123"
"Voice\nanana_0119.opus",".opus","23522"
"Voice\nanana_0120.opus",".opus","14656"
"Voice\nanana_0121.opus",".opus","17096"
"Voice\nanana_0122.opus",".opus","34626"
"Voice\nanana_0123.opus",".opus","12900"
"Voice\nanana_0124.opus",".opus","5316"
"Voice\nanana_0125.opus",".opus","26162"
"Voice\nanana_0126.opus",".opus","7571"
"Voice\nanana_0127.opus",".opus","36403"
"Voice\nanana_0128.opus",".opus","31711"
"Voice\nanana_0129.opus",".opus","28845"
"Voice\nanana_0130.opus",".opus","62281"
"Voice\nanana_0131.opus",".opus","25737"
"Voice\nanana_0132.opus",".opus","21836"
"Voice\nanana_0133.opus",".opus","41807"
"Voice\nanana_0134.opus",".opus","37411"
"Voice\nanana_0135.opus",".opus","13104"
"Voice\nanana_0136.opus",".opus","41348"
"Voice\nanana_0137.opus",".opus","71830"
"Voice\nanana_0138.opus",".opus","108420"
"Voice\nanana_0139.opus",".opus","10874"
"Voice\nanana_0140.opus",".opus","39362"
"Voice\nanana_0141.opus",".opus","8239"
"Voice\nanana_0142.opus",".opus","22457"
"Voice\nanana_0143.opus",".opus","14373"
"Voice\nanana_0144.opus",".opus","76934"
"Voice\nanana_0145.opus",".opus","10460"
"Voice\nanana_0146.opus",".opus","66292"
"Voice\nanana_0147.opus",".opus","110910"
"Voice\nanana_0148.opus",".opus","60938"
"Voice\nanana_0149.opus",".opus","25596"
"Voice\nanana_0150.opus",".opus","29432"
"Voice\nanana_0151.opus",".opus","26982"
"Voice\nanana_0152.opus",".opus","23533"
"Voice\nanana_0153.opus",".opus","5193"
"Voice\nanana_0154.opus",".opus","9573"
"Voice\nanana_0155.opus",".opus","19826"
"Voice\nanana_0156.opus",".opus","49963"
"Voice\nanana_0157.opus",".opus","13982"
"Voice\nanana_0158.opus",".opus","19009"
"Voice\nanana_0159.opus",".opus","22993"
"Voice\nanana_0160.opus",".opus","4398"
"Voice\nanana_0161.opus",".opus","3778"
"Voice\nanana_0162.opus",".opus","29777"
"Voice\nanana_0163.opus",".opus","55916"
"Voice\nanana_0164.opus",".opus","50167"
"Voice\nanana_0165.opus",".opus","64362"
"Voice\nanana_0166.opus",".opus","3761"
"Voice\nanana_0167.opus",".opus","10149"
"Voice\nanana_0168.opus",".opus","10948"
"Voice\nanana_0169.opus",".opus","18134"
"Voice\nanana_0170.opus",".opus","14413"
"Voice\nanana_0171.opus",".opus","16984"
"Voice\nanana_0172.opus",".opus","11304"
"Voice\nanana_0173.opus",".opus","10219"
"Voice\nanana_0174.opus",".opus","30634"
"Voice\nanana_0175.opus",".opus","7007"
"Voice\nanana_0176.opus",".opus","26957"
"Voice\nanana_0177.opus",".opus","20008"
"Voice\nanana_0178.opus",".opus","58961"
"Voice\nanana_0179.opus",".opus","53521"
"Voice\nanana_0180.opus",".opus","18419"
"Voice\nanana_0181.opus",".opus","21435"
"Voice\nanana_0182.opus",".opus","66557"
"Voice\nanana_0183.opus",".opus","12649"
"Voice\nanana_0184.opus",".opus","53961"
"Voice\nanana_0185.opus",".opus","51393"
"Voice\nanana_0186.opus",".opus","19778"
"Voice\nanana_0187.opus",".opus","37325"
"Voice\nanana_0188.opus",".opus","10277"
"Voice\nanana_0189.opus",".opus","77780"
"Voice\nanana_0190.opus",".opus","3962"
"Voice\nanana_0191.opus",".opus","12228"
"Voice\nanana_0192.opus",".opus","39379"
"Voice\nanana_0193.opus",".opus","17624"
"Voice\nanana_0194.opus",".opus","3551"
"Voice\nanana_0195.opus",".opus","14114"
"Voice\nanana_0196.opus",".opus","88745"
"Voice\nanana_0197.opus",".opus","36251"
"Voice\nanana_0198.opus",".opus","21171"
"Voice\nanana_0199.opus",".opus","9610"
"Voice\nanana_0200.opus",".opus","95615"
"Voice\nanana_0201.opus",".opus","83754"
"Voice\nanana_0202.opus",".opus","24472"
"Voice\nanana_0203.opus",".opus","40342"
"Voice\nanana_0204.opus",".opus","26316"
"Voice\nanana_0205.opus",".opus","91144"
"Voice\nanana_0206.opus",".opus","23118"
"Voice\nanana_0207.opus",".opus","161616"
"Voice\nanana_0208.opus",".opus","26860"
"Voice\nanana_0209.opus",".opus","51610"
"Voice\nanana_0210.opus",".opus","79686"
"Voice\nanana_0211.opus",".opus","85126"
"Voice\nanana_0212.opus",".opus","36173"
"Voice\nanana_0213.opus",".opus","50210"
"Voice\nanana_0214.opus",".opus","40275"
"Voice\nanana_0215.opus",".opus","203912"
"Voice\nanana_0216.opus",".opus","51907"
"Voice\nanana_0217.opus",".opus","58971"
"Voice\nanana_0218.opus",".opus","77036"
"Voice\nanana_0219.opus",".opus","15868"
"Voice\nanana_0220.opus",".opus","38530"
"Voice\nanana_0221.opus",".opus","4603"
"Voice\nanana_0222.opus",".opus","20639"
"Voice\nanana_0223.opus",".opus","9739"
"Voice\nanana_0224.opus",".opus","16195"
"Voice\nanana_0225.opus",".opus","71966"
"Voice\nanana_0226.opus",".opus","15293"
"Voice\nanana_0227.opus",".opus","113021"
"Voice\nanana_0228.opus",".opus","61253"
"Voice\nanana_0229.opus",".opus","5063"
"Voice\nanana_0230.opus",".opus","12130"
"Voice\nanana_0231.opus",".opus","47064"
"Voice\nanana_0232.opus",".opus","89480"
"Voice\nanana_0233.opus",".opus","18012"
"Voice\nanana_0234.opus",".opus","105921"
"Voice\nanana_0235.opus",".opus","15457"
"Voice\nanana_0236.opus",".opus","121755"
"Voice\nanana_0237.opus",".opus","13041"
"Voice\nanana_0238.opus",".opus","21744"
"Voice\nanana_0239.opus",".opus","74300"
"Voice\nanana_0240.opus",".opus","4346"
"Voice\nanana_0241.opus",".opus","45208"
"Voice\nanana_0242.opus",".opus","35983"
"Voice\nanana_0243.opus",".opus","12940"
"Voice\nanana_0244.opus",".opus","5014"
"Voice\nanana_0245.opus",".opus","59621"
"Voice\nanana_0246.opus",".opus","11803"
"Voice\nanana_0247.opus",".opus","45473"
"Voice\nanana_0248.opus",".opus","7926"
"Voice\nanana_0249.opus",".opus","3747"
"Voice\nanana_0250.opus",".opus","42813"
"Voice\nanana_0251.opus",".opus","35422"
"Voice\nanana_0252.opus",".opus","53410"
"Voice\nanana_0253.opus",".opus","3592"
"Voice\nanana_0254.opus",".opus","45924"
"Voice\nanana_0255.opus",".opus","3945"
"Voice\nanana_0256.opus",".opus","34723"
"Voice\nanana_0257.opus",".opus","10488"
"Voice\nanana_0258.opus",".opus","11371"
"Voice\nanana_0259.opus",".opus","14800"
"Voice\nanana_0260.opus",".opus","41085"
"Voice\nanana_0261.opus",".opus","10278"
"Voice\nanana_0262.opus",".opus","10952"
"Voice\nanana_0263.opus",".opus","12274"
"Voice\nanana_0264.opus",".opus","21801"
"Voice\nanana_0265.opus",".opus","86007"
"Voice\nanana_0266.opus",".opus","66780"
"Voice\nanana_0267.opus",".opus","98205"
"Voice\nanana_0268.opus",".opus","15083"
"Voice\nanana_0269.opus",".opus","36010"
"Voice\nanana_0270.opus",".opus","23687"
"Voice\nanana_0271.opus",".opus","21573"
"Voice\nanana_0272.opus",".opus","22654"
"Voice\nanana_0273.opus",".opus","107332"
"Voice\nanana_0274.opus",".opus","117450"
"Voice\nanana_0275.opus",".opus","126899"
"Voice\nanana_0276.opus",".opus","61456"
"Voice\nanana_0277.opus",".opus","108772"
"Voice\nanana_0278.opus",".opus","20800"
"Voice\nanana_0279.opus",".opus","12075"
"Voice\nanana_0280.opus",".opus","71026"
"Voice\nanana_0284.opus",".opus","85226"
"Voice\nanana_0285.opus",".opus","8423"
"Voice\nanana_0286.opus",".opus","38844"
"Voice\nanana_0287.opus",".opus","34854"
"Voice\nanana_0288.opus",".opus","53307"
"Voice\nanana_0289.opus",".opus","139691"
"Voice\nanana_0290.opus",".opus","88406"
"Voice\nanana_0291.opus",".opus","37089"
"Voice\nanana_0292.opus",".opus","50779"
"Voice\nanana_0293a.opus",".opus","12778"
"Voice\nanana_0293b.opus",".opus","27092"
"Voice\nanana_0294.opus",".opus","50566"
"Voice\nanana_0295.opus",".opus","52478"
"Voice\nanana_0296.opus",".opus","16789"
"Voice\nanana_0297.opus",".opus","10096"
"Voice\nanana_0298.opus",".opus","97824"
"Voice\nanana_0299.opus",".opus","7910"
"Voice\nanana_0300.opus",".opus","58996"
"Voice\nanana_0301.opus",".opus","18486"
"Voice\nanana_0302.opus",".opus","39254"
"Voice\nanana_0303.opus",".opus","19069"
"Voice\nanana_0304.opus",".opus","30438"
"Voice\nanana_0305.opus",".opus","38333"
"Voice\nanana_0306.opus",".opus","48894"
"Voice\nanana_0307.opus",".opus","17140"
"Voice\nanana_0308.opus",".opus","8232"
"Voice\nanana_0309.opus",".opus","49422"
"Voice\nanana_0310.opus",".opus","66009"
"Voice\nanana_0311.opus",".opus","44739"
"Voice\nanana_0312.opus",".opus","16799"
"Voice\nanana_0313.opus",".opus","70505"
"Voice\nanana_0314.opus",".opus","57158"
"Voice\nanana_0315.opus",".opus","38022"
"Voice\nanana_0316.opus",".opus","24196"
"Voice\nanana_0317.opus",".opus","29964"
"Voice\nanana_0318.opus",".opus","29060"
"Voice\nanana_0319.opus",".opus","32607"
"Voice\nanana_0320.opus",".opus","9687"
"Voice\nanana_0321.opus",".opus","9948"
"Voice\nanana_0322.opus",".opus","64248"
"Voice\nanana_0323.opus",".opus","33856"
"Voice\nanana_0324.opus",".opus","67377"
"Voice\nanana_0326.opus",".opus","41218"
"Voice\nanana_0327.opus",".opus","22649"
"Voice\nanana_0328.opus",".opus","19763"
"Voice\nanana_0329.opus",".opus","39755"
"Voice\nanana_0330.opus",".opus","35967"
"Voice\nanana_0331.opus",".opus","8235"
"Voice\nanana_0332.opus",".opus","11126"
"Voice\nanana_0333.opus",".opus","79844"
"Voice\nanana_0334.opus",".opus","53249"
"Voice\nanana_0335.opus",".opus","36722"
"Voice\nanana_0336.opus",".opus","34758"
"Voice\nanana_0337.opus",".opus","45768"
"Voice\nanana_0338.opus",".opus","17534"
"Voice\nanana_0339.opus",".opus","43639"
"Voice\nanana_0340.opus",".opus","60406"
"Voice\nanana_0341.opus",".opus","5603"
"Voice\nanana_0342.opus",".opus","44986"
"Voice\nanana_0343.opus",".opus","26802"
"Voice\nanana_0344.opus",".opus","35830"
"Voice\nanana_0345.opus",".opus","62131"
"Voice\nanana_0346.opus",".opus","13635"
"Voice\nanana_0347.opus",".opus","101952"
"Voice\nanana_0348.opus",".opus","17579"
"Voice\nanana_0349.opus",".opus","19755"
"Voice\nanana_0350.opus",".opus","51645"
"Voice\nanana_0351.opus",".opus","143075"
"Voice\nanana_0352.opus",".opus","119811"
"Voice\nanana_0353.opus",".opus","14095"
"Voice\nanana_0354.opus",".opus","10473"
"Voice\nanana_0355.opus",".opus","84771"
"Voice\nanana_0356.opus",".opus","111629"
"Voice\nanana_0357.opus",".opus","9374"
"Voice\nanana_0358.opus",".opus","105045"
"Voice\nanana_0359.opus",".opus","117647"
"Voice\nanana_0360.opus",".opus","27854"
"Voice\nanana_0361.opus",".opus","106444"
"Voice\nanana_0362.opus",".opus","47926"
"Voice\nanana_0363.opus",".opus","44817"
"Voice\nanana_0364.opus",".opus","4461"
"Voice\nanana_0365.opus",".opus","57653"
"Voice\nanana_0366.opus",".opus","70215"
"Voice\nanana_0367.opus",".opus","48489"
"Voice\nanana_0368.opus",".opus","90678"
"Voice\nanana_0369.opus",".opus","30496"
"Voice\nanana_0370.opus",".opus","4678"
"Voice\nanana_0371.opus",".opus","17668"
"Voice\nanana_0372.opus",".opus","24302"
"Voice\nanana_0373.opus",".opus","11912"
"Voice\nanana_0374.opus",".opus","9350"
"Voice\nanana_0375.opus",".opus","9296"
"Voice\nanana_0376.opus",".opus","30529"
"Voice\nanana_0377.opus",".opus","48239"
"Voice\nanana_0378.opus",".opus","37610"
"Voice\nanana_0379.opus",".opus","32844"
"Voice\nanana_0380.opus",".opus","34972"
"Voice\nanana_0381.opus",".opus","72749"
"Voice\nanana_0382.opus",".opus","24234"
"Voice\nanana_0383.opus",".opus","21133"
"Voice\nanana_0384.opus",".opus","37219"
"Voice\nanana_0385.opus",".opus","32950"
"Voice\nanana_0386.opus",".opus","42629"
"Voice\nanana_0387.opus",".opus","44634"
"Voice\nanana_0388.opus",".opus","16019"
"Voice\nanana_0389.opus",".opus","9051"
"Voice\nanana_0390.opus",".opus","4618"
"Voice\nanana_0391.opus",".opus","9158"
"Voice\nanana_0392.opus",".opus","32831"
"Voice\nanana_0393.opus",".opus","54095"
"Voice\nanana_0394.opus",".opus","39745"
"Voice\nanana_0395.opus",".opus","6634"
"Voice\nanana_0396.opus",".opus","3883"
"Voice\nanana_0397.opus",".opus","9277"
"Voice\nanana_0398.opus",".opus","7284"
"Voice\nanana_0399.opus",".opus","20221"
"Voice\nanana_0400.opus",".opus","50083"
"Voice\nanana_0401.opus",".opus","26892"
"Voice\nanana_0402.opus",".opus","8466"
"Voice\nanana_0403.opus",".opus","12297"
"Voice\nanana_0404.opus",".opus","29545"
"Voice\nanana_0406.opus",".opus","17556"
"Voice\nanana_0407.opus",".opus","23892"
"Voice\nanana_0408.opus",".opus","12756"
"Voice\nanana_0409.opus",".opus","11694"
"Voice\nanana_0410.opus",".opus","38733"
"Voice\nanana_0411.opus",".opus","23969"
"Voice\nanana_0412.opus",".opus","5664"
"Voice\nanana_0413.opus",".opus","17960"
"Voice\nanana_0414.opus",".opus","38183"
"Voice\nanana_0415.opus",".opus","46383"
"Voice\nanana_0416.opus",".opus","75039"
"Voice\nanana_0417.opus",".opus","38612"
"Voice\nanana_0418.opus",".opus","85888"
"Voice\nanana_0419.opus",".opus","20254"
"Voice\nanana_0420.opus",".opus","63767"
"Voice\nanana_0421.opus",".opus","61463"
"Voice\nanana_0422.opus",".opus","86580"
"Voice\nanana_0423.opus",".opus","9491"
"Voice\nanana_0424.opus",".opus","9696"
"Voice\nanana_0425.opus",".opus","32296"
"Voice\nanana_0426.opus",".opus","34143"
"Voice\nanana_0427.opus",".opus","37868"
"Voice\nanana_0428.opus",".opus","6575"
"Voice\nanana_0429.opus",".opus","9444"
"Voice\nanana_0430.opus",".opus","9442"
"Voice\nanana_0431.opus",".opus","41881"
"Voice\nanana_0432.opus",".opus","3875"
"Voice\nanana_0433.opus",".opus","58651"
"Voice\nanana_0434.opus",".opus","62498"
"Voice\nanana_0435.opus",".opus","72466"
"Voice\nanana_0436.opus",".opus","30282"
"Voice\nanana_0437.opus",".opus","62319"
"Voice\nanana_0438.opus",".opus","59654"
"Voice\nanana_0439.opus",".opus","40029"
"Voice\nanana_0440.opus",".opus","100558"
"Voice\nanana_0441.opus",".opus","184014"
"Voice\nanana_0442.opus",".opus","115491"
"Voice\nanana_0443.opus",".opus","3719"
"Voice\nanana_0444.opus",".opus","15866"
"Voice\nanana_0445.opus",".opus","83296"
"Voice\nanana_0446.opus",".opus","94296"
"Voice\nanana_0447.opus",".opus","13660"
"Voice\nanana_0448.opus",".opus","67965"
"Voice\nanana_0449.opus",".opus","15953"
"Voice\nanana_0450.opus",".opus","33603"
"Voice\nanana_0451.opus",".opus","33049"
"Voice\nanana_0452.opus",".opus","35579"
"Voice\nanana_0453.opus",".opus","13798"
"Voice\nanana_0454.opus",".opus","16353"
"Voice\nanana_0455.opus",".opus","25392"
"Voice\nanana_0456.opus",".opus","33716"
"Voice\nanana_0457.opus",".opus","17907"
"Voice\nanana_0458.opus",".opus","28606"
"Voice\nanana_0459.opus",".opus","7707"
"Voice\nanana_0460.opus",".opus","8114"
"Voice\nanana_0461.opus",".opus","12541"
"Voice\nanana_0462.opus",".opus","19176"
"Voice\nanana_0463.opus",".opus","31141"
"Voice\nanana_0464.opus",".opus","22975"
"Voice\nanana_0465.opus",".opus","24158"
"Voice\nanana_0466.opus",".opus","111537"
"Voice\nanana_0467.opus",".opus","109790"
"Voice\nanana_0468.opus",".opus","63476"
"Voice\nanana_0469.opus",".opus","29456"
"Voice\nanana_0470.opus",".opus","78879"
"Voice\nanana_0471.opus",".opus","95741"
"Voice\nanana_0472.opus",".opus","20141"
"Voice\nanana_0473.opus",".opus","70515"
"Voice\nanana_0474.opus",".opus","9234"
"Voice\nanana_0475.opus",".opus","14170"
"Voice\nanana_0476.opus",".opus","44880"
"Voice\nanana_0477.opus",".opus","39808"
"Voice\nanana_0478.opus",".opus","23218"
"Voice\nanana_0479.opus",".opus","93514"
"Voice\nanana_0480.opus",".opus","13323"
"Voice\nanana_0481.opus",".opus","12985"
"Voice\nanana_0482.opus",".opus","39645"
"Voice\nanana_0483.opus",".opus","29516"
"Voice\nanana_0484.opus",".opus","32977"
"Voice\nanana_0485.opus",".opus","4000"
"Voice\nanana_0486.opus",".opus","45270"
"Voice\nanana_0487.opus",".opus","80775"
"Voice\nanana_0488.opus",".opus","16813"
"Voice\nanana_0489.opus",".opus","4760"
"Voice\nanana_0490.opus",".opus","28817"
"Voice\nanana_0491.opus",".opus","17226"
"Voice\nanana_0492.opus",".opus","74590"
"Voice\nanana_0493.opus",".opus","46378"
"Voice\nanana_0494.opus",".opus","36225"
"Voice\nanana_0495.opus",".opus","30524"
"Voice\nanana_0496.opus",".opus","45747"
"Voice\nanana_0497.opus",".opus","36571"
"Voice\nanana_0498.opus",".opus","33481"
"Voice\nanana_0499.opus",".opus","22971"
"Voice\nanana_0500.opus",".opus","39846"
"Voice\nanana_0501.opus",".opus","36088"
"Voice\nanana_0502.opus",".opus","16483"
"Voice\nanana_0503.opus",".opus","10386"
"Voice\nanana_0504.opus",".opus","49401"
"Voice\nanana_0505.opus",".opus","10087"
"Voice\nanana_0506.opus",".opus","39451"
"Voice\nanana_0507.opus",".opus","61335"
"Voice\nanana_0508.opus",".opus","10542"
"Voice\nanana_0509.opus",".opus","12111"
"Voice\nanana_0510.opus",".opus","26220"
"Voice\nanana_0511.opus",".opus","31466"
"Voice\nanana_0512.opus",".opus","30383"
"Voice\nanana_0513.opus",".opus","17112"
"Voice\nanana_0514.opus",".opus","18986"
"Voice\nanana_0515.opus",".opus","154943"
"Voice\nanana_0516.opus",".opus","70927"
"Voice\nanana_0517.opus",".opus","98361"
"Voice\nanana_0518.opus",".opus","77786"
"Voice\nanana_0519.opus",".opus","71000"
"Voice\nanana_0521.opus",".opus","65046"
"Voice\nanana_0522.opus",".opus","89273"
"Voice\nanana_0523.opus",".opus","26937"
"Voice\nanana_0524.opus",".opus","87307"
"Voice\nanana_0525.opus",".opus","32220"
"Voice\nanana_0526.opus",".opus","51856"
"Voice\nanana_0527.opus",".opus","7855"
"Voice\nanana_0528.opus",".opus","10278"
"Voice\nanana_0529.opus",".opus","79684"
"Voice\nanana_0530.opus",".opus","58207"
"Voice\nanana_0531.opus",".opus","107157"
"Voice\nanana_0532.opus",".opus","28337"
"Voice\nanana_0533.opus",".opus","38727"
"Voice\nanana_0534.opus",".opus","40965"
"Voice\nanana_0535.opus",".opus","48471"
"Voice\nanana_0536.opus",".opus","95435"
"Voice\nanana_0537.opus",".opus","9783"
"Voice\nanana_0538.opus",".opus","10174"
"Voice\nanana_0539.opus",".opus","89517"
"Voice\nanana_0540.opus",".opus","3969"
"Voice\nanana_0541.opus",".opus","12568"
"Voice\nanana_0542.opus",".opus","26620"
"Voice\nanana_0543.opus",".opus","10399"
"Voice\nanana_0544.opus",".opus","28612"
"Voice\nanana_0545.opus",".opus","56051"
"Voice\nanana_0546.opus",".opus","7558"
"Voice\nanana_0547.opus",".opus","36515"
"Voice\nanana_0548.opus",".opus","9151"
"Voice\nanana_0549.opus",".opus","27212"
"Voice\nanana_0550.opus",".opus","24361"
"Voice\nanana_0551.opus",".opus","38579"
"Voice\nanana_0552.opus",".opus","10563"
"Voice\nanana_0553.opus",".opus","68443"
"Voice\nanana_0554.opus",".opus","4326"
"Voice\nanana_0555.opus",".opus","62026"
"Voice\nanana_0556.opus",".opus","54486"
"Voice\nanana_0557.opus",".opus","49240"
"Voice\nanana_0558.opus",".opus","27064"
"Voice\nanana_0559.opus",".opus","47131"
"Voice\nanana_0560.opus",".opus","17079"
"Voice\nanana_0561.opus",".opus","35174"
"Voice\nanana_0562.opus",".opus","58952"
"Voice\nanana_0563.opus",".opus","42291"
"Voice\nanana_0564.opus",".opus","98480"
"Voice\nanana_0565.opus",".opus","40821"
"Voice\nanana_0566.opus",".opus","27995"
"Voice\nanana_0567.opus",".opus","22158"
"Voice\nanana_0568.opus",".opus","51994"
"Voice\nanana_0569.opus",".opus","15573"
"Voice\nanana_0570.opus",".opus","33875"
"Voice\nanana_0571.opus",".opus","8122"
"Voice\nanana_0572.opus",".opus","35453"
"Voice\nanana_0573.opus",".opus","37421"
"Voice\nanana_0574.opus",".opus","9828"
"Voice\nanana_0575.opus",".opus","6415"
"Voice\nanana_0576.opus",".opus","71302"
"Voice\nanana_0577.opus",".opus","3971"
"Voice\nanana_0578.opus",".opus","24440"
"Voice\nanana_0579.opus",".opus","15356"
"Voice\nanana_0580.opus",".opus","13740"
"Voice\nanana_0581.opus",".opus","5798"
"Voice\nanana_0582.opus",".opus","47793"
"Voice\nanana_0583.opus",".opus","32973"
"Voice\nanana_0584.opus",".opus","73246"
"Voice\nanana_0585.opus",".opus","67765"
"Voice\nanana_0586.opus",".opus","34438"
"Voice\nanana_0587.opus",".opus","82489"
"Voice\nanana_0588.opus",".opus","12634"
"Voice\nanana_0589.opus",".opus","25700"
"Voice\nanana_0590.opus",".opus","64576"
"Voice\nanana_0591.opus",".opus","14711"
"Voice\nanana_0592.opus",".opus","68563"
"Voice\nanana_0593.opus",".opus","50849"
"Voice\nanana_0594.opus",".opus","5655"
"Voice\nanana_0595.opus",".opus","22739"
"Voice\nanana_0596.opus",".opus","15673"
"Voice\nanana_0597.opus",".opus","49451"
"Voice\nanana_0598.opus",".opus","10917"
"Voice\nanana_0599.opus",".opus","19660"
"Voice\nanana_0600.opus",".opus","59080"
"Voice\nanana_0601.opus",".opus","22698"
"Voice\nanana_0602.opus",".opus","13866"
"Voice\nanana_0603.opus",".opus","10972"
"Voice\nanana_0604.opus",".opus","96625"
"Voice\nanana_0605.opus",".opus","76341"
"Voice\nanana_0606.opus",".opus","4828"
"Voice\nanana_0695.opus",".opus","45955"
"Voice\nanana_0701.opus",".opus","13837"
"Voice\nanana_0704.opus",".opus","79561"
"Voice\nanana_0705.opus",".opus","64363"
"Voice\nanana_0706.opus",".opus","12388"
"Voice\nanana_0707.opus",".opus","112570"
"Voice\nanana_0708.opus",".opus","95807"
"Voice\nanana_0709.opus",".opus","102170"
"Voice\nanana_0710.opus",".opus","51901"
"Voice\nanana_0711.opus",".opus","89400"
"Voice\nanana_0712.opus",".opus","22851"
"Voice\nanana_0713.opus",".opus","23828"
"Voice\nanana_0714.opus",".opus","28565"
"Voice\nanana_0715.opus",".opus","6591"
"Voice\nanana_0716.opus",".opus","49171"
"Voice\nanana_0717.opus",".opus","32749"
"Voice\nanana_0718.opus",".opus","8961"
"Voice\nanana_0719.opus",".opus","45323"
"Voice\nanana_0720.opus",".opus","22446"
"Voice\nanana_0721.opus",".opus","10419"
"Voice\nanana_0722.opus",".opus","39822"
"Voice\nanana_0723.opus",".opus","79487"
"Voice\nanana_0724.opus",".opus","27544"
"Voice\nanana_0725.opus",".opus","14614"
"Voice\nanana_0726.opus",".opus","31297"
"Voice\nanana_0727.opus",".opus","55451"
"Voice\nanana_0728.opus",".opus","13063"
"Voice\nanana_0729.opus",".opus","92108"
"Voice\nanana_0730.opus",".opus","13555"
"Voice\nanana_0731.opus",".opus","81595"
"Voice\nanana_0732.opus",".opus","82567"
"Voice\nanana_0733.opus",".opus","36571"
"Voice\nanana_0734.opus",".opus","13736"
"Voice\nanana_0735.opus",".opus","157575"
"Voice\nanana_0736.opus",".opus","79488"
"Voice\nanana_0737.opus",".opus","100213"
"Voice\nanana_0738.opus",".opus","17125"
"Voice\nanana_0739.opus",".opus","131843"
"Voice\nanana_0740.opus",".opus","38992"
"Voice\nanana_0741.opus",".opus","100499"
"Voice\nanana_0742.opus",".opus","31812"
"Voice\nanana_0743.opus",".opus","54817"
"Voice\nanana_0744.opus",".opus","28714"
"Voice\nanana_0745.opus",".opus","21487"
"Voice\nanana_0746.opus",".opus","22572"
"Voice\nanana_0747.opus",".opus","37724"
"Voice\nanana_0748.opus",".opus","7042"
"Voice\nanana_0749.opus",".opus","13034"
"Voice\nanana_0750.opus",".opus","53826"
"Voice\nanana_0751.opus",".opus","14889"
"Voice\nanana_0752.opus",".opus","10591"
"Voice\nanana_0753.opus",".opus","77819"
"Voice\nanana_0754.opus",".opus","62745"
"Voice\nanana_0755.opus",".opus","7805"
"Voice\nanana_0756.opus",".opus","9695"
"Voice\nanana_0757.opus",".opus","43045"
"Voice\nanana_0758.opus",".opus","35065"
"Voice\nanana_0759.opus",".opus","15898"
"Voice\nanana_0760.opus",".opus","10074"
"Voice\nanana_0761.opus",".opus","34216"
"Voice\nanana_0804.opus",".opus","14350"
"Voice\nanana_0805.opus",".opus","21463"
"Voice\nanana_0806.opus",".opus","15427"
"Voice\nanana_0807.opus",".opus","46276"
"Voice\nanana_0808.opus",".opus","88967"
"Voice\nanana_0809.opus",".opus","78092"
"Voice\nanana_0810.opus",".opus","28938"
"Voice\nanana_0811.opus",".opus","56004"
"Voice\nanana_0812.opus",".opus","77302"
"Voice\nanana_0813.opus",".opus","17650"
"Voice\nanana_0814.opus",".opus","161589"
"Voice\nanana_0815.opus",".opus","99230"
"Voice\nanana_0816.opus",".opus","63769"
"Voice\nanana_0817.opus",".opus","76111"
"Voice\nanana_0818.opus",".opus","18061"
"Voice\nanana_0819.opus",".opus","34954"
"Voice\nanana_0820.opus",".opus","39895"
"Voice\nanana_0821.opus",".opus","66267"
"Voice\nanana_0822.opus",".opus","46566"
"Voice\nanana_0823.opus",".opus","6742"
"Voice\nanana_0914.opus",".opus","15957"
"Voice\nanana_0915.opus",".opus","31247"
"Voice\nanana_0916.opus",".opus","38471"
"Voice\nanana_0917.opus",".opus","7495"
"Voice\nanana_0918.opus",".opus","24104"
"Voice\nanana_0919.opus",".opus","52182"
"Voice\nanana_0920.opus",".opus","61867"
"Voice\nanana_0921.opus",".opus","22159"
"Voice\nanana_0922.opus",".opus","23458"
"Voice\nanana_0923.opus",".opus","29734"
"Voice\nanana_0924.opus",".opus","34952"
"Voice\nanana_0925.opus",".opus","47240"
"Voice\nanana_0926.opus",".opus","26881"
"Voice\nanana_0927.opus",".opus","21875"
"Voice\nanana_0928.opus",".opus","20397"
"Voice\nanana_0929.opus",".opus","85721"
"Voice\nanana_0930.opus",".opus","124596"
"Voice\nanana_0931.opus",".opus","18897"
"Voice\nanana_0932.opus",".opus","28091"
"Voice\nanana_0933.opus",".opus","65561"
"Voice\nanana_0934.opus",".opus","46711"
"Voice\nanana_0935.opus",".opus","35686"
"Voice\nanana_0936.opus",".opus","55360"
"Voice\nanana_0937.opus",".opus","58563"
"Voice\nanana_0938.opus",".opus","61151"
"Voice\nanana_0939.opus",".opus","7138"
"Voice\nanana_0940.opus",".opus","17336"
"Voice\nanana_0941.opus",".opus","38037"
"Voice\nanana_0942.opus",".opus","45154"
"Voice\nanana_0943.opus",".opus","22329"
"Voice\nanana_0944.opus",".opus","41848"
"Voice\nanana_0945.opus",".opus","9436"
"Voice\nanana_0946.opus",".opus","21542"
"Voice\nanana_0947.opus",".opus","51770"
"Voice\nanana_0948.opus",".opus","91205"
"Voice\nanana_0949.opus",".opus","86485"
"Voice\nanana_0950.opus",".opus","134463"
"Voice\nanana_0951.opus",".opus","24891"
"Voice\nanana_0952.opus",".opus","36144"
"Voice\nanana_0953.opus",".opus","55823"
"Voice\nanana_0954.opus",".opus","30619"
"Voice\nanana_0955.opus",".opus","104718"
"Voice\nanana_0956.opus",".opus","165136"
"Voice\nanana_0957.opus",".opus","141365"
"Voice\nanana_0958.opus",".opus","7723"
"Voice\nanana_0959.opus",".opus","66720"
"Voice\nanana_0960.opus",".opus","77607"
"Voice\nanana_0961.opus",".opus","13239"
"Voice\nanana_0962.opus",".opus","105816"
"Voice\nanana_0963.opus",".opus","8654"
"Voice\nanana_0964.opus",".opus","92337"
"Voice\nanana_0965.opus",".opus","69046"
"Voice\nanana_0966.opus",".opus","108312"
"Voice\nanana_0967.opus",".opus","49443"
"Voice\nanana_0968.opus",".opus","80823"
"Voice\nanana_0969.opus",".opus","5568"
"Voice\nanana_0970.opus",".opus","54496"
"Voice\nanana_0971.opus",".opus","88948"
"Voice\nanana_0972.opus",".opus","36856"
"Voice\nanana_0973.opus",".opus","63819"
"Voice\nanana_0974.opus",".opus","14300"
"Voice\nanana_0975.opus",".opus","181573"
"Voice\nanana_0976.opus",".opus","48077"
"Voice\nanana_0977.opus",".opus","152799"
"Voice\nanana_0978.opus",".opus","9120"
"Voice\nanana_0979.opus",".opus","184746"
"Voice\nanana_0980.opus",".opus","53948"
"Voice\nanana_0981.opus",".opus","36230"
"Voice\nanana_0982a.opus",".opus","24509"
"Voice\nanana_0982b.opus",".opus","60448"
"Voice\nanana_0983.opus",".opus","53710"
"Voice\nanana_0984.opus",".opus","154703"
"Voice\nanana_0985.opus",".opus","31216"
"Voice\nanana_0986.opus",".opus","41007"
"Voice\nanana_0987.opus",".opus","108393"
"Voice\nanana_0988.opus",".opus","58004"
"Voice\nanana_0989.opus",".opus","52080"
"Voice\nanana_0990.opus",".opus","44918"
"Voice\nanana_0991.opus",".opus","5174"
"Voice\nanana_0992.opus",".opus","27201"
"Voice\nanana_0993.opus",".opus","41039"
"Voice\nanana_0994.opus",".opus","107161"
"Voice\nanana_0995.opus",".opus","116351"
"Voice\nanana_0997.opus",".opus","35154"
"Voice\nanana_0998.opus",".opus","73844"
"Voice\nanana_0999.opus",".opus","14942"
"Voice\nanana_1000.opus",".opus","20715"
"Voice\nanana_1001.opus",".opus","19204"
"Voice\nanana_1002.opus",".opus","134415"
"Voice\nanana_1003.opus",".opus","186689"
"Voice\nanana_1004.opus",".opus","54620"
"Voice\nanana_1005.opus",".opus","112882"
"Voice\nanana_1006.opus",".opus","17433"
"Voice\nanana_1007.opus",".opus","5147"
"Voice\nanana_1008.opus",".opus","70755"
"Voice\nanana_1009.opus",".opus","150493"
"Voice\nanana_1010.opus",".opus","69584"
"Voice\nanana_1011.opus",".opus","53367"
"Voice\nanana_1012.opus",".opus","51933"
"Voice\nanana_1013.opus",".opus","44531"
"Voice\nanana_1014.opus",".opus","6129"
"Voice\nanana_1015.opus",".opus","34043"
"Voice\nanana_1016.opus",".opus","26093"
"Voice\nanana_1017.opus",".opus","8770"
"Voice\nanana_1018.opus",".opus","18675"
"Voice\nanana_1019.opus",".opus","19268"
"Voice\nanana_1020.opus",".opus","16313"
"Voice\nanana_1021.opus",".opus","27085"
"Voice\nanana_1022.opus",".opus","40672"
"Voice\nanana_1023.opus",".opus","8882"
"Voice\nanana_1024.opus",".opus","23458"
"Voice\nanana_1025.opus",".opus","33598"
"Voice\nanana_1026.opus",".opus","40217"
"Voice\nanana_1027.opus",".opus","19946"
"Voice\nanana_1028.opus",".opus","8959"
"Voice\nanana_1029.opus",".opus","55812"
"Voice\nanana_1030.opus",".opus","20120"
"Voice\nanana_1031.opus",".opus","41070"
"Voice\nanana_1032.opus",".opus","5939"
"Voice\nanana_1033.opus",".opus","16840"
"Voice\nanana_1034.opus",".opus","15855"
"Voice\nanana_1035.opus",".opus","15823"
"Voice\nanana_1036.opus",".opus","52289"
"Voice\nanana_1037.opus",".opus","13097"
"Voice\nanana_1038.opus",".opus","60078"
"Voice\nanana_1039.opus",".opus","67686"
"Voice\nanana_1040.opus",".opus","76384"
"Voice\nanana_1041.opus",".opus","74078"
"Voice\nanana_9001.opus",".opus","12003"
"Voice\nanana_9002.opus",".opus","14144"
"Voice\oboro_0000.opus",".opus","34470"
"Voice\oboro_0001.opus",".opus","65133"
"Voice\oboro_0002.opus",".opus","37941"
"Voice\oboro_0003.opus",".opus","104323"
"Voice\oboro_0004.opus",".opus","43006"
"Voice\oboro_0005.opus",".opus","63763"
"Voice\oboro_0006.opus",".opus","38641"
"Voice\oboro_0007.opus",".opus","40605"
"Voice\oboro_0008.opus",".opus","22971"
"Voice\oboro_0009.opus",".opus","23094"
"Voice\oboro_0010.opus",".opus","38934"
"Voice\oboro_0011.opus",".opus","45340"
"Voice\oboro_0012.opus",".opus","100309"
"Voice\oboro_0013.opus",".opus","84453"
"Voice\oboro_0014.opus",".opus","62511"
"Voice\oboro_0015.opus",".opus","14040"
"Voice\oboro_0016.opus",".opus","48611"
"Voice\oboro_0017.opus",".opus","91703"
"Voice\oboro_0018.opus",".opus","57395"
"Voice\oboro_0019.opus",".opus","38407"
"Voice\oboro_0020.opus",".opus","52798"
"Voice\oboro_0021.opus",".opus","91084"
"Voice\oboro_0023.opus",".opus","36120"
"Voice\oboro_0024.opus",".opus","10954"
"Voice\oboro_0025.opus",".opus","34428"
"Voice\oboro_0027.opus",".opus","62101"
"Voice\oboro_0028.opus",".opus","44335"
"Voice\oboro_0029.opus",".opus","38887"
"Voice\oboro_0030.opus",".opus","10627"
"Voice\oboro_0031.opus",".opus","70376"
"Voice\oboro_0032.opus",".opus","56932"
"Voice\oboro_0033.opus",".opus","40709"
"Voice\oboro_0035.opus",".opus","35451"
"Voice\oboro_0036.opus",".opus","26180"
"Voice\oboro_0037.opus",".opus","31245"
"Voice\oboro_0038.opus",".opus","17657"
"Voice\oboro_0039.opus",".opus","51243"
"Voice\oboro_0040.opus",".opus","46663"
"Voice\oboro_0041.opus",".opus","46576"
"Voice\oboro_0042.opus",".opus","76133"
"Voice\oboro_0043.opus",".opus","101107"
"Voice\oboro_0044.opus",".opus","99019"
"Voice\oboro_0045.opus",".opus","96573"
"Voice\oboro_0046.opus",".opus","24331"
"Voice\oboro_0047.opus",".opus","98011"
"Voice\oboro_0048.opus",".opus","65050"
"Voice\oboro_0049.opus",".opus","58722"
"Voice\oboro_0050.opus",".opus","34602"
"Voice\oboro_0051.opus",".opus","39423"
"Voice\oboro_0052.opus",".opus","14200"
"Voice\oboro_0053.opus",".opus","37953"
"Voice\oboro_0054.opus",".opus","34812"
"Voice\oboro_0055.opus",".opus","5512"
"Voice\oboro_0056.opus",".opus","32441"
"Voice\oboro_0057.opus",".opus","41489"
"Voice\oboro_0058.opus",".opus","46191"
"Voice\oboro_0059.opus",".opus","10433"
"Voice\oboro_0060.opus",".opus","64785"
"Voice\oboro_0061.opus",".opus","51979"
"Voice\oboro_0062.opus",".opus","63977"
"Voice\oboro_0063.opus",".opus","61841"
"Voice\oboro_0064.opus",".opus","51771"
"Voice\oboro_0065.opus",".opus","52911"
"Voice\oboro_0066.opus",".opus","30247"
"Voice\oboro_0067.opus",".opus","37378"
"Voice\oboro_0068.opus",".opus","57786"
"Voice\oboro_0069.opus",".opus","58077"
"Voice\oboro_0070.opus",".opus","36285"
"Voice\oboro_0071.opus",".opus","57721"
"Voice\oboro_0072.opus",".opus","67876"
"Voice\oboro_0073.opus",".opus","41943"
"Voice\oboro_0074.opus",".opus","70478"
"Voice\oboro_0075.opus",".opus","56300"
"Voice\oboro_0076.opus",".opus","80927"
"Voice\oboro_0077.opus",".opus","111988"
"Voice\oboro_0078.opus",".opus","101336"
"Voice\oboro_0079.opus",".opus","20992"
"Voice\oboro_0080.opus",".opus","41666"
"Voice\oboro_0081.opus",".opus","60721"
"Voice\oboro_0082.opus",".opus","9276"
"Voice\oboro_0083.opus",".opus","32895"
"Voice\oboro_0084.opus",".opus","59115"
"Voice\oboro_0085.opus",".opus","91213"
"Voice\oboro_0086.opus",".opus","35645"
"Voice\oboro_0087.opus",".opus","33858"
"Voice\oboro_0088.opus",".opus","24641"
"Voice\oboro_0089.opus",".opus","10726"
"Voice\oboro_0090.opus",".opus","27976"
"Voice\oboro_0091.opus",".opus","21582"
"Voice\oboro_0092.opus",".opus","33894"
"Voice\oboro_0093.opus",".opus","9413"
"Voice\oboro_0094.opus",".opus","34484"
"Voice\oboro_0095.opus",".opus","47435"
"Voice\oboro_0096.opus",".opus","77318"
"Voice\oboro_0097.opus",".opus","47837"
"Voice\oboro_0098.opus",".opus","82460"
"Voice\oboro_0099.opus",".opus","109436"
"Voice\oboro_0100.opus",".opus","5593"
"Voice\oboro_0101.opus",".opus","20568"
"Voice\oboro_0102.opus",".opus","9520"
"Voice\oboro_0103.opus",".opus","45450"
"Voice\oboro_0104.opus",".opus","65326"
"Voice\oboro_0105.opus",".opus","48553"
"Voice\oboro_0106.opus",".opus","65472"
"Voice\oboro_0107.opus",".opus","71827"
"Voice\oboro_0108.opus",".opus","89391"
"Voice\oboro_0109.opus",".opus","28779"
"Voice\oboro_0110.opus",".opus","53351"
"Voice\oboro_0111.opus",".opus","64737"
"Voice\oboro_0112.opus",".opus","37826"
"Voice\oboro_0113.opus",".opus","70529"
"Voice\oboro_0114.opus",".opus","24366"
"Voice\oboro_0115.opus",".opus","15297"
"Voice\oboro_0116.opus",".opus","50447"
"Voice\oboro_0117.opus",".opus","60305"
"Voice\oboro_0118.opus",".opus","50958"
"Voice\oboro_0119.opus",".opus","7063"
"Voice\oboro_0120.opus",".opus","33443"
"Voice\oboro_0121.opus",".opus","53977"
"Voice\oboro_0122.opus",".opus","11954"
"Voice\oboro_0123.opus",".opus","32200"
"Voice\oboro_0124.opus",".opus","50365"
"Voice\oboro_0125.opus",".opus","47590"
"Voice\oboro_0126.opus",".opus","17844"
"Voice\oboro_0127.opus",".opus","48283"
"Voice\oboro_0128.opus",".opus","57123"
"Voice\oboro_0129.opus",".opus","35887"
"Voice\oboro_0130.opus",".opus","50141"
"Voice\oboro_0131.opus",".opus","96368"
"Voice\oboro_0132.opus",".opus","30666"
"Voice\oboro_0133.opus",".opus","62713"
"Voice\oboro_0134.opus",".opus","73845"
"Voice\oboro_0135.opus",".opus","6857"
"Voice\oboro_0136.opus",".opus","25682"
"Voice\oboro_0137.opus",".opus","35056"
"Voice\oboro_0138.opus",".opus","68153"
"Voice\oboro_0139.opus",".opus","20072"
"Voice\oboro_0140.opus",".opus","110880"
"Voice\oboro_0141.opus",".opus","76487"
"Voice\oboro_0142.opus",".opus","15471"
"Voice\oboro_0143.opus",".opus","40187"
"Voice\oboro_0144.opus",".opus","22695"
"Voice\oboro_0145.opus",".opus","13211"
"Voice\oboro_0146.opus",".opus","28992"
"Voice\oboro_0147.opus",".opus","35687"
"Voice\oboro_0148.opus",".opus","58225"
"Voice\oboro_0149.opus",".opus","6081"
"Voice\oboro_0150.opus",".opus","15814"
"Voice\oboro_0151.opus",".opus","39166"
"Voice\oboro_0152.opus",".opus","37418"
"Voice\oboro_0153.opus",".opus","30368"
"Voice\oboro_0154.opus",".opus","37005"
"Voice\oboro_0155.opus",".opus","23801"
"Voice\oboro_0156.opus",".opus","29033"
"Voice\oboro_0157.opus",".opus","54402"
"Voice\oboro_0158.opus",".opus","42505"
"Voice\oboro_0159.opus",".opus","48324"
"Voice\oboro_0160.opus",".opus","50161"
"Voice\oboro_0161.opus",".opus","24251"
"Voice\oboro_0162.opus",".opus","18689"
"Voice\oboro_0163.opus",".opus","77181"
"Voice\oboro_0164.opus",".opus","65688"
"Voice\oboro_0165.opus",".opus","47629"
"Voice\oboro_0166.opus",".opus","98523"
"Voice\oboro_0167.opus",".opus","128907"
"Voice\oboro_0168.opus",".opus","53447"
"Voice\oboro_0169.opus",".opus","120906"
"Voice\oboro_0170.opus",".opus","122712"
"Voice\oboro_0171.opus",".opus","117720"
"Voice\oboro_0172.opus",".opus","38700"
"Voice\oboro_0173.opus",".opus","37567"
"Voice\oboro_0174.opus",".opus","85225"
"Voice\oboro_0175.opus",".opus","116996"
"Voice\oboro_0176.opus",".opus","123392"
"Voice\oboro_0177.opus",".opus","101383"
"Voice\oboro_0178.opus",".opus","65862"
"Voice\oboro_0179.opus",".opus","66331"
"Voice\oboro_0180.opus",".opus","111867"
"Voice\oboro_0181.opus",".opus","66144"
"Voice\oboro_0182.opus",".opus","7588"
"Voice\oboro_0183.opus",".opus","31898"
"Voice\oboro_0184.opus",".opus","51745"
"Voice\oboro_0185.opus",".opus","62880"
"Voice\oboro_0186.opus",".opus","45268"
"Voice\oboro_0187.opus",".opus","91063"
"Voice\oboro_0188.opus",".opus","66119"
"Voice\oboro_0189.opus",".opus","121413"
"Voice\oboro_0192.opus",".opus","10783"
"Voice\oboro_0193.opus",".opus","43055"
"Voice\oboro_0201.opus",".opus","20800"
"Voice\oboro_0202.opus",".opus","50662"
"Voice\oboro_0203.opus",".opus","47626"
"Voice\oboro_0204.opus",".opus","102450"
"Voice\oboro_0205.opus",".opus","136244"
"Voice\oboro_0206.opus",".opus","99906"
"Voice\oboro_0207.opus",".opus","63037"
"Voice\oboro_0208.opus",".opus","152596"
"Voice\oboro_0209.opus",".opus","45204"
"Voice\oboro_0210.opus",".opus","82822"
"Voice\oboro_0211.opus",".opus","99332"
"Voice\oboro_0212.opus",".opus","146398"
"Voice\oboro_0213.opus",".opus","110612"
"Voice\oboro_0214.opus",".opus","50764"
"Voice\oboro_0215.opus",".opus","72033"
"Voice\oboro_0216.opus",".opus","18667"
"Voice\oboro_0217.opus",".opus","63666"
"Voice\oboro_0218.opus",".opus","40656"
"Voice\oboro_0219.opus",".opus","73836"
"Voice\oboro_0220.opus",".opus","41224"
"Voice\oboro_0221.opus",".opus","12900"
"Voice\oboro_0222.opus",".opus","49376"
"Voice\oboro_0223.opus",".opus","32569"
"Voice\oboro_0224.opus",".opus","15559"
"Voice\oboro_0225.opus",".opus","49112"
"Voice\oboro_0226.opus",".opus","35938"
"Voice\oboro_0227.opus",".opus","51391"
"Voice\oboro_0228.opus",".opus","21000"
"Voice\oboro_0229.opus",".opus","48449"
"Voice\oboro_0230.opus",".opus","35544"
"Voice\oboro_0231.opus",".opus","34775"
"Voice\oboro_0232.opus",".opus","20072"
"Voice\oboro_0233.opus",".opus","86024"
"Voice\oboro_0234.opus",".opus","39556"
"Voice\oboro_0235.opus",".opus","72993"
"Voice\oboro_0236.opus",".opus","12950"
"Voice\oboro_0237.opus",".opus","50357"
"Voice\oboro_0238.opus",".opus","53406"
"Voice\oboro_0239.opus",".opus","24265"
"Voice\oboro_0240.opus",".opus","69597"
"Voice\oboro_0241.opus",".opus","42315"
"Voice\oboro_0242.opus",".opus","31437"
"Voice\oboro_0243.opus",".opus","63530"
"Voice\oboro_0244.opus",".opus","72895"
"Voice\oboro_0245.opus",".opus","49123"
"Voice\oboro_0246.opus",".opus","36866"
"Voice\oboro_0247.opus",".opus","53227"
"Voice\oboro_0248.opus",".opus","129577"
"Voice\oboro_0249.opus",".opus","122030"
"Voice\oboro_0250.opus",".opus","55129"
"Voice\oboro_0251.opus",".opus","36535"
"Voice\oboro_0252.opus",".opus","53493"
"Voice\oboro_0253.opus",".opus","52893"
"Voice\oboro_0254.opus",".opus","15050"
"Voice\oboro_0255.opus",".opus","30020"
"Voice\oboro_0256.opus",".opus","82206"
"Voice\oboro_0257.opus",".opus","107648"
"Voice\oboro_0258.opus",".opus","29203"
"Voice\oboro_0259.opus",".opus","7444"
"Voice\oboro_0260.opus",".opus","40939"
"Voice\oboro_0261.opus",".opus","63129"
"Voice\oboro_0262.opus",".opus","50241"
"Voice\oboro_0263.opus",".opus","31890"
"Voice\oboro_0264.opus",".opus","48351"
"Voice\oboro_0265.opus",".opus","17468"
"Voice\oboro_0266.opus",".opus","24968"
"Voice\oboro_0267.opus",".opus","129667"
"Voice\oboro_0268.opus",".opus","59610"
"Voice\oboro_0269.opus",".opus","13877"
"Voice\oboro_0270.opus",".opus","48263"
"Voice\oboro_0271.opus",".opus","32684"
"Voice\oboro_0272.opus",".opus","27915"
"Voice\oboro_0273.opus",".opus","63053"
"Voice\oboro_0274.opus",".opus","34430"
"Voice\oboro_0275.opus",".opus","6079"
"Voice\oboro_0276.opus",".opus","45104"
"Voice\oboro_0277.opus",".opus","53611"
"Voice\oboro_0278.opus",".opus","41527"
"Voice\oboro_0279.opus",".opus","36750"
"Voice\oboro_0280.opus",".opus","60491"
"Voice\oboro_0281.opus",".opus","36779"
"Voice\oboro_0282.opus",".opus","37921"
"Voice\oboro_0283.opus",".opus","32414"
"Voice\oboro_0284.opus",".opus","60534"
"Voice\oboro_0285.opus",".opus","97025"
"Voice\oboro_0286.opus",".opus","134151"
"Voice\oboro_0287.opus",".opus","111636"
"Voice\oboro_0288.opus",".opus","86433"
"Voice\oboro_0289.opus",".opus","60890"
"Voice\oboro_0290.opus",".opus","5376"
"Voice\oboro_0291.opus",".opus","23370"
"Voice\oboro_0292.opus",".opus","81204"
"Voice\oboro_0293.opus",".opus","10162"
"Voice\oboro_0294.opus",".opus","138573"
"Voice\oboro_0295.opus",".opus","51455"
"Voice\oboro_0296.opus",".opus","115067"
"Voice\oboro_0297.opus",".opus","63544"
"Voice\oboro_0298.opus",".opus","12025"
"Voice\oboro_0299.opus",".opus","23400"
"Voice\oboro_0300.opus",".opus","38659"
"Voice\oboro_0301.opus",".opus","100902"
"Voice\oboro_0302.opus",".opus","113300"
"Voice\oboro_0303.opus",".opus","107903"
"Voice\oboro_0304.opus",".opus","100018"
"Voice\oboro_0305.opus",".opus","113787"
"Voice\oboro_0306.opus",".opus","79405"
"Voice\oboro_0307.opus",".opus","6874"
"Voice\oboro_0308.opus",".opus","67163"
"Voice\oboro_0309.opus",".opus","50342"
"Voice\oboro_0310.opus",".opus","44021"
"Voice\oboro_0311.opus",".opus","16896"
"Voice\oboro_0312.opus",".opus","42601"
"Voice\oboro_0313.opus",".opus","74625"
"Voice\oboro_0314.opus",".opus","82180"
"Voice\oboro_0315.opus",".opus","18634"
"Voice\oboro_0316.opus",".opus","92511"
"Voice\oboro_0317.opus",".opus","98740"
"Voice\oboro_0318.opus",".opus","54977"
"Voice\oboro_0319.opus",".opus","4202"
"Voice\oboro_0320.opus",".opus","18892"
"Voice\oboro_0321.opus",".opus","65240"
"Voice\oboro_0322.opus",".opus","35343"
"Voice\oboro_0323.opus",".opus","58930"
"Voice\oboro_0324.opus",".opus","4021"
"Voice\oboro_0325.opus",".opus","20561"
"Voice\oboro_0326.opus",".opus","34879"
"Voice\oboro_0327.opus",".opus","14548"
"Voice\oboro_0328.opus",".opus","24425"
"Voice\oboro_0329.opus",".opus","54494"
"Voice\oboro_0330.opus",".opus","90932"
"Voice\oboro_0331.opus",".opus","105577"
"Voice\oboro_0332.opus",".opus","23703"
"Voice\oboro_0333.opus",".opus","35864"
"Voice\oboro_0334.opus",".opus","65317"
"Voice\oboro_0335.opus",".opus","61582"
"Voice\oboro_0336.opus",".opus","73523"
"Voice\oboro_0337.opus",".opus","80430"
"Voice\oboro_0338.opus",".opus","45034"
"Voice\oboro_0339.opus",".opus","20138"
"Voice\oboro_0340.opus",".opus","50938"
"Voice\oboro_0341.opus",".opus","38196"
"Voice\oboro_0342.opus",".opus","50995"
"Voice\oboro_0343.opus",".opus","78293"
"Voice\oboro_0344.opus",".opus","122045"
"Voice\oboro_0345.opus",".opus","101130"
"Voice\oboro_0346.opus",".opus","51181"
"Voice\oboro_0347.opus",".opus","19605"
"Voice\oboro_0348.opus",".opus","46841"
"Voice\oboro_0349.opus",".opus","157287"
"Voice\oboro_0350.opus",".opus","77854"
"Voice\oboro_0351.opus",".opus","64568"
"Voice\oboro_0352.opus",".opus","13846"
"Voice\oboro_0353.opus",".opus","8924"
"Voice\oboro_0354.opus",".opus","18155"
"Voice\oboro_0355.opus",".opus","32128"
"Voice\oboro_0356.opus",".opus","21057"
"Voice\oboro_0357.opus",".opus","3444"
"Voice\oboro_0358.opus",".opus","4832"
"Voice\oboro_0359.opus",".opus","26659"
"Voice\oboro_0360.opus",".opus","44035"
"Voice\oboro_0361.opus",".opus","17971"
"Voice\oboro_0362.opus",".opus","22627"
"Voice\oboro_0363.opus",".opus","15489"
"Voice\oboro_0364.opus",".opus","25940"
"Voice\oboro_0365.opus",".opus","33583"
"Voice\oboro_0366.opus",".opus","45668"
"Voice\oboro_0367.opus",".opus","44150"
"Voice\oboro_0368.opus",".opus","65143"
"Voice\oboro_0369.opus",".opus","24899"
"Voice\oboro_0370.opus",".opus","83917"
"Voice\oboro_0371.opus",".opus","70426"
"Voice\oboro_0372.opus",".opus","150220"
"Voice\oboro_0373.opus",".opus","92143"
"Voice\oboro_0374.opus",".opus","65856"
"Voice\oboro_0375.opus",".opus","108510"
"Voice\oboro_0376.opus",".opus","54179"
"Voice\oboro_0377.opus",".opus","82754"
"Voice\oboro_0378.opus",".opus","27457"
"Voice\oboro_0379.opus",".opus","55105"
"Voice\oboro_0380.opus",".opus","64990"
"Voice\oboro_0381.opus",".opus","77632"
"Voice\oboro_0382.opus",".opus","15515"
"Voice\oboro_0383.opus",".opus","49567"
"Voice\oboro_0384.opus",".opus","19238"
"Voice\oboro_0385.opus",".opus","39500"
"Voice\oboro_0386.opus",".opus","41370"
"Voice\oboro_0387.opus",".opus","8821"
"Voice\oboro_0388.opus",".opus","31172"
"Voice\oboro_0389.opus",".opus","51302"
"Voice\oboro_0390.opus",".opus","16630"
"Voice\oboro_0391.opus",".opus","59217"
"Voice\oboro_0392.opus",".opus","37293"
"Voice\oboro_0393.opus",".opus","118422"
"Voice\oboro_0394.opus",".opus","13493"
"Voice\oboro_0395.opus",".opus","41288"
"Voice\oboro_0396.opus",".opus","13651"
"Voice\oboro_0397.opus",".opus","124774"
"Voice\oboro_0398.opus",".opus","7731"
"Voice\oboro_0399.opus",".opus","10694"
"Voice\oboro_0400.opus",".opus","56105"
"Voice\oboro_0401.opus",".opus","7753"
"Voice\oboro_9001.opus",".opus","74526"
"Voice\omi_0000.opus",".opus","7109"
"Voice\omi_0001.opus",".opus","32549"
"Voice\omi_0002.opus",".opus","66143"
"Voice\omi_0003.opus",".opus","73485"
"Voice\omi_0004.opus",".opus","155039"
"Voice\omi_0005.opus",".opus","9046"
"Voice\omi_0006.opus",".opus","25015"
"Voice\omi_0007.opus",".opus","50234"
"Voice\omi_0008.opus",".opus","138797"
"Voice\omi_0009.opus",".opus","83365"
"Voice\omi_0010.opus",".opus","24473"
"Voice\omi_0011.opus",".opus","57159"
"Voice\omi_0012.opus",".opus","58893"
"Voice\omi_0013.opus",".opus","97862"
"Voice\omi_0014.opus",".opus","29420"
"Voice\omi_0015.opus",".opus","44561"
"Voice\omi_0016.opus",".opus","109230"
"Voice\omi_0017.opus",".opus","98843"
"Voice\omi_0018.opus",".opus","165464"
"Voice\omi_0019.opus",".opus","104445"
"Voice\omi_0020.opus",".opus","47601"
"Voice\omi_0021.opus",".opus","133574"
"Voice\omi_0022.opus",".opus","94921"
"Voice\omi_0023.opus",".opus","6549"
"Voice\omi_0024.opus",".opus","72755"
"Voice\omi_0025.opus",".opus","72129"
"Voice\omi_0026.opus",".opus","10379"
"Voice\omi_0027.opus",".opus","48602"
"Voice\omi_0028.opus",".opus","38330"
"Voice\omi_0029.opus",".opus","96677"
"Voice\omi_0030.opus",".opus","33896"
"Voice\omi_0031.opus",".opus","50980"
"Voice\omi_0032.opus",".opus","55738"
"Voice\omi_0033.opus",".opus","138754"
"Voice\omi_0034.opus",".opus","90575"
"Voice\omi_0035.opus",".opus","64173"
"Voice\omi_0036.opus",".opus","55710"
"Voice\omi_0037.opus",".opus","108578"
"Voice\omi_0038.opus",".opus","104040"
"Voice\omi_0039.opus",".opus","32380"
"Voice\omi_0040.opus",".opus","39034"
"Voice\omi_0041.opus",".opus","22930"
"Voice\omi_0042.opus",".opus","109896"
"Voice\omi_0043.opus",".opus","57478"
"Voice\omi_0044.opus",".opus","118309"
"Voice\omi_0045.opus",".opus","101340"
"Voice\omi_0046.opus",".opus","28423"
"Voice\omi_0047.opus",".opus","18668"
"Voice\omi_0048.opus",".opus","91840"
"Voice\omi_0049.opus",".opus","14226"
"Voice\omi_0050.opus",".opus","100957"
"Voice\omi_0051.opus",".opus","5717"
"Voice\omi_0052.opus",".opus","31383"
"Voice\omi_0053.opus",".opus","56009"
"Voice\omi_0054.opus",".opus","31571"
"Voice\omi_0055.opus",".opus","25219"
"Voice\omi_0056.opus",".opus","23027"
"Voice\omi_0057.opus",".opus","100390"
"Voice\omi_0058.opus",".opus","158599"
"Voice\omi_0059.opus",".opus","63089"
"Voice\omi_0060.opus",".opus","33116"
"Voice\omi_0061.opus",".opus","35891"
"Voice\omi_0062.opus",".opus","39406"
"Voice\omi_0063.opus",".opus","43608"
"Voice\omi_0064.opus",".opus","29777"
"Voice\omi_0065.opus",".opus","34973"
"Voice\omi_0066.opus",".opus","13128"
"Voice\omi_0067.opus",".opus","143872"
"Voice\omi_0068.opus",".opus","72799"
"Voice\omi_0069.opus",".opus","57005"
"Voice\omi_0070.opus",".opus","48808"
"Voice\omi_0071.opus",".opus","25264"
"Voice\omi_0072.opus",".opus","17211"
"Voice\omi_0073.opus",".opus","63145"
"Voice\omi_0074.opus",".opus","90917"
"Voice\omi_0075.opus",".opus","73169"
"Voice\omi_0076.opus",".opus","26786"
"Voice\omi_0077.opus",".opus","62449"
"Voice\omi_0078.opus",".opus","42847"
"Voice\omi_0079.opus",".opus","26725"
"Voice\omi_0080.opus",".opus","51978"
"Voice\omi_0081.opus",".opus","27399"
"Voice\omi_0082.opus",".opus","49295"
"Voice\omi_0083.opus",".opus","29866"
"Voice\omi_0084.opus",".opus","5009"
"Voice\omi_0085.opus",".opus","82930"
"Voice\omi_0086.opus",".opus","41328"
"Voice\omi_0087.opus",".opus","36000"
"Voice\omi_0088.opus",".opus","40967"
"Voice\omi_0089.opus",".opus","49542"
"Voice\omi_0090.opus",".opus","78166"
"Voice\omi_0091.opus",".opus","72144"
"Voice\omi_0092.opus",".opus","44410"
"Voice\omi_0093.opus",".opus","152618"
"Voice\omi_0094.opus",".opus","102363"
"Voice\omi_0095.opus",".opus","163449"
"Voice\omi_0096.opus",".opus","85308"
"Voice\omi_0097.opus",".opus","105577"
"Voice\omi_0098.opus",".opus","135739"
"Voice\omi_0099.opus",".opus","54274"
"Voice\omi_0100.opus",".opus","12583"
"Voice\omi_0101.opus",".opus","59432"
"Voice\omi_0102.opus",".opus","46375"
"Voice\omi_0103.opus",".opus","29957"
"Voice\omi_0104.opus",".opus","83296"
"Voice\omi_0105.opus",".opus","42998"
"Voice\omi_0106.opus",".opus","44930"
"Voice\omi_0107.opus",".opus","13723"
"Voice\omi_0108.opus",".opus","50587"
"Voice\omi_0109.opus",".opus","25634"
"Voice\omi_0110.opus",".opus","6039"
"Voice\omi_0111.opus",".opus","159249"
"Voice\omi_0112.opus",".opus","16065"
"Voice\omi_0113.opus",".opus","128731"
"Voice\omi_0114.opus",".opus","21403"
"Voice\omi_0115.opus",".opus","100081"
"Voice\omi_0116.opus",".opus","10990"
"Voice\omi_0117.opus",".opus","6714"
"Voice\omi_0118.opus",".opus","44108"
"Voice\othera_0000.opus",".opus","38249"
"Voice\othera_0001.opus",".opus","78399"
"Voice\othera_0002.opus",".opus","20533"
"Voice\othera_0003.opus",".opus","9672"
"Voice\otherb_0000.opus",".opus","49280"
"Voice\otherb_0001.opus",".opus","115173"
"Voice\otherb_0002.opus",".opus","90406"
"Voice\otherb_0003.opus",".opus","59667"
"Voice\rairai_0000.opus",".opus","115806"
"Voice\rairai_0001.opus",".opus","63244"
"Voice\rairai_0002.opus",".opus","80022"
"Voice\rairai_0003.opus",".opus","182426"
"Voice\rairai_0004.opus",".opus","66118"
"Voice\rairai_0005.opus",".opus","40101"
"Voice\rairai_0006.opus",".opus","56853"
"Voice\rairai_0007.opus",".opus","39373"
"Voice\rairai_0008.opus",".opus","15964"
"Voice\rairai_0009.opus",".opus","36793"
"Voice\rairai_0010.opus",".opus","39914"
"Voice\rairai_0011.opus",".opus","59056"
"Voice\rairai_0012.opus",".opus","58720"
"Voice\rairai_0013.opus",".opus","105368"
"Voice\rairai_0014.opus",".opus","118657"
"Voice\rairai_0015.opus",".opus","106197"
"Voice\rairai_0016.opus",".opus","121829"
"Voice\rairai_0017.opus",".opus","85470"
"Voice\rairai_0018.opus",".opus","144771"
"Voice\rairai_0019.opus",".opus","116937"
"Voice\rairai_0020.opus",".opus","129086"
"Voice\rairai_0021.opus",".opus","169415"
"Voice\rairai_0022.opus",".opus","45139"
"Voice\rairai_0023.opus",".opus","34648"
"Voice\rairai_0024.opus",".opus","109734"
"Voice\rairai_0025.opus",".opus","81056"
"Voice\rairai_0026.opus",".opus","25344"
"Voice\rairai_0027.opus",".opus","62961"
"Voice\rairai_0028.opus",".opus","106062"
"Voice\rairai_0029.opus",".opus","29299"
"Voice\rairai_0030.opus",".opus","8540"
"Voice\rairai_0031.opus",".opus","74883"
"Voice\rairai_0032.opus",".opus","27996"
"Voice\rairai_0033.opus",".opus","69085"
"Voice\rairai_0034.opus",".opus","78796"
"Voice\rairai_0035.opus",".opus","28606"
"Voice\rairai_0036.opus",".opus","41968"
"Voice\rairai_0037.opus",".opus","49650"
"Voice\rairai_0038.opus",".opus","60085"
"Voice\rairai_0039.opus",".opus","132210"
"Voice\rairai_0040.opus",".opus","108355"
"Voice\rairai_0041.opus",".opus","127380"
"Voice\rairai_0042.opus",".opus","66766"
"Voice\rairai_0043.opus",".opus","46338"
"Voice\rairai_0044.opus",".opus","6417"
"Voice\rairai_0045.opus",".opus","74526"
"Voice\rairai_0046.opus",".opus","16119"
"Voice\rairai_0047.opus",".opus","123153"
"Voice\rairai_0048.opus",".opus","113539"
"Voice\rairai_0049.opus",".opus","68014"
"Voice\rairai_0050.opus",".opus","95799"
"Voice\rairai_0051.opus",".opus","90877"
"Voice\rairai_0052.opus",".opus","95840"
"Voice\rairai_0053.opus",".opus","55710"
"Voice\rairai_0054.opus",".opus","39861"
"Voice\rairai_0055.opus",".opus","145832"
"Voice\rairai_0056.opus",".opus","117548"
"Voice\rairai_0057.opus",".opus","100329"
"Voice\rairai_0058.opus",".opus","74880"
"Voice\rairai_0059.opus",".opus","54823"
"Voice\rairai_0060.opus",".opus","96529"
"Voice\rairai_0061.opus",".opus","31743"
"Voice\rairai_0062.opus",".opus","50583"
"Voice\rairai_0063.opus",".opus","52122"
"Voice\rairai_0064.opus",".opus","75971"
"Voice\rairai_0065.opus",".opus","61751"
"Voice\rairai_0066.opus",".opus","8863"
"Voice\rairai_0067.opus",".opus","50844"
"Voice\rairai_0068.opus",".opus","107608"
"Voice\rairai_0069.opus",".opus","66135"
"Voice\rairai_0070b.opus",".opus","37070"
"Voice\rairai_0071.opus",".opus","62032"
"Voice\rairai_0072.opus",".opus","58467"
"Voice\rairai_0073.opus",".opus","37046"
"Voice\rairai_0074.opus",".opus","39013"
"Voice\rairai_0075.opus",".opus","57805"
"Voice\rairai_0076.opus",".opus","86244"
"Voice\rairai_0077.opus",".opus","38618"
"Voice\rairai_0078.opus",".opus","7823"
"Voice\rairai_0079.opus",".opus","47543"
"Voice\rairai_0080.opus",".opus","81144"
"Voice\rairai_0081.opus",".opus","52855"
"Voice\rairai_0082.opus",".opus","20856"
"Voice\rairai_0083.opus",".opus","3706"
"Voice\rairai_0084.opus",".opus","29542"
"Voice\rairai_0085.opus",".opus","46260"
"Voice\rairai_0086.opus",".opus","47419"
"Voice\rairai_0087.opus",".opus","8011"
"Voice\rairai_0088.opus",".opus","14675"
"Voice\rairai_0090.opus",".opus","13562"
"Voice\rairai_0091.opus",".opus","19723"
"Voice\rairai_0092.opus",".opus","63242"
"Voice\rairai_0093.opus",".opus","43110"
"Voice\rairai_0094.opus",".opus","47724"
"Voice\rairai_0095.opus",".opus","14718"
"Voice\rairai_0096.opus",".opus","4053"
"Voice\rairai_0097.opus",".opus","5531"
"Voice\rairai_0098.opus",".opus","49390"
"Voice\rairai_0099.opus",".opus","16330"
"Voice\rairai_0101.opus",".opus","73830"
"Voice\rairai_0102.opus",".opus","38124"
"Voice\rairai_0103.opus",".opus","107895"
"Voice\rairai_0104.opus",".opus","11859"
"Voice\rairai_0105.opus",".opus","104752"
"Voice\rairai_0106.opus",".opus","165304"
"Voice\rairai_0107.opus",".opus","138581"
"Voice\rairai_0108.opus",".opus","120082"
"Voice\rairai_0109.opus",".opus","38120"
"Voice\rairai_0110.opus",".opus","114251"
"Voice\rairai_0111.opus",".opus","14583"
"Voice\rairai_0112.opus",".opus","92720"
"Voice\rairai_0113.opus",".opus","11846"
"Voice\rairai_0114.opus",".opus","92551"
"Voice\rairai_0115.opus",".opus","93784"
"Voice\rairai_0116.opus",".opus","123162"
"Voice\rairai_0117.opus",".opus","12051"
"Voice\rairai_0118.opus",".opus","20258"
"Voice\rairai_0119.opus",".opus","36236"
"Voice\rairai_0120.opus",".opus","79748"
"Voice\rairai_0121.opus",".opus","57612"
"Voice\rairai_0122.opus",".opus","31386"
"Voice\rairai_0124.opus",".opus","7791"
"Voice\rairai_0125.opus",".opus","37846"
"Voice\rairai_0126.opus",".opus","6510"
"Voice\rairai_0127.opus",".opus","55155"
"Voice\rairai_0128.opus",".opus","130241"
"Voice\rairai_0129.opus",".opus","49651"
"Voice\rairai_0130.opus",".opus","12064"
"Voice\rairai_0131.opus",".opus","44922"
"Voice\rairai_0132.opus",".opus","19928"
"Voice\rairai_0133.opus",".opus","70007"
"Voice\rairai_0134.opus",".opus","29763"
"Voice\rairai_0135.opus",".opus","52116"
"Voice\rairai_0136.opus",".opus","62453"
"Voice\rairai_0137.opus",".opus","37416"
"Voice\rairai_0138.opus",".opus","40871"
"Voice\rairai_0139.opus",".opus","38577"
"Voice\rairai_0140.opus",".opus","49224"
"Voice\rairai_0141.opus",".opus","81025"
"Voice\rairai_0142.opus",".opus","41700"
"Voice\rairai_0143.opus",".opus","63186"
"Voice\rairai_0144.opus",".opus","35121"
"Voice\rairai_0145.opus",".opus","33056"
"Voice\rairai_0146.opus",".opus","54856"
"Voice\rairai_0147.opus",".opus","79265"
"Voice\rairai_0148.opus",".opus","56355"
"Voice\rairai_0149.opus",".opus","27770"
"Voice\rairai_0150.opus",".opus","42815"
"Voice\rairai_0151.opus",".opus","20845"
"Voice\rairai_0152.opus",".opus","64894"
"Voice\rairai_0153.opus",".opus","92182"
"Voice\rairai_0154.opus",".opus","69838"
"Voice\rairai_0155.opus",".opus","17783"
"Voice\rairai_0156.opus",".opus","100033"
"Voice\rairai_0157.opus",".opus","59107"
"Voice\rairai_0158.opus",".opus","146311"
"Voice\rairai_0159.opus",".opus","88002"
"Voice\rairai_0160.opus",".opus","174512"
"Voice\rairai_0161.opus",".opus","91341"
"Voice\rairai_0162.opus",".opus","47667"
"Voice\rairai_0163.opus",".opus","59931"
"Voice\rairai_0164.opus",".opus","33362"
"Voice\rairai_0165.opus",".opus","64607"
"Voice\rairai_0166.opus",".opus","70914"
"Voice\rairai_0167.opus",".opus","46752"
"Voice\rairai_0168.opus",".opus","52600"
"Voice\rairai_0169.opus",".opus","139686"
"Voice\rairai_0170.opus",".opus","97764"
"Voice\rairai_0171.opus",".opus","26667"
"Voice\rairai_0172.opus",".opus","56211"
"Voice\rairai_0173.opus",".opus","34566"
"Voice\rairai_0174.opus",".opus","165585"
"Voice\rairai_0175.opus",".opus","38203"
"Voice\rairai_0176.opus",".opus","56367"
"Voice\rairai_0177.opus",".opus","21192"
"Voice\rairai_0178.opus",".opus","34255"
"Voice\rairai_0179.opus",".opus","62707"
"Voice\rairai_0180.opus",".opus","135363"
"Voice\rairai_0181.opus",".opus","13323"
"Voice\rairai_0182.opus",".opus","135417"
"Voice\rairai_0183.opus",".opus","77168"
"Voice\rairai_0184.opus",".opus","32657"
"Voice\rairai_0185.opus",".opus","81384"
"Voice\rairai_0186.opus",".opus","90398"
"Voice\rairai_0187.opus",".opus","38205"
"Voice\rairai_0188.opus",".opus","138599"
"Voice\rairai_0189.opus",".opus","65656"
"Voice\rairai_0190.opus",".opus","32869"
"Voice\rairai_0191.opus",".opus","60258"
"Voice\rairai_0192.opus",".opus","113086"
"Voice\rairai_0193.opus",".opus","46479"
"Voice\rairai_0194.opus",".opus","14018"
"Voice\rairai_0195.opus",".opus","112811"
"Voice\rairai_0196.opus",".opus","47594"
"Voice\rairai_0197.opus",".opus","29617"
"Voice\rairai_0198.opus",".opus","28824"
"Voice\rairai_0199.opus",".opus","80871"
"Voice\rairai_0200.opus",".opus","107445"
"Voice\rairai_0201.opus",".opus","50225"
"Voice\rairai_0202.opus",".opus","82067"
"Voice\rairai_0203.opus",".opus","58240"
"Voice\rairai_0204.opus",".opus","57865"
"Voice\rairai_0205.opus",".opus","78784"
"Voice\rairai_0206.opus",".opus","39826"
"Voice\rairai_0208.opus",".opus","47106"
"Voice\rairai_0209.opus",".opus","55442"
"Voice\rairai_0210.opus",".opus","33722"
"Voice\rairai_0211.opus",".opus","7560"
"Voice\rairai_0212.opus",".opus","24978"
"Voice\rairai_0213.opus",".opus","11937"
"Voice\rairai_0214.opus",".opus","40790"
"Voice\rairai_0215.opus",".opus","77571"
"Voice\rairai_0216.opus",".opus","109223"
"Voice\rairai_0217.opus",".opus","57542"
"Voice\rairai_0220.opus",".opus","92325"
"Voice\rairai_0221.opus",".opus","70489"
"Voice\rairai_0222.opus",".opus","19045"
"Voice\rairai_0223a.opus",".opus","17874"
"Voice\rairai_0223b.opus",".opus","12870"
"Voice\rairai_0224.opus",".opus","44713"
"Voice\rairai_0225a.opus",".opus","17784"
"Voice\rairai_0225b.opus",".opus","21625"
"Voice\rairai_0226.opus",".opus","42670"
"Voice\rairai_0227.opus",".opus","93645"
"Voice\rairai_0228.opus",".opus","42830"
"Voice\rairai_0229.opus",".opus","32838"
"Voice\rairai_0230.opus",".opus","87074"
"Voice\rairai_0231.opus",".opus","106188"
"Voice\rairai_0232.opus",".opus","47204"
"Voice\rairai_0233.opus",".opus","56509"
"Voice\rairai_0234.opus",".opus","35423"
"Voice\rairai_0235.opus",".opus","25592"
"Voice\rairai_0236.opus",".opus","10268"
"Voice\rairai_0237.opus",".opus","35043"
"Voice\rairai_0238.opus",".opus","31924"
"Voice\rairai_0239.opus",".opus","9317"
"Voice\rairai_0240.opus",".opus","44239"
"Voice\rairai_0241.opus",".opus","63644"
"Voice\rairai_0242.opus",".opus","29872"
"Voice\rairai_0243.opus",".opus","93792"
"Voice\rairai_0244.opus",".opus","69634"
"Voice\rairai_0245.opus",".opus","59751"
"Voice\rairai_0246.opus",".opus","33030"
"Voice\rairai_0247.opus",".opus","5827"
"Voice\rairai_0248.opus",".opus","80723"
"Voice\rairai_0249.opus",".opus","112886"
"Voice\rairai_0250.opus",".opus","88293"
"Voice\rairai_0251.opus",".opus","58710"
"Voice\rairai_0252.opus",".opus","11277"
"Voice\rairai_0253.opus",".opus","31656"
"Voice\rairai_0254.opus",".opus","56489"
"Voice\rairai_0255.opus",".opus","36112"
"Voice\rairai_0256.opus",".opus","137033"
"Voice\rairai_0257.opus",".opus","79287"
"Voice\rairai_0258.opus",".opus","15187"
"Voice\rairai_0259.opus",".opus","14109"
"Voice\rairai_0260.opus",".opus","26580"
"Voice\rairai_0261.opus",".opus","72490"
"Voice\rairai_0262.opus",".opus","42248"
"Voice\rairai_0263.opus",".opus","14205"
"Voice\rairai_0264.opus",".opus","9485"
"Voice\rairai_0265.opus",".opus","68981"
"Voice\rairai_0266.opus",".opus","8665"
"Voice\rairai_0267.opus",".opus","57043"
"Voice\rairai_0268.opus",".opus","53738"
"Voice\rairai_0269.opus",".opus","97929"
"Voice\rairai_0270.opus",".opus","54240"
"Voice\rairai_0271.opus",".opus","56758"
"Voice\rairai_0272.opus",".opus","17263"
"Voice\rairai_0273.opus",".opus","108367"
"Voice\rairai_0274.opus",".opus","17996"
"Voice\rairai_0275.opus",".opus","28476"
"Voice\rairai_0276.opus",".opus","9095"
"Voice\rairai_0277.opus",".opus","64232"
"Voice\rairai_0278.opus",".opus","84745"
"Voice\rairai_0279.opus",".opus","13721"
"Voice\rairai_0280.opus",".opus","45996"
"Voice\rairai_0281.opus",".opus","24743"
"Voice\rairai_0282.opus",".opus","40562"
"Voice\rairai_0283.opus",".opus","39558"
"Voice\rairai_0284.opus",".opus","78526"
"Voice\rairai_0285.opus",".opus","137153"
"Voice\rairai_0286.opus",".opus","93240"
"Voice\rairai_0287.opus",".opus","38823"
"Voice\rairai_0288.opus",".opus","32753"
"Voice\rairai_0289.opus",".opus","20523"
"Voice\rairai_0290.opus",".opus","78738"
"Voice\rairai_0291.opus",".opus","23251"
"Voice\rairai_0292.opus",".opus","29610"
"Voice\rairai_0293.opus",".opus","37455"
"Voice\rairai_0294.opus",".opus","26992"
"Voice\rairai_0295.opus",".opus","4330"
"Voice\rairai_0296.opus",".opus","76305"
"Voice\rairai_0297.opus",".opus","55353"
"Voice\rairai_0298.opus",".opus","70008"
"Voice\rairai_0299.opus",".opus","61195"
"Voice\rairai_0300.opus",".opus","82907"
"Voice\rairai_0301.opus",".opus","47313"
"Voice\rairai_0302.opus",".opus","55244"
"Voice\rairai_0303.opus",".opus","16075"
"Voice\rairai_0304.opus",".opus","58791"
"Voice\rairai_0305.opus",".opus","36410"
"Voice\rairai_0306.opus",".opus","97260"
"Voice\rairai_0307.opus",".opus","21030"
"Voice\rairai_0308.opus",".opus","58502"
"Voice\rairai_0309.opus",".opus","49817"
"Voice\rairai_0310.opus",".opus","78487"
"Voice\rairai_0311.opus",".opus","38308"
"Voice\rairai_0312.opus",".opus","44824"
"Voice\rairai_0313.opus",".opus","68026"
"Voice\rairai_0314.opus",".opus","107654"
"Voice\rairai_0315.opus",".opus","43276"
"Voice\rairai_0316.opus",".opus","85930"
"Voice\rairai_0317.opus",".opus","137459"
"Voice\rairai_0318.opus",".opus","33288"
"Voice\rairai_0319.opus",".opus","69426"
"Voice\rairai_0320.opus",".opus","17608"
"Voice\rairai_0321.opus",".opus","98017"
"Voice\rairai_0322.opus",".opus","45179"
"Voice\rairai_0323.opus",".opus","32607"
"Voice\rairai_0324.opus",".opus","24783"
"Voice\rairai_0325.opus",".opus","27405"
"Voice\rairai_0326.opus",".opus","50584"
"Voice\rairai_0327.opus",".opus","31251"
"Voice\rairai_0328.opus",".opus","95535"
"Voice\rairai_0329.opus",".opus","43333"
"Voice\rairai_0330.opus",".opus","96088"
"Voice\rairai_0331.opus",".opus","22571"
"Voice\rairai_0332.opus",".opus","9986"
"Voice\rairai_0333.opus",".opus","86789"
"Voice\rairai_0334.opus",".opus","23523"
"Voice\rairai_0335.opus",".opus","176188"
"Voice\rairai_0336.opus",".opus","46172"
"Voice\rairai_0337.opus",".opus","29168"
"Voice\rairai_0338.opus",".opus","56350"
"Voice\rairai_0339.opus",".opus","21797"
"Voice\rairai_0340.opus",".opus","88836"
"Voice\rairai_0341.opus",".opus","47724"
"Voice\rairai_0342.opus",".opus","126202"
"Voice\rairai_0343.opus",".opus","134017"
"Voice\rairai_0344.opus",".opus","82835"
"Voice\rairai_0345.opus",".opus","19902"
"Voice\rairai_0346.opus",".opus","58472"
"Voice\rairai_0347.opus",".opus","77784"
"Voice\rairai_0348.opus",".opus","115265"
"Voice\rairai_0349.opus",".opus","19569"
"Voice\rairai_0350.opus",".opus","86241"
"Voice\rairai_0351.opus",".opus","12430"
"Voice\rairai_0352.opus",".opus","70443"
"Voice\rairai_0353.opus",".opus","17320"
"Voice\rairai_0354.opus",".opus","53729"
"Voice\rairai_0355.opus",".opus","47662"
"Voice\rairai_0356.opus",".opus","46394"
"Voice\rairai_0357.opus",".opus","31722"
"Voice\rairai_0358.opus",".opus","79689"
"Voice\rairai_0359.opus",".opus","30420"
"Voice\rairai_0360.opus",".opus","64024"
"Voice\rairai_0361.opus",".opus","85941"
"Voice\rairai_0362.opus",".opus","53003"
"Voice\rairai_0363.opus",".opus","156008"
"Voice\rairai_0364.opus",".opus","78401"
"Voice\rairai_0365.opus",".opus","91580"
"Voice\rairai_0366.opus",".opus","28051"
"Voice\rairai_0367.opus",".opus","125087"
"Voice\rairai_0368.opus",".opus","58835"
"Voice\rairai_0369.opus",".opus","77984"
"Voice\rairai_0370.opus",".opus","14663"
"Voice\rairai_0371.opus",".opus","79291"
"Voice\rairai_0372.opus",".opus","62483"
"Voice\rairai_0373.opus",".opus","109258"
"Voice\rairai_0374.opus",".opus","46143"
"Voice\rairai_0375.opus",".opus","78864"
"Voice\rairai_0376.opus",".opus","10564"
"Voice\rairai_0377.opus",".opus","45787"
"Voice\rairai_0378.opus",".opus","51536"
"Voice\rairai_0379.opus",".opus","9929"
"Voice\rairai_0380.opus",".opus","42357"
"Voice\rairai_0381.opus",".opus","6517"
"Voice\rairai_0382.opus",".opus","66483"
"Voice\rairai_0383.opus",".opus","166079"
"Voice\rairai_0384.opus",".opus","136945"
"Voice\rairai_0385.opus",".opus","6653"
"Voice\rairai_0386.opus",".opus","110292"
"Voice\rairai_0387.opus",".opus","41580"
"Voice\rairai_0388.opus",".opus","49354"
"Voice\rairai_0389.opus",".opus","24241"
"Voice\rairai_0390.opus",".opus","37871"
"Voice\rairai_0391.opus",".opus","79193"
"Voice\rairai_0392.opus",".opus","20027"
"Voice\rairai_0393.opus",".opus","15092"
"Voice\rairai_0394.opus",".opus","50389"
"Voice\rairai_0395.opus",".opus","78856"
"Voice\rairai_0396.opus",".opus","6916"
"Voice\rairai_0397.opus",".opus","39061"
"Voice\rairai_0398.opus",".opus","15358"
"Voice\rairai_0399.opus",".opus","12969"
"Voice\rairai_0400.opus",".opus","6023"
"Voice\rairai_0401.opus",".opus","20512"
"Voice\rairai_0402.opus",".opus","75171"
"Voice\rairai_0403.opus",".opus","55658"
"Voice\rairai_0404.opus",".opus","28685"
"Voice\rairai_0405.opus",".opus","43997"
"Voice\rairai_0406.opus",".opus","77069"
"Voice\rairai_0407.opus",".opus","23016"
"Voice\rairai_0408.opus",".opus","38920"
"Voice\rairai_0409.opus",".opus","60237"
"Voice\rairai_0410.opus",".opus","55276"
"Voice\rairai_0411.opus",".opus","11702"
"Voice\rairai_0412.opus",".opus","51175"
"Voice\rairai_0413.opus",".opus","8464"
"Voice\rairai_0414.opus",".opus","84567"
"Voice\rairai_0415.opus",".opus","61339"
"Voice\rairai_0416.opus",".opus","55679"
"Voice\rairai_0417.opus",".opus","8083"
"Voice\rairai_0418.opus",".opus","11213"
"Voice\rairai_0419.opus",".opus","61910"
"Voice\rairai_0420.opus",".opus","177816"
"Voice\rairai_0421.opus",".opus","150533"
"Voice\rairai_0422.opus",".opus","57761"
"Voice\rairai_0423.opus",".opus","31611"
"Voice\rairai_0424.opus",".opus","65461"
"Voice\rairai_0425.opus",".opus","7738"
"Voice\rairai_0426.opus",".opus","24332"
"Voice\rairai_0427.opus",".opus","12370"
"Voice\rairai_0428.opus",".opus","7270"
"Voice\rairai_0429.opus",".opus","44658"
"Voice\rairai_0430.opus",".opus","33773"
"Voice\rairai_0431.opus",".opus","40954"
"Voice\rairai_0432.opus",".opus","57879"
"Voice\rairai_0433.opus",".opus","31161"
"Voice\rairai_0434.opus",".opus","66519"
"Voice\rairai_0435.opus",".opus","65160"
"Voice\rairai_0436.opus",".opus","70712"
"Voice\rairai_0437.opus",".opus","67331"
"Voice\rairai_0438.opus",".opus","21061"
"Voice\rairai_0439.opus",".opus","85888"
"Voice\rairai_0440.opus",".opus","40787"
"Voice\rairai_0441.opus",".opus","147790"
"Voice\rairai_0442.opus",".opus","62059"
"Voice\rairai_0443.opus",".opus","56931"
"Voice\rairai_0444.opus",".opus","97151"
"Voice\rairai_0445.opus",".opus","102777"
"Voice\rairai_0446.opus",".opus","78510"
"Voice\rairai_0447.opus",".opus","85320"
"Voice\rairai_0448.opus",".opus","46993"
"Voice\rairai_0449.opus",".opus","112324"
"Voice\rairai_0450.opus",".opus","48746"
"Voice\rairai_0451.opus",".opus","76512"
"Voice\rairai_0452.opus",".opus","49087"
"Voice\rairai_0453.opus",".opus","83763"
"Voice\rairai_0454.opus",".opus","85297"
"Voice\rairai_0455.opus",".opus","109237"
"Voice\rairai_0456.opus",".opus","53893"
"Voice\rairai_0457.opus",".opus","15457"
"Voice\rairai_0458.opus",".opus","33884"
"Voice\rairai_0459.opus",".opus","46851"
"Voice\rairai_0460.opus",".opus","56253"
"Voice\rairai_0461.opus",".opus","4541"
"Voice\rairai_0462.opus",".opus","80270"
"Voice\rairai_0463.opus",".opus","10896"
"Voice\rairai_0464.opus",".opus","72440"
"Voice\rairai_0465.opus",".opus","100895"
"Voice\rairai_0466.opus",".opus","20349"
"Voice\rairai_0467.opus",".opus","41766"
"Voice\rairai_0468.opus",".opus","56724"
"Voice\rairai_0469.opus",".opus","51105"
"Voice\rairai_0470.opus",".opus","48885"
"Voice\rairai_0471.opus",".opus","105291"
"Voice\rairai_0472.opus",".opus","56928"
"Voice\rairai_0473.opus",".opus","11350"
"Voice\rairai_0474.opus",".opus","44924"
"Voice\rairai_0475.opus",".opus","11295"
"Voice\rairai_0476.opus",".opus","46661"
"Voice\rairai_0477.opus",".opus","65421"
"Voice\rairai_0478.opus",".opus","71559"
"Voice\rairai_0479.opus",".opus","48182"
"Voice\rairai_0481.opus",".opus","50469"
"Voice\rairai_0482.opus",".opus","102833"
"Voice\rairai_0483.opus",".opus","95294"
"Voice\rairai_0484.opus",".opus","66948"
"Voice\rairai_0485.opus",".opus","38095"
"Voice\rairai_0486.opus",".opus","38185"
"Voice\rairai_0487.opus",".opus","79496"
"Voice\rairai_0488.opus",".opus","83479"
"Voice\rairai_0489.opus",".opus","53267"
"Voice\rairai_0490.opus",".opus","28012"
"Voice\rairai_0491.opus",".opus","41927"
"Voice\rairai_0492.opus",".opus","52335"
"Voice\rairai_0493.opus",".opus","14103"
"Voice\rairai_0494.opus",".opus","69138"
"Voice\rairai_0495.opus",".opus","69589"
"Voice\rairai_0496.opus",".opus","50818"
"Voice\rairai_0497.opus",".opus","77071"
"Voice\rairai_0498.opus",".opus","55938"
"Voice\rairai_0499.opus",".opus","5733"
"Voice\rairai_0500.opus",".opus","42919"
"Voice\rairai_0501.opus",".opus","73254"
"Voice\rairai_0502.opus",".opus","82166"
"Voice\rairai_0503.opus",".opus","109877"
"Voice\rairai_0504.opus",".opus","115451"
"Voice\rairai_0505.opus",".opus","100702"
"Voice\rairai_0506.opus",".opus","109266"
"Voice\rairai_0507.opus",".opus","113351"
"Voice\rairai_0508.opus",".opus","74500"
"Voice\rairai_0509.opus",".opus","131387"
"Voice\rairai_0510.opus",".opus","70375"
"Voice\rairai_0511.opus",".opus","62206"
"Voice\rairai_0512a.opus",".opus","46995"
"Voice\rairai_0512b.opus",".opus","66868"
"Voice\rairai_0513.opus",".opus","96995"
"Voice\rairai_0514.opus",".opus","148633"
"Voice\rairai_0515.opus",".opus","173221"
"Voice\rairai_0516.opus",".opus","60575"
"Voice\rairai_0517.opus",".opus","53014"
"Voice\rairai_0518.opus",".opus","61057"
"Voice\rairai_0519.opus",".opus","96676"
"Voice\rairai_0520.opus",".opus","51987"
"Voice\rairai_0521.opus",".opus","30563"
"Voice\rairai_0522.opus",".opus","62763"
"Voice\rairai_0523.opus",".opus","26629"
"Voice\rairai_0524.opus",".opus","60892"
"Voice\rairai_0525.opus",".opus","65202"
"Voice\rairai_0526.opus",".opus","158052"
"Voice\rairai_0527.opus",".opus","54452"
"Voice\rairai_0528.opus",".opus","70825"
"Voice\rairai_0529.opus",".opus","63700"
"Voice\rairai_0530.opus",".opus","26357"
"Voice\rairai_0531.opus",".opus","74801"
"Voice\rairai_0532.opus",".opus","48365"
"Voice\rairai_0533.opus",".opus","68226"
"Voice\rairai_0534.opus",".opus","80477"
"Voice\rairai_0535.opus",".opus","117219"
"Voice\rairai_0536.opus",".opus","12673"
"Voice\rairai_0537.opus",".opus","85672"
"Voice\rairai_0538.opus",".opus","158936"
"Voice\rairai_0539.opus",".opus","119579"
"Voice\rairai_0540.opus",".opus","10513"
"Voice\rairai_0541.opus",".opus","29659"
"Voice\rairai_0542.opus",".opus","48724"
"Voice\rairai_0543.opus",".opus","8030"
"Voice\rairai_0544.opus",".opus","71001"
"Voice\rairai_0545.opus",".opus","7118"
"Voice\rairai_0546.opus",".opus","76916"
"Voice\rairai_0547.opus",".opus","6835"
"Voice\rairai_0548.opus",".opus","14270"
"Voice\rairai_0549.opus",".opus","61983"
"Voice\rairai_0550.opus",".opus","93392"
"Voice\rairai_0551.opus",".opus","127301"
"Voice\rairai_0552.opus",".opus","49797"
"Voice\rairai_0553.opus",".opus","71980"
"Voice\rairai_0554.opus",".opus","46893"
"Voice\rairai_0555.opus",".opus","65238"
"Voice\rairai_0556.opus",".opus","46524"
"Voice\rairai_0557.opus",".opus","53318"
"Voice\rairai_0558.opus",".opus","13024"
"Voice\rairai_0559.opus",".opus","12963"
"Voice\rairai_0560.opus",".opus","41863"
"Voice\rairai_0561.opus",".opus","67382"
"Voice\rairai_0562.opus",".opus","120032"
"Voice\rairai_0563.opus",".opus","14670"
"Voice\rairai_0564.opus",".opus","120032"
"Voice\rairai_0565.opus",".opus","39333"
"Voice\rairai_0566.opus",".opus","20435"
"Voice\rairai_0567.opus",".opus","24251"
"Voice\rairai_0568.opus",".opus","136585"
"Voice\rairai_0569.opus",".opus","80844"
"Voice\rairai_0570.opus",".opus","92230"
"Voice\rairai_0571.opus",".opus","65869"
"Voice\rairai_0572.opus",".opus","48174"
"Voice\rairai_0573.opus",".opus","42218"
"Voice\rairai_0574.opus",".opus","22373"
"Voice\rairai_0575.opus",".opus","9950"
"Voice\rairai_0576.opus",".opus","68948"
"Voice\rairai_0577.opus",".opus","71028"
"Voice\rairai_0578.opus",".opus","91344"
"Voice\rairai_0579.opus",".opus","46543"
"Voice\rairai_0580.opus",".opus","94499"
"Voice\rairai_0581.opus",".opus","47273"
"Voice\rairai_0582.opus",".opus","33532"
"Voice\rairai_0583.opus",".opus","142061"
"Voice\rairai_0584.opus",".opus","87585"
"Voice\rairai_0585.opus",".opus","13229"
"Voice\rairai_0586.opus",".opus","62053"
"Voice\rairai_0587.opus",".opus","23671"
"Voice\rairai_0588.opus",".opus","3917"
"Voice\rairai_0589.opus",".opus","23066"
"Voice\rairai_0590.opus",".opus","91065"
"Voice\rairai_0591.opus",".opus","77137"
"Voice\rairai_0592.opus",".opus","73117"
"Voice\rairai_0593.opus",".opus","53165"
"Voice\rairai_0594.opus",".opus","4859"
"Voice\rairai_0595.opus",".opus","7785"
"Voice\rairai_0596.opus",".opus","53031"
"Voice\rairai_0597.opus",".opus","6050"
"Voice\rairai_0598.opus",".opus","76542"
"Voice\rairai_0599.opus",".opus","9096"
"Voice\rairai_0600.opus",".opus","127031"
"Voice\rairai_0601.opus",".opus","10847"
"Voice\rairai_0602.opus",".opus","90450"
"Voice\rairai_0603.opus",".opus","10675"
"Voice\rairai_0604.opus",".opus","45802"
"Voice\rairai_0605.opus",".opus","57912"
"Voice\rairai_0606.opus",".opus","48675"
"Voice\rairai_0607.opus",".opus","71721"
"Voice\rairai_0608.opus",".opus","47681"
"Voice\rairai_0609.opus",".opus","12871"
"Voice\rairai_0611.opus",".opus","32237"
"Voice\rairai_0612.opus",".opus","81533"
"Voice\rairai_0613.opus",".opus","3294"
"Voice\rairai_0614.opus",".opus","52934"
"Voice\rairai_0615.opus",".opus","26922"
"Voice\rairai_0616.opus",".opus","17895"
"Voice\rairai_0617.opus",".opus","48279"
"Voice\rairai_0618.opus",".opus","51064"
"Voice\rairai_0619.opus",".opus","5612"
"Voice\rairai_0620.opus",".opus","59895"
"Voice\rairai_0621.opus",".opus","25655"
"Voice\rairai_0622.opus",".opus","70017"
"Voice\rairai_0623.opus",".opus","75007"
"Voice\rairai_0624.opus",".opus","41244"
"Voice\rairai_0625.opus",".opus","52523"
"Voice\rairai_0626.opus",".opus","93519"
"Voice\rairai_0627.opus",".opus","10874"
"Voice\rairai_0628.opus",".opus","73863"
"Voice\rairai_0629.opus",".opus","32952"
"Voice\rairai_0630.opus",".opus","7508"
"Voice\rairai_0631.opus",".opus","3691"
"Voice\rairai_0632.opus",".opus","35448"
"Voice\rairai_0633.opus",".opus","7857"
"Voice\rairai_0634.opus",".opus","23775"
"Voice\rairai_0635.opus",".opus","36308"
"Voice\rairai_0636.opus",".opus","82969"
"Voice\rairai_0637.opus",".opus","52921"
"Voice\rairai_0638.opus",".opus","50612"
"Voice\rairai_0639.opus",".opus","23091"
"Voice\rairai_0640.opus",".opus","30251"
"Voice\rairai_0641.opus",".opus","86381"
"Voice\rairai_0642.opus",".opus","87906"
"Voice\rairai_0643.opus",".opus","107901"
"Voice\rairai_0644.opus",".opus","49382"
"Voice\rairai_0645.opus",".opus","43262"
"Voice\rairai_0646.opus",".opus","49011"
"Voice\rairai_0647.opus",".opus","91840"
"Voice\rairai_0648.opus",".opus","5629"
"Voice\rairai_0649.opus",".opus","16147"
"Voice\rairai_0650.opus",".opus","20398"
"Voice\rairai_0651.opus",".opus","48041"
"Voice\rairai_0652.opus",".opus","55831"
"Voice\rairai_0653.opus",".opus","97571"
"Voice\rairai_0654.opus",".opus","86041"
"Voice\rairai_0655.opus",".opus","4730"
"Voice\rairai_0656.opus",".opus","20307"
"Voice\rairai_0657.opus",".opus","66283"
"Voice\rairai_0658.opus",".opus","90581"
"Voice\rairai_0659.opus",".opus","15509"
"Voice\rairai_0660.opus",".opus","41074"
"Voice\rairai_0661.opus",".opus","32371"
"Voice\rairai_0662.opus",".opus","3553"
"Voice\rairai_0663.opus",".opus","28877"
"Voice\rairai_0664.opus",".opus","10116"
"Voice\rairai_0665.opus",".opus","28346"
"Voice\rairai_0666.opus",".opus","39165"
"Voice\rairai_0667.opus",".opus","20967"
"Voice\rairai_0668.opus",".opus","30842"
"Voice\rairai_0669.opus",".opus","24694"
"Voice\rairai_0670.opus",".opus","76612"
"Voice\rairai_0671.opus",".opus","20198"
"Voice\rairai_0672.opus",".opus","11350"
"Voice\rairai_0673.opus",".opus","54379"
"Voice\rairai_0674.opus",".opus","31874"
"Voice\rairai_0675.opus",".opus","7448"
"Voice\rairai_0676.opus",".opus","17702"
"Voice\rairai_0677.opus",".opus","20414"
"Voice\rairai_0678.opus",".opus","13256"
"Voice\rairai_0679.opus",".opus","14968"
"Voice\rairai_0680.opus",".opus","7320"
"Voice\rairai_0681.opus",".opus","13210"
"Voice\rairai_0682.opus",".opus","17147"
"Voice\rairai_0683.opus",".opus","17188"
"Voice\rairai_0684.opus",".opus","23514"
"Voice\rairai_0685.opus",".opus","6523"
"Voice\rairai_0686.opus",".opus","25415"
"Voice\rairai_0687.opus",".opus","17984"
"Voice\rairai_0688.opus",".opus","18095"
"Voice\rairai_0689.opus",".opus","35059"
"Voice\rairai_0690.opus",".opus","30981"
"Voice\rairai_0691.opus",".opus","30351"
"Voice\rairai_0692.opus",".opus","15613"
"Voice\rairai_0693.opus",".opus","18850"
"Voice\rairai_0694.opus",".opus","23307"
"Voice\rairai_0695.opus",".opus","45439"
"Voice\rairai_0696.opus",".opus","27105"
"Voice\rairai_0697.opus",".opus","6235"
"Voice\rairai_0698.opus",".opus","10646"
"Voice\rairai_0699.opus",".opus","34384"
"Voice\rairai_0700.opus",".opus","38512"
"Voice\rairai_0701.opus",".opus","63175"
"Voice\rairai_0702.opus",".opus","31518"
"Voice\rairai_0703.opus",".opus","18834"
"Voice\rairai_0704.opus",".opus","16589"
"Voice\rairai_0705.opus",".opus","30292"
"Voice\rairai_0706.opus",".opus","30607"
"Voice\rairai_0707.opus",".opus","36260"
"Voice\rairai_0708.opus",".opus","108074"
"Voice\rairai_0709.opus",".opus","128023"
"Voice\rairai_0710.opus",".opus","151910"
"Voice\rairai_0711.opus",".opus","87996"
"Voice\rairai_0712.opus",".opus","17807"
"Voice\rairai_0713.opus",".opus","46288"
"Voice\rairai_0714.opus",".opus","64662"
"Voice\rairai_0715.opus",".opus","49105"
"Voice\rairai_0716.opus",".opus","112506"
"Voice\rairai_0717.opus",".opus","63272"
"Voice\rairai_0718.opus",".opus","58228"
"Voice\rairai_0719.opus",".opus","24867"
"Voice\rairai_0720.opus",".opus","100370"
"Voice\rairai_0721.opus",".opus","49046"
"Voice\rairai_0722.opus",".opus","109914"
"Voice\rairai_0723.opus",".opus","135387"
"Voice\rairai_0724.opus",".opus","91429"
"Voice\rairai_0725.opus",".opus","95132"
"Voice\rairai_0726.opus",".opus","103310"
"Voice\rairai_0727.opus",".opus","27254"
"Voice\rairai_0728.opus",".opus","36317"
"Voice\rairai_0729.opus",".opus","48316"
"Voice\rairai_0730.opus",".opus","10253"
"Voice\rairai_0731.opus",".opus","29730"
"Voice\rairai_0732.opus",".opus","23101"
"Voice\rairai_0733.opus",".opus","145237"
"Voice\rairai_0734.opus",".opus","97704"
"Voice\rairai_0735.opus",".opus","126012"
"Voice\rairai_0736.opus",".opus","12729"
"Voice\rairai_0737.opus",".opus","77369"
"Voice\rairai_0738.opus",".opus","73373"
"Voice\rairai_0739.opus",".opus","26070"
"Voice\rairai_0740.opus",".opus","30727"
"Voice\rairai_0741.opus",".opus","47051"
"Voice\rairai_0742.opus",".opus","53164"
"Voice\rairai_0743.opus",".opus","72218"
"Voice\rairai_0744.opus",".opus","35974"
"Voice\rairai_0745.opus",".opus","128900"
"Voice\rairai_0746.opus",".opus","176365"
"Voice\rairai_0747.opus",".opus","4047"
"Voice\rairai_0748.opus",".opus","176867"
"Voice\rairai_0749.opus",".opus","81364"
"Voice\rairai_0750.opus",".opus","58952"
"Voice\rairai_0751.opus",".opus","101788"
"Voice\rairai_0752.opus",".opus","75190"
"Voice\rairai_0753.opus",".opus","75364"
"Voice\rairai_0754.opus",".opus","122923"
"Voice\rairai_0755.opus",".opus","131839"
"Voice\rairai_0756.opus",".opus","94795"
"Voice\rairai_0757.opus",".opus","39072"
"Voice\rairai_0758.opus",".opus","34290"
"Voice\rairai_0759.opus",".opus","55423"
"Voice\rairai_0760.opus",".opus","4127"
"Voice\rairai_0761.opus",".opus","28116"
"Voice\rairai_0762.opus",".opus","32009"
"Voice\rairai_0763.opus",".opus","62636"
"Voice\rairai_0764.opus",".opus","22161"
"Voice\rairai_0765.opus",".opus","13549"
"Voice\rairai_0766.opus",".opus","24072"
"Voice\rairai_0767.opus",".opus","31222"
"Voice\rairai_0768.opus",".opus","26798"
"Voice\rairai_0769.opus",".opus","41751"
"Voice\rairai_0770.opus",".opus","53668"
"Voice\rairai_0771.opus",".opus","23129"
"Voice\rairai_0772.opus",".opus","14817"
"Voice\rairai_0773.opus",".opus","42741"
"Voice\rairai_0774a.opus",".opus","60686"
"Voice\rairai_0774b.opus",".opus","23304"
"Voice\rairai_0775.opus",".opus","50571"
"Voice\rairai_0776.opus",".opus","30053"
"Voice\rairai_0777.opus",".opus","51895"
"Voice\rairai_0778.opus",".opus","43182"
"Voice\rairai_0779.opus",".opus","6613"
"Voice\rairai_0780.opus",".opus","76523"
"Voice\rairai_0781.opus",".opus","19883"
"Voice\rairai_0782.opus",".opus","41361"
"Voice\rairai_0783.opus",".opus","15992"
"Voice\rairai_0784.opus",".opus","13870"
"Voice\rairai_0785.opus",".opus","17505"
"Voice\rairai_0786.opus",".opus","36349"
"Voice\rairai_0787.opus",".opus","58786"
"Voice\rairai_0788.opus",".opus","29866"
"Voice\rairai_0789.opus",".opus","3384"
"Voice\rairai_0790.opus",".opus","116109"
"Voice\rairai_0791.opus",".opus","36506"
"Voice\rairai_0792.opus",".opus","43450"
"Voice\rairai_0793.opus",".opus","72797"
"Voice\rairai_0794.opus",".opus","54611"
"Voice\rairai_0795.opus",".opus","29744"
"Voice\rairai_0796.opus",".opus","14769"
"Voice\rairai_0797.opus",".opus","8456"
"Voice\reiji_0000.opus",".opus","23135"
"Voice\reiji_0001.opus",".opus","57820"
"Voice\reiji_0002.opus",".opus","61216"
"Voice\reiji_0003.opus",".opus","66376"
"Voice\reiji_0004.opus",".opus","35475"
"Voice\reiji_0005.opus",".opus","121017"
"Voice\reiji_0006.opus",".opus","106298"
"Voice\reiji_0007.opus",".opus","51301"
"Voice\reiji_0008.opus",".opus","5154"
"Voice\reiji_0009.opus",".opus","46642"
"Voice\reiji_0010.opus",".opus","62590"
"Voice\reiji_0011.opus",".opus","6325"
"Voice\reiji_0012.opus",".opus","51333"
"Voice\reiji_0013.opus",".opus","102214"
"Voice\reiji_0014.opus",".opus","93759"
"Voice\reiji_0015.opus",".opus","21529"
"Voice\reiji_0016.opus",".opus","28629"
"Voice\reiji_0017.opus",".opus","37940"
"Voice\reiji_0018.opus",".opus","72426"
"Voice\reiji_0019.opus",".opus","6090"
"Voice\reiji_0020.opus",".opus","37650"
"Voice\reiji_0021.opus",".opus","100834"
"Voice\reiji_0022.opus",".opus","64643"
"Voice\reiji_0023.opus",".opus","143749"
"Voice\reiji_0024.opus",".opus","81376"
"Voice\reiji_0025.opus",".opus","46687"
"Voice\reiji_0026.opus",".opus","23224"
"Voice\reiji_0027.opus",".opus","133525"
"Voice\reiji_0028.opus",".opus","91758"
"Voice\reiji_0029.opus",".opus","37446"
"Voice\reiji_0030.opus",".opus","85919"
"Voice\reiji_0031.opus",".opus","65082"
"Voice\reiji_0032.opus",".opus","33923"
"Voice\reiji_0033.opus",".opus","26044"
"Voice\reiji_0034.opus",".opus","44443"
"Voice\reiji_0035.opus",".opus","16039"
"Voice\reiji_0036.opus",".opus","13748"
"Voice\reiji_0037.opus",".opus","16008"
"Voice\reiji_0038.opus",".opus","22101"
"Voice\reiji_0039.opus",".opus","116181"
"Voice\reiji_0040.opus",".opus","102338"
"Voice\reiji_0041.opus",".opus","29560"
"Voice\reiji_0042.opus",".opus","29110"
"Voice\reiji_0043.opus",".opus","29189"
"Voice\reiji_0044.opus",".opus","61035"
"Voice\reiji_0045.opus",".opus","16613"
"Voice\reiji_0046.opus",".opus","38224"
"Voice\reiji_0047.opus",".opus","55656"
"Voice\reiji_0048.opus",".opus","41498"
"Voice\reiji_0049.opus",".opus","76182"
"Voice\reiji_0050.opus",".opus","58937"
"Voice\reiji_0051.opus",".opus","36845"
"Voice\reiji_0052.opus",".opus","76721"
"Voice\reiji_0053.opus",".opus","54784"
"Voice\reiji_0054.opus",".opus","49804"
"Voice\reiji_0055.opus",".opus","89634"
"Voice\reiji_0056.opus",".opus","11598"
"Voice\reiji_0057.opus",".opus","41916"
"Voice\reiji_0058.opus",".opus","84124"
"Voice\reiji_0059.opus",".opus","10251"
"Voice\reiji_0060.opus",".opus","88957"
"Voice\reiji_0061.opus",".opus","107509"
"Voice\reiji_0062.opus",".opus","35480"
"Voice\reiji_0063.opus",".opus","71982"
"Voice\reiji_0064.opus",".opus","8455"
"Voice\reiji_0065.opus",".opus","94275"
"Voice\reiji_0066.opus",".opus","90460"
"Voice\reiji_0067.opus",".opus","30646"
"Voice\reiji_0068.opus",".opus","96671"
"Voice\reiji_0069.opus",".opus","117281"
"Voice\reiji_0070.opus",".opus","117831"
"Voice\reiji_0071.opus",".opus","126577"
"Voice\reiji_0072.opus",".opus","122939"
"Voice\reiji_0073.opus",".opus","37097"
"Voice\rize_0000.opus",".opus","25316"
"Voice\rize_0001.opus",".opus","12814"
"Voice\rize_0002.opus",".opus","24864"
"Voice\rize_0003.opus",".opus","13364"
"Voice\rize_0004.opus",".opus","34092"
"Voice\rize_0005.opus",".opus","36123"
"Voice\rize_0006.opus",".opus","10737"
"Voice\rize_0007.opus",".opus","22357"
"Voice\rize_0008.opus",".opus","50995"
"Voice\rize_0009.opus",".opus","8680"
"Voice\rize_0010.opus",".opus","30585"
"Voice\rize_0011.opus",".opus","36751"
"Voice\rize_0012.opus",".opus","29104"
"Voice\rize_0013.opus",".opus","72677"
"Voice\rize_0014.opus",".opus","29408"
"Voice\rize_0015.opus",".opus","46984"
"Voice\rize_0016.opus",".opus","52840"
"Voice\rize_0017.opus",".opus","52941"
"Voice\rize_0018.opus",".opus","6581"
"Voice\rize_0019.opus",".opus","50717"
"Voice\rize_0020.opus",".opus","53748"
"Voice\rize_0021.opus",".opus","51254"
"Voice\rize_0022.opus",".opus","99770"
"Voice\rize_0023.opus",".opus","106824"
"Voice\rize_0024.opus",".opus","74753"
"Voice\rize_0025.opus",".opus","58689"
"Voice\rize_0026.opus",".opus","41939"
"Voice\rize_0028.opus",".opus","64031"
"Voice\rize_0029.opus",".opus","18137"
"Voice\rize_0030.opus",".opus","32165"
"Voice\rize_0031.opus",".opus","11217"
"Voice\rize_0032.opus",".opus","60260"
"Voice\rize_0033.opus",".opus","68071"
"Voice\rize_0034.opus",".opus","82273"
"Voice\rize_0035.opus",".opus","11437"
"Voice\rize_0036.opus",".opus","79796"
"Voice\rize_0037.opus",".opus","141214"
"Voice\rize_0038.opus",".opus","73296"
"Voice\rize_0039.opus",".opus","132938"
"Voice\rize_0040.opus",".opus","82473"
"Voice\rize_0041.opus",".opus","22743"
"Voice\rize_0042.opus",".opus","24809"
"Voice\rize_0043.opus",".opus","65740"
"Voice\rize_0044.opus",".opus","76619"
"Voice\rize_0045.opus",".opus","71751"
"Voice\rize_0046.opus",".opus","101083"
"Voice\rize_0047.opus",".opus","84151"
"Voice\rize_0048.opus",".opus","33058"
"Voice\rize_0049.opus",".opus","84130"
"Voice\rize_0050.opus",".opus","46346"
"Voice\rize_0051.opus",".opus","36166"
"Voice\rize_0052.opus",".opus","16088"
"Voice\rize_0053.opus",".opus","119827"
"Voice\rize_0054.opus",".opus","30525"
"Voice\rize_0055.opus",".opus","8018"
"Voice\rize_0056.opus",".opus","64503"
"Voice\rize_0057.opus",".opus","113559"
"Voice\rize_0058.opus",".opus","64426"
"Voice\rize_0059.opus",".opus","157040"
"Voice\rize_0060.opus",".opus","22438"
"Voice\rize_0061.opus",".opus","65988"
"Voice\rize_0062.opus",".opus","19156"
"Voice\rize_0063.opus",".opus","36691"
"Voice\rize_0064.opus",".opus","21215"
"Voice\rize_0065.opus",".opus","70767"
"Voice\rize_0066.opus",".opus","38455"
"Voice\rize_0067.opus",".opus","28887"
"Voice\rize_0068.opus",".opus","15089"
"Voice\rize_0069.opus",".opus","26241"
"Voice\rize_0070.opus",".opus","21446"
"Voice\rize_0071.opus",".opus","15001"
"Voice\rize_0072.opus",".opus","14307"
"Voice\rize_0073.opus",".opus","25828"
"Voice\rize_0074.opus",".opus","8315"
"Voice\rize_0075.opus",".opus","68638"
"Voice\rize_0077.opus",".opus","65453"
"Voice\rize_0078.opus",".opus","32119"
"Voice\rize_0079.opus",".opus","12102"
"Voice\rize_0080.opus",".opus","21593"
"Voice\rize_0081.opus",".opus","19181"
"Voice\rize_0082.opus",".opus","165633"
"Voice\rize_0083.opus",".opus","41813"
"Voice\rize_0084.opus",".opus","110752"
"Voice\rize_0085.opus",".opus","155345"
"Voice\rize_0086.opus",".opus","129048"
"Voice\rize_0087.opus",".opus","17399"
"Voice\rize_0088.opus",".opus","80957"
"Voice\rize_0089.opus",".opus","95398"
"Voice\rize_0090.opus",".opus","30376"
"Voice\rize_0091.opus",".opus","36614"
"Voice\rize_0092.opus",".opus","31697"
"Voice\rize_0093.opus",".opus","9354"
"Voice\rize_0094.opus",".opus","98959"
"Voice\rize_0095.opus",".opus","94311"
"Voice\rize_0096.opus",".opus","76184"
"Voice\rize_0097.opus",".opus","14720"
"Voice\rize_0098.opus",".opus","11976"
"Voice\rize_0099.opus",".opus","8032"
"Voice\rize_0100.opus",".opus","127722"
"Voice\rize_0101.opus",".opus","62467"
"Voice\rize_0102.opus",".opus","121530"
"Voice\rize_0103.opus",".opus","112006"
"Voice\rize_0104.opus",".opus","66331"
"Voice\rize_0105.opus",".opus","119129"
"Voice\rize_0106.opus",".opus","97900"
"Voice\rize_0107.opus",".opus","147276"
"Voice\rize_0108.opus",".opus","88101"
"Voice\rize_0109.opus",".opus","45790"
"Voice\rize_0111.opus",".opus","56332"
"Voice\rize_0112.opus",".opus","36587"
"Voice\rize_0113.opus",".opus","68439"
"Voice\rize_0114.opus",".opus","8950"
"Voice\rize_0115.opus",".opus","91057"
"Voice\rize_0116.opus",".opus","91368"
"Voice\rize_0117.opus",".opus","18964"
"Voice\rize_0118.opus",".opus","61205"
"Voice\rize_0119.opus",".opus","43088"
"Voice\rize_0120.opus",".opus","38322"
"Voice\rize_0121.opus",".opus","38325"
"Voice\rize_0122.opus",".opus","51388"
"Voice\rize_0123.opus",".opus","20166"
"Voice\rize_0127.opus",".opus","101861"
"Voice\rize_0128.opus",".opus","109714"
"Voice\rize_0129.opus",".opus","100214"
"Voice\rize_0130.opus",".opus","8279"
"Voice\rize_0131.opus",".opus","20449"
"Voice\rize_0132.opus",".opus","8016"
"Voice\rize_0133.opus",".opus","29707"
"Voice\rize_0134.opus",".opus","7642"
"Voice\rize_0135.opus",".opus","17709"
"Voice\rize_0136.opus",".opus","40308"
"Voice\rize_0137.opus",".opus","57975"
"Voice\rize_0138.opus",".opus","52965"
"Voice\rize_0139.opus",".opus","100679"
"Voice\rize_0140.opus",".opus","6353"
"Voice\rize_0141.opus",".opus","70847"
"Voice\rize_0142.opus",".opus","18047"
"Voice\rize_0143.opus",".opus","29797"
"Voice\rize_0144.opus",".opus","14814"
"Voice\rize_0145.opus",".opus","9308"
"Voice\rize_0146.opus",".opus","8510"
"Voice\rize_0147.opus",".opus","39079"
"Voice\rize_0148.opus",".opus","18583"
"Voice\rize_0149.opus",".opus","28783"
"Voice\rize_0150.opus",".opus","6388"
"Voice\rize_0151.opus",".opus","25099"
"Voice\rize_0152.opus",".opus","15336"
"Voice\rize_0153.opus",".opus","10933"
"Voice\rize_0154.opus",".opus","28831"
"Voice\rize_0155.opus",".opus","7016"
"Voice\rize_0156.opus",".opus","52231"
"Voice\rize_0157.opus",".opus","11335"
"Voice\rize_0158.opus",".opus","9866"
"Voice\rize_0159.opus",".opus","14056"
"Voice\rize_0160.opus",".opus","20613"
"Voice\rize_0161.opus",".opus","23967"
"Voice\rize_0163.opus",".opus","108514"
"Voice\rize_0164.opus",".opus","41919"
"Voice\rize_0165.opus",".opus","67999"
"Voice\rize_0166.opus",".opus","58861"
"Voice\rize_0167.opus",".opus","50409"
"Voice\rize_0168.opus",".opus","15457"
"Voice\rize_0169.opus",".opus","89824"
"Voice\rize_0170.opus",".opus","71496"
"Voice\rize_0171.opus",".opus","47096"
"Voice\rize_0172.opus",".opus","15384"
"Voice\rize_0173.opus",".opus","53524"
"Voice\rize_0174.opus",".opus","10683"
"Voice\rize_0175.opus",".opus","17495"
"Voice\rize_0176.opus",".opus","61387"
"Voice\rize_0177.opus",".opus","10872"
"Voice\rize_0178.opus",".opus","29614"
"Voice\rize_0179.opus",".opus","23711"
"Voice\rize_0180.opus",".opus","82653"
"Voice\rize_0181.opus",".opus","44220"
"Voice\rize_0182.opus",".opus","58566"
"Voice\rize_0183.opus",".opus","81186"
"Voice\rize_0184.opus",".opus","50226"
"Voice\rize_0185.opus",".opus","69115"
"Voice\rize_0186.opus",".opus","118004"
"Voice\rize_0187.opus",".opus","67225"
"Voice\rize_0188.opus",".opus","103329"
"Voice\rize_0189.opus",".opus","33522"
"Voice\rize_0190.opus",".opus","12036"
"Voice\rize_0191.opus",".opus","51212"
"Voice\rize_0192.opus",".opus","71125"
"Voice\rize_0193.opus",".opus","35976"
"Voice\rize_0194.opus",".opus","60943"
"Voice\rize_0195.opus",".opus","26802"
"Voice\rize_0196.opus",".opus","17398"
"Voice\rize_0197.opus",".opus","90078"
"Voice\rize_0198.opus",".opus","27485"
"Voice\rize_0199.opus",".opus","54085"
"Voice\rize_0200.opus",".opus","11811"
"Voice\rize_0201.opus",".opus","34588"
"Voice\rize_0202.opus",".opus","30296"
"Voice\rize_0203.opus",".opus","46767"
"Voice\rize_0204.opus",".opus","46340"
"Voice\rize_0205.opus",".opus","48295"
"Voice\rize_0206.opus",".opus","10119"
"Voice\rize_0207.opus",".opus","15706"
"Voice\rize_0208.opus",".opus","19325"
"Voice\rize_0209.opus",".opus","53694"
"Voice\rize_0210.opus",".opus","8460"
"Voice\rize_0211.opus",".opus","22013"
"Voice\rize_0212.opus",".opus","20493"
"Voice\rize_0213.opus",".opus","71088"
"Voice\rize_0214.opus",".opus","51429"
"Voice\rize_0215.opus",".opus","9522"
"Voice\rize_0216.opus",".opus","51533"
"Voice\rize_0217.opus",".opus","25989"
"Voice\rize_0218.opus",".opus","18447"
"Voice\rize_0219.opus",".opus","33080"
"Voice\rize_0220.opus",".opus","98104"
"Voice\rize_0221.opus",".opus","47083"
"Voice\rize_0222.opus",".opus","47158"
"Voice\rize_0223.opus",".opus","32887"
"Voice\rize_0224.opus",".opus","21937"
"Voice\rize_0225.opus",".opus","120376"
"Voice\rize_0226.opus",".opus","43707"
"Voice\rize_0227.opus",".opus","40604"
"Voice\rize_0228.opus",".opus","7517"
"Voice\rize_0229.opus",".opus","69375"
"Voice\rize_0230.opus",".opus","34670"
"Voice\rize_0231.opus",".opus","59743"
"Voice\rize_0232.opus",".opus","12237"
"Voice\rize_0233.opus",".opus","78883"
"Voice\rize_0234.opus",".opus","51859"
"Voice\rize_0235.opus",".opus","27925"
"Voice\rize_0236.opus",".opus","25670"
"Voice\rize_0237.opus",".opus","19520"
"Voice\rize_0238.opus",".opus","35744"
"Voice\rize_0239.opus",".opus","11575"
"Voice\rize_0240.opus",".opus","9096"
"Voice\rize_0241.opus",".opus","20561"
"Voice\rize_0242.opus",".opus","9685"
"Voice\rize_0243.opus",".opus","8995"
"Voice\rize_0244.opus",".opus","55633"
"Voice\rize_0245.opus",".opus","27361"
"Voice\rize_0246.opus",".opus","59437"
"Voice\rize_0247.opus",".opus","12094"
"Voice\rize_0248.opus",".opus","21239"
"Voice\rize_0249.opus",".opus","30633"
"Voice\rize_0250.opus",".opus","17990"
"Voice\rize_0251.opus",".opus","10853"
"Voice\rize_0252.opus",".opus","69369"
"Voice\rize_0253.opus",".opus","65505"
"Voice\rize_0254.opus",".opus","21422"
"Voice\rize_0255.opus",".opus","22356"
"Voice\rize_0256.opus",".opus","60831"
"Voice\rize_0257.opus",".opus","12336"
"Voice\rize_0258.opus",".opus","20390"
"Voice\rize_0259.opus",".opus","26333"
"Voice\rize_0260.opus",".opus","17897"
"Voice\rize_0261.opus",".opus","32924"
"Voice\rize_0262.opus",".opus","30719"
"Voice\rize_0263.opus",".opus","20148"
"Voice\rize_0264.opus",".opus","12271"
"Voice\rize_0265.opus",".opus","22552"
"Voice\rize_0266.opus",".opus","46118"
"Voice\rize_0267.opus",".opus","53813"
"Voice\rize_0268.opus",".opus","10926"
"Voice\rize_0269.opus",".opus","18773"
"Voice\rize_0270.opus",".opus","64807"
"Voice\rize_0271.opus",".opus","12506"
"Voice\rize_0272.opus",".opus","121503"
"Voice\rize_0273.opus",".opus","24048"
"Voice\rize_0274.opus",".opus","12408"
"Voice\rize_0275.opus",".opus","39560"
"Voice\rize_0276.opus",".opus","34856"
"Voice\rize_0277.opus",".opus","52698"
"Voice\rize_0278.opus",".opus","10768"
"Voice\rize_0279.opus",".opus","48233"
"Voice\rize_0280.opus",".opus","69007"
"Voice\rize_0281.opus",".opus","8947"
"Voice\rize_0282.opus",".opus","13205"
"Voice\rize_0283.opus",".opus","49567"
"Voice\rize_0284.opus",".opus","31503"
"Voice\rize_0285.opus",".opus","25206"
"Voice\rize_0286.opus",".opus","26248"
"Voice\rize_0287.opus",".opus","12339"
"Voice\rize_0288.opus",".opus","19593"
"Voice\rize_0289.opus",".opus","7609"
"Voice\rize_0292.opus",".opus","11881"
"Voice\rize_0293.opus",".opus","30211"
"Voice\rize_0294.opus",".opus","79832"
"Voice\rize_0295.opus",".opus","34545"
"Voice\rize_0296.opus",".opus","31770"
"Voice\rize_0297.opus",".opus","48830"
"Voice\rize_0298.opus",".opus","48020"
"Voice\rize_0299.opus",".opus","9905"
"Voice\rize_0300.opus",".opus","21089"
"Voice\rize_0301.opus",".opus","64285"
"Voice\rize_0302.opus",".opus","20003"
"Voice\rize_0303.opus",".opus","20312"
"Voice\rize_0304.opus",".opus","7483"
"Voice\rize_0305.opus",".opus","30679"
"Voice\rize_0306.opus",".opus","16652"
"Voice\rize_0307.opus",".opus","43130"
"Voice\rize_0308.opus",".opus","8506"
"Voice\rize_0309.opus",".opus","19696"
"Voice\rize_0310.opus",".opus","6771"
"Voice\rize_0311.opus",".opus","15072"
"Voice\rize_0312.opus",".opus","70176"
"Voice\rize_0314.opus",".opus","21347"
"Voice\rize_0345.opus",".opus","27136"
"Voice\rize_0346.opus",".opus","42298"
"Voice\rize_0347.opus",".opus","46153"
"Voice\rize_0348.opus",".opus","5947"
"Voice\rize_0349.opus",".opus","37110"
"Voice\rize_0350.opus",".opus","79069"
"Voice\rize_0351.opus",".opus","6020"
"Voice\rize_0352.opus",".opus","45781"
"Voice\rize_0353.opus",".opus","49061"
"Voice\rize_0354.opus",".opus","9676"
"Voice\rize_0355.opus",".opus","72941"
"Voice\rize_0356.opus",".opus","29282"
"Voice\rize_0357.opus",".opus","27001"
"Voice\rize_0358.opus",".opus","99771"
"Voice\rize_0359.opus",".opus","34482"
"Voice\rize_0360.opus",".opus","26385"
"Voice\rize_0361.opus",".opus","30536"
"Voice\rize_0362.opus",".opus","27058"
"Voice\rize_0363.opus",".opus","61684"
"Voice\rize_0364.opus",".opus","35886"
"Voice\rize_0365.opus",".opus","139732"
"Voice\rize_0366.opus",".opus","136950"
"Voice\rize_0367.opus",".opus","46984"
"Voice\rize_0368.opus",".opus","80797"
"Voice\rize_0369.opus",".opus","57504"
"Voice\rize_0370.opus",".opus","18579"
"Voice\rize_0371.opus",".opus","93301"
"Voice\rize_0372.opus",".opus","56170"
"Voice\rize_0373.opus",".opus","69526"
"Voice\rize_0374.opus",".opus","69537"
"Voice\rize_0375.opus",".opus","99707"
"Voice\rize_0376.opus",".opus","48056"
"Voice\rize_0377.opus",".opus","40559"
"Voice\rize_0378.opus",".opus","70859"
"Voice\rize_0379.opus",".opus","11157"
"Voice\rize_0380.opus",".opus","16296"
"Voice\rize_0381.opus",".opus","46821"
"Voice\rize_0382.opus",".opus","12943"
"Voice\rize_0383.opus",".opus","17519"
"Voice\rize_0384.opus",".opus","19792"
"Voice\rize_0385.opus",".opus","5735"
"Voice\rize_0386.opus",".opus","19013"
"Voice\rize_0387.opus",".opus","34197"
"Voice\rize_0388.opus",".opus","21562"
"Voice\rize_0389.opus",".opus","20468"
"Voice\rize_0390.opus",".opus","41397"
"Voice\rize_0391.opus",".opus","23098"
"Voice\rize_0392.opus",".opus","15676"
"Voice\rize_0393.opus",".opus","43925"
"Voice\rize_0394.opus",".opus","14584"
"Voice\rize_0395.opus",".opus","25019"
"Voice\rize_0396.opus",".opus","33177"
"Voice\rize_0397.opus",".opus","129589"
"Voice\rize_0398.opus",".opus","136097"
"Voice\rize_0399.opus",".opus","88440"
"Voice\rize_0400.opus",".opus","118311"
"Voice\rize_0401.opus",".opus","82748"
"Voice\rize_0402.opus",".opus","75338"
"Voice\rize_0403.opus",".opus","9983"
"Voice\rize_0404.opus",".opus","15761"
"Voice\rize_0405.opus",".opus","65743"
"Voice\rize_0406.opus",".opus","76228"
"Voice\rize_0407.opus",".opus","48950"
"Voice\rize_0408.opus",".opus","91607"
"Voice\rize_0409.opus",".opus","57455"
"Voice\rize_0410.opus",".opus","50027"
"Voice\rize_0411.opus",".opus","85790"
"Voice\rize_0412.opus",".opus","77363"
"Voice\rize_0413.opus",".opus","81857"
"Voice\rize_0414.opus",".opus","15481"
"Voice\rize_0415.opus",".opus","50585"
"Voice\rize_0416.opus",".opus","26522"
"Voice\rize_0417.opus",".opus","17664"
"Voice\rize_0418.opus",".opus","10408"
"Voice\rize_0419.opus",".opus","30029"
"Voice\rize_0420.opus",".opus","20406"
"Voice\rize_0421.opus",".opus","47607"
"Voice\rize_0422.opus",".opus","53122"
"Voice\rize_0423.opus",".opus","52080"
"Voice\rize_0424.opus",".opus","24861"
"Voice\rize_0425.opus",".opus","16109"
"Voice\rize_0426.opus",".opus","8490"
"Voice\rize_0427.opus",".opus","29794"
"Voice\rize_0428.opus",".opus","56911"
"Voice\rize_0429.opus",".opus","60738"
"Voice\rize_0430.opus",".opus","14099"
"Voice\rize_0431.opus",".opus","31496"
"Voice\rize_0432.opus",".opus","9143"
"Voice\rize_0433.opus",".opus","18830"
"Voice\rize_0434.opus",".opus","26230"
"Voice\rize_0435.opus",".opus","29587"
"Voice\rize_0436.opus",".opus","15893"
"Voice\rize_0437.opus",".opus","34487"
"Voice\rize_0438.opus",".opus","37445"
"Voice\rize_0439.opus",".opus","43618"
"Voice\rize_0440.opus",".opus","10379"
"Voice\rize_0441.opus",".opus","56974"
"Voice\rize_0442.opus",".opus","10285"
"Voice\rize_0443.opus",".opus","12494"
"Voice\rize_0444.opus",".opus","69531"
"Voice\rize_0445.opus",".opus","23020"
"Voice\rize_0446.opus",".opus","32035"
"Voice\rize_0447.opus",".opus","10867"
"Voice\rize_0448.opus",".opus","18234"
"Voice\rize_0449.opus",".opus","18276"
"Voice\rize_0450.opus",".opus","25175"
"Voice\rize_0451.opus",".opus","20017"
"Voice\rize_0452.opus",".opus","34231"
"Voice\rize_0453.opus",".opus","21320"
"Voice\rize_0454.opus",".opus","28773"
"Voice\rize_0455.opus",".opus","22210"
"Voice\rize_0456.opus",".opus","47261"
"Voice\rize_0457.opus",".opus","18408"
"Voice\rize_0458.opus",".opus","25998"
"Voice\rize_0459.opus",".opus","21808"
"Voice\rize_0460.opus",".opus","40166"
"Voice\rize_0461.opus",".opus","9503"
"Voice\rize_0462.opus",".opus","11745"
"Voice\rize_0463.opus",".opus","21679"
"Voice\rize_0464.opus",".opus","12771"
"Voice\rize_0465.opus",".opus","16088"
"Voice\rize_0466.opus",".opus","6296"
"Voice\rize_0467.opus",".opus","12129"
"Voice\rize_0468.opus",".opus","15203"
"Voice\rize_0477.opus",".opus","5085"
"Voice\rize_0478.opus",".opus","20229"
"Voice\rize_0479.opus",".opus","11784"
"Voice\rize_0480.opus",".opus","63860"
"Voice\rize_0481.opus",".opus","30287"
"Voice\rize_0482.opus",".opus","13226"
"Voice\rize_0483.opus",".opus","17325"
"Voice\rize_0484.opus",".opus","18111"
"Voice\rize_0485.opus",".opus","125771"
"Voice\rize_0486.opus",".opus","59521"
"Voice\rize_0487.opus",".opus","68819"
"Voice\rize_0488.opus",".opus","68152"
"Voice\rize_0489.opus",".opus","66615"
"Voice\rize_0490.opus",".opus","45088"
"Voice\rize_0491.opus",".opus","80993"
"Voice\rize_0492.opus",".opus","100066"
"Voice\rize_0493.opus",".opus","30700"
"Voice\rize_0494.opus",".opus","10251"
"Voice\rize_0495.opus",".opus","55765"
"Voice\rize_0496.opus",".opus","11205"
"Voice\rize_0497.opus",".opus","17114"
"Voice\rize_0498.opus",".opus","33521"
"Voice\rize_0499.opus",".opus","21145"
"Voice\rize_0500.opus",".opus","22963"
"Voice\rize_0501.opus",".opus","17684"
"Voice\rize_0502.opus",".opus","6327"
"Voice\rize_0503.opus",".opus","31461"
"Voice\rize_0504.opus",".opus","33697"
"Voice\rize_0505.opus",".opus","48025"
"Voice\rize_0506.opus",".opus","14543"
"Voice\rize_0507.opus",".opus","30571"
"Voice\rize_0508.opus",".opus","47332"
"Voice\rize_0509.opus",".opus","20905"
"Voice\rize_0510.opus",".opus","16169"
"Voice\rize_0511.opus",".opus","18958"
"Voice\rize_0512.opus",".opus","8828"
"Voice\rize_0513.opus",".opus","8959"
"Voice\rize_0514.opus",".opus","31724"
"Voice\rize_0515.opus",".opus","66724"
"Voice\rize_0516.opus",".opus","37620"
"Voice\rize_0517.opus",".opus","10764"
"Voice\rize_0518.opus",".opus","67870"
"Voice\rize_0519.opus",".opus","22816"
"Voice\rize_0520.opus",".opus","15828"
"Voice\rize_0521.opus",".opus","10265"
"Voice\rize_0522.opus",".opus","34380"
"Voice\rize_0523.opus",".opus","51674"
"Voice\rize_0524.opus",".opus","27602"
"Voice\rize_0525.opus",".opus","118533"
"Voice\rize_0526.opus",".opus","131077"
"Voice\rize_0527.opus",".opus","81301"
"Voice\rize_0528.opus",".opus","178457"
"Voice\rize_0529.opus",".opus","11379"
"Voice\rize_0530.opus",".opus","79977"
"Voice\rize_0531.opus",".opus","72147"
"Voice\rize_0532.opus",".opus","4848"
"Voice\rize_0533.opus",".opus","67806"
"Voice\rize_0534.opus",".opus","53132"
"Voice\rize_0536.opus",".opus","39577"
"Voice\rize_0537.opus",".opus","47602"
"Voice\rize_0538.opus",".opus","11395"
"Voice\rize_0539.opus",".opus","29495"
"Voice\rize_0540.opus",".opus","19935"
"Voice\rize_0541.opus",".opus","35041"
"Voice\rize_0542.opus",".opus","33931"
"Voice\rize_0543.opus",".opus","82126"
"Voice\rize_0544.opus",".opus","120245"
"Voice\rize_0545.opus",".opus","204291"
"Voice\rize_0546.opus",".opus","74236"
"Voice\rize_0547.opus",".opus","36416"
"Voice\rize_0548.opus",".opus","9073"
"Voice\rize_0549.opus",".opus","20099"
"Voice\rize_0550.opus",".opus","17289"
"Voice\rize_0551.opus",".opus","27896"
"Voice\rize_0552.opus",".opus","31756"
"Voice\rize_0553.opus",".opus","8121"
"Voice\rize_0554.opus",".opus","31826"
"Voice\rize_0555.opus",".opus","40734"
"Voice\rize_0556.opus",".opus","20528"
"Voice\rize_0557.opus",".opus","31310"
"Voice\rize_0558.opus",".opus","12355"
"Voice\rize_0559.opus",".opus","35780"
"Voice\rize_0560.opus",".opus","42276"
"Voice\rize_0561.opus",".opus","11651"
"Voice\rize_0562.opus",".opus","32858"
"Voice\rize_0563.opus",".opus","74729"
"Voice\rize_0564.opus",".opus","108645"
"Voice\rize_0565.opus",".opus","110336"
"Voice\rize_0566.opus",".opus","42276"
"Voice\rize_0567.opus",".opus","32092"
"Voice\rize_0568.opus",".opus","69878"
"Voice\rize_0569.opus",".opus","107127"
"Voice\rize_0570.opus",".opus","41798"
"Voice\rize_0571.opus",".opus","56903"
"Voice\rize_0572.opus",".opus","9128"
"Voice\rize_0573.opus",".opus","8559"
"Voice\rize_0574.opus",".opus","9717"
"Voice\rize_0575.opus",".opus","58557"
"Voice\rize_0576.opus",".opus","79343"
"Voice\rize_0577.opus",".opus","41427"
"Voice\rize_0578.opus",".opus","4207"
"Voice\rize_0579.opus",".opus","44931"
"Voice\rize_0580.opus",".opus","25425"
"Voice\rize_0581.opus",".opus","10524"
"Voice\rize_0582.opus",".opus","42063"
"Voice\rize_0583.opus",".opus","46320"
"Voice\rize_0584.opus",".opus","60905"
"Voice\rize_0585.opus",".opus","13766"
"Voice\rize_0586.opus",".opus","56361"
"Voice\rize_0587.opus",".opus","15692"
"Voice\rize_0588.opus",".opus","10013"
"Voice\rize_0589.opus",".opus","6506"
"Voice\rize_0590.opus",".opus","10651"
"Voice\rize_0591.opus",".opus","12346"
"Voice\rize_0592.opus",".opus","10783"
"Voice\rize_0593.opus",".opus","10148"
"Voice\rize_0594.opus",".opus","87650"
"Voice\rize_0595.opus",".opus","10246"
"Voice\rize_0596.opus",".opus","61722"
"Voice\rize_0597.opus",".opus","10376"
"Voice\rize_0598.opus",".opus","82290"
"Voice\rize_0599.opus",".opus","134401"
"Voice\rize_0600.opus",".opus","27356"
"Voice\rize_0601.opus",".opus","52134"
"Voice\rize_0602.opus",".opus","44813"
"Voice\rize_0603.opus",".opus","32235"
"Voice\rize_0604.opus",".opus","24857"
"Voice\rize_0605.opus",".opus","10640"
"Voice\rize_0606.opus",".opus","37600"
"Voice\rize_0607.opus",".opus","13712"
"Voice\rize_0608.opus",".opus","29944"
"Voice\rize_0609.opus",".opus","23069"
"Voice\rize_0610.opus",".opus","27045"
"Voice\rize_0611.opus",".opus","27669"
"Voice\rize_0612.opus",".opus","27330"
"Voice\rize_0613.opus",".opus","5834"
"Voice\rize_0614.opus",".opus","67032"
"Voice\rize_0615.opus",".opus","14726"
"Voice\rize_0616.opus",".opus","36130"
"Voice\rize_0617.opus",".opus","29107"
"Voice\rize_0618.opus",".opus","9263"
"Voice\rize_0619.opus",".opus","35894"
"Voice\rize_0620.opus",".opus","27830"
"Voice\rize_0621.opus",".opus","34860"
"Voice\rize_0622.opus",".opus","14454"
"Voice\rize_0623.opus",".opus","41807"
"Voice\rize_0624.opus",".opus","31573"
"Voice\rize_0625.opus",".opus","19244"
"Voice\rize_0626.opus",".opus","28073"
"Voice\rize_0627.opus",".opus","32063"
"Voice\rize_0628.opus",".opus","8444"
"Voice\rize_0629.opus",".opus","8810"
"Voice\rize_0630.opus",".opus","30918"
"Voice\rize_0631.opus",".opus","61198"
"Voice\rize_0632.opus",".opus","89097"
"Voice\rize_0633.opus",".opus","30247"
"Voice\rize_0634.opus",".opus","36184"
"Voice\rize_0635.opus",".opus","18161"
"Voice\rize_0636.opus",".opus","31235"
"Voice\rize_0637.opus",".opus","17720"
"Voice\rize_0638.opus",".opus","10252"
"Voice\rize_0639.opus",".opus","18756"
"Voice\rize_0640.opus",".opus","16066"
"Voice\rize_0641.opus",".opus","9013"
"Voice\rize_0642.opus",".opus","29003"
"Voice\rize_0643.opus",".opus","46927"
"Voice\rize_0644.opus",".opus","17537"
"Voice\rize_0646.opus",".opus","70937"
"Voice\rize_0648.opus",".opus","29678"
"Voice\rize_0649.opus",".opus","33331"
"Voice\rize_0650.opus",".opus","17455"
"Voice\rize_0651.opus",".opus","62512"
"Voice\rize_0652.opus",".opus","44033"
"Voice\rize_0653.opus",".opus","8891"
"Voice\rize_0654.opus",".opus","19689"
"Voice\rize_0655.opus",".opus","68512"
"Voice\rize_0656.opus",".opus","12457"
"Voice\rize_0657.opus",".opus","65527"
"Voice\rize_0658.opus",".opus","53130"
"Voice\rize_0659.opus",".opus","26106"
"Voice\rize_0660.opus",".opus","30610"
"Voice\rize_0661.opus",".opus","55385"
"Voice\rize_0662.opus",".opus","15760"
"Voice\rize_0663.opus",".opus","29102"
"Voice\rize_0664.opus",".opus","41453"
"Voice\rize_0665.opus",".opus","76199"
"Voice\rize_0666.opus",".opus","19397"
"Voice\rize_0667.opus",".opus","32421"
"Voice\rize_0668.opus",".opus","15830"
"Voice\rize_0669.opus",".opus","6573"
"Voice\rize_0670.opus",".opus","37439"
"Voice\rize_0671.opus",".opus","11792"
"Voice\rize_0672.opus",".opus","36507"
"Voice\rize_0673.opus",".opus","12439"
"Voice\rize_0674.opus",".opus","17598"
"Voice\rize_0675.opus",".opus","63795"
"Voice\rize_0676.opus",".opus","12518"
"Voice\rize_0677.opus",".opus","90981"
"Voice\rize_0678.opus",".opus","14513"
"Voice\rize_0679.opus",".opus","75523"
"Voice\rize_0680.opus",".opus","15773"
"Voice\rize_0681.opus",".opus","8210"
"Voice\rize_0682.opus",".opus","25894"
"Voice\rize_0683.opus",".opus","27370"
"Voice\rize_0684.opus",".opus","17720"
"Voice\rize_0685.opus",".opus","51135"
"Voice\rize_0686.opus",".opus","17172"
"Voice\rize_0687.opus",".opus","26766"
"Voice\rize_0688.opus",".opus","19711"
"Voice\rize_0689.opus",".opus","100021"
"Voice\rize_0690.opus",".opus","94678"
"Voice\rize_0691.opus",".opus","55167"
"Voice\rize_0692.opus",".opus","49867"
"Voice\rize_0693.opus",".opus","9804"
"Voice\rize_0694.opus",".opus","11219"
"Voice\rize_0695.opus",".opus","15849"
"Voice\rize_0696.opus",".opus","6877"
"Voice\rize_0697.opus",".opus","15629"
"Voice\rize_0698.opus",".opus","18568"
"Voice\rize_0699.opus",".opus","18823"
"Voice\rize_0700.opus",".opus","10872"
"Voice\rize_0701.opus",".opus","25184"
"Voice\rize_0702.opus",".opus","47103"
"Voice\rize_0703.opus",".opus","9169"
"Voice\rize_0704.opus",".opus","68891"
"Voice\rize_0705.opus",".opus","118324"
"Voice\rize_0706.opus",".opus","29079"
"Voice\rize_0707.opus",".opus","7630"
"Voice\rize_0708.opus",".opus","25592"
"Voice\rize_0709.opus",".opus","18896"
"Voice\rize_0710.opus",".opus","17218"
"Voice\rize_0711.opus",".opus","112674"
"Voice\rize_0712.opus",".opus","123204"
"Voice\rize_0713.opus",".opus","109808"
"Voice\rize_0714.opus",".opus","58859"
"Voice\rize_0715.opus",".opus","57169"
"Voice\rize_0716.opus",".opus","28112"
"Voice\rize_0717.opus",".opus","43417"
"Voice\rize_0718.opus",".opus","55813"
"Voice\rize_0719.opus",".opus","123020"
"Voice\rize_0720.opus",".opus","143858"
"Voice\rize_0721.opus",".opus","50741"
"Voice\rize_0722.opus",".opus","40577"
"Voice\rize_0723.opus",".opus","69106"
"Voice\rize_0724.opus",".opus","13830"
"Voice\rize_0725.opus",".opus","4603"
"Voice\rize_0726.opus",".opus","18550"
"Voice\rize_0727.opus",".opus","6234"
"Voice\rize_0728.opus",".opus","20122"
"Voice\rize_0729.opus",".opus","25161"
"Voice\rize_0730.opus",".opus","55316"
"Voice\rize_0731.opus",".opus","69132"
"Voice\rize_0732.opus",".opus","97497"
"Voice\rize_0733.opus",".opus","30582"
"Voice\rize_0734.opus",".opus","100566"
"Voice\rize_0735.opus",".opus","34094"
"Voice\rize_0736.opus",".opus","18950"
"Voice\rize_0737.opus",".opus","53501"
"Voice\rize_0738.opus",".opus","88827"
"Voice\rize_0739.opus",".opus","55320"
"Voice\rize_0740.opus",".opus","16394"
"Voice\rize_0741.opus",".opus","72282"
"Voice\rize_0742.opus",".opus","79583"
"Voice\rize_0743.opus",".opus","77521"
"Voice\rize_0744.opus",".opus","147279"
"Voice\rize_0745.opus",".opus","123388"
"Voice\rize_0746.opus",".opus","11247"
"Voice\rize_0747.opus",".opus","14244"
"Voice\rize_0748.opus",".opus","94920"
"Voice\rize_0749.opus",".opus","21178"
"Voice\rize_0750.opus",".opus","23684"
"Voice\rize_0751.opus",".opus","81599"
"Voice\rize_0752.opus",".opus","81359"
"Voice\rize_0753.opus",".opus","12797"
"Voice\rize_0754.opus",".opus","7816"
"Voice\rize_0755.opus",".opus","33392"
"Voice\rize_0756.opus",".opus","12746"
"Voice\rize_0757.opus",".opus","41422"
"Voice\rize_0758.opus",".opus","14813"
"Voice\rize_0759.opus",".opus","52673"
"Voice\rize_0760.opus",".opus","42684"
"Voice\rize_0761.opus",".opus","31923"
"Voice\rize_0762.opus",".opus","87206"
"Voice\rize_0763.opus",".opus","123127"
"Voice\rize_0764.opus",".opus","71536"
"Voice\rize_0765.opus",".opus","69949"
"Voice\rize_0766.opus",".opus","11099"
"Voice\rize_0767.opus",".opus","29852"
"Voice\rize_0768.opus",".opus","59723"
"Voice\rize_0769.opus",".opus","5940"
"Voice\rize_0770.opus",".opus","47418"
"Voice\rize_0771.opus",".opus","46201"
"Voice\rize_0772.opus",".opus","35184"
"Voice\rize_0773.opus",".opus","17889"
"Voice\rize_0774.opus",".opus","20901"
"Voice\rize_0775.opus",".opus","6358"
"Voice\rize_0776.opus",".opus","55143"
"Voice\rize_0777.opus",".opus","18674"
"Voice\rize_0778.opus",".opus","71048"
"Voice\rize_0779.opus",".opus","21918"
"Voice\rize_0780.opus",".opus","65719"
"Voice\rize_0781.opus",".opus","29339"
"Voice\rize_0782.opus",".opus","64334"
"Voice\rize_0783.opus",".opus","12743"
"Voice\rize_0784.opus",".opus","21286"
"Voice\rize_0785.opus",".opus","17858"
"Voice\rize_0786.opus",".opus","33858"
"Voice\rize_0787.opus",".opus","9982"
"Voice\rize_0788.opus",".opus","12714"
"Voice\rize_0789.opus",".opus","48679"
"Voice\rize_0790.opus",".opus","15355"
"Voice\rize_0791.opus",".opus","45374"
"Voice\rize_0792.opus",".opus","10107"
"Voice\rize_0793.opus",".opus","8599"
"Voice\rize_0794.opus",".opus","70864"
"Voice\rize_0795.opus",".opus","135788"
"Voice\rize_0796.opus",".opus","4861"
"Voice\rize_0797.opus",".opus","25905"
"Voice\rize_0798.opus",".opus","23540"
"Voice\rize_0799.opus",".opus","17481"
"Voice\rize_0800.opus",".opus","23805"
"Voice\rize_0801.opus",".opus","35129"
"Voice\rize_0802.opus",".opus","54355"
"Voice\rize_0803.opus",".opus","10978"
"Voice\rize_0804.opus",".opus","60607"
"Voice\rize_0805.opus",".opus","114711"
"Voice\rize_0806.opus",".opus","58631"
"Voice\rize_0807.opus",".opus","10121"
"Voice\rize_0808.opus",".opus","15425"
"Voice\rize_0809.opus",".opus","17852"
"Voice\rize_0810.opus",".opus","14040"
"Voice\rize_0811.opus",".opus","100808"
"Voice\rize_0812.opus",".opus","10018"
"Voice\rize_0813.opus",".opus","9910"
"Voice\rize_0814.opus",".opus","20397"
"Voice\rize_0815.opus",".opus","12801"
"Voice\rize_0816.opus",".opus","21390"
"Voice\rize_0817.opus",".opus","36554"
"Voice\rize_0818.opus",".opus","37714"
"Voice\rize_0819.opus",".opus","32753"
"Voice\rize_0820.opus",".opus","36687"
"Voice\rize_0821.opus",".opus","70429"
"Voice\rize_0822.opus",".opus","19612"
"Voice\rize_0823.opus",".opus","6689"
"Voice\rize_0824.opus",".opus","7627"
"Voice\rize_0825.opus",".opus","66401"
"Voice\rize_0826.opus",".opus","102645"
"Voice\rize_0827.opus",".opus","14993"
"Voice\rize_0828.opus",".opus","52055"
"Voice\rize_0829.opus",".opus","76093"
"Voice\rize_0830.opus",".opus","98309"
"Voice\rize_0831.opus",".opus","12871"
"Voice\rize_0832.opus",".opus","49321"
"Voice\rize_0833.opus",".opus","101432"
"Voice\rize_0834.opus",".opus","127353"
"Voice\rize_0835.opus",".opus","36067"
"Voice\rize_0836.opus",".opus","65555"
"Voice\rize_0837.opus",".opus","9063"
"Voice\rize_0838.opus",".opus","16135"
"Voice\rize_0839.opus",".opus","96015"
"Voice\rize_0840.opus",".opus","10007"
"Voice\rize_0841.opus",".opus","24536"
"Voice\rize_0842.opus",".opus","8908"
"Voice\rize_0843.opus",".opus","11416"
"Voice\rize_0844.opus",".opus","43828"
"Voice\rize_0845.opus",".opus","65579"
"Voice\rize_0846.opus",".opus","7100"
"Voice\rize_0847.opus",".opus","9694"
"Voice\rize_0848.opus",".opus","32008"
"Voice\rize_0849.opus",".opus","73782"
"Voice\rize_0850.opus",".opus","13254"
"Voice\rize_0851.opus",".opus","21353"
"Voice\rize_0852.opus",".opus","28150"
"Voice\rize_0853.opus",".opus","9986"
"Voice\rize_0854.opus",".opus","34368"
"Voice\rize_0855.opus",".opus","55655"
"Voice\rize_0856.opus",".opus","26414"
"Voice\rize_0857.opus",".opus","13614"
"Voice\rize_0858.opus",".opus","74058"
"Voice\rize_0859.opus",".opus","92432"
"Voice\rize_0860.opus",".opus","89764"
"Voice\rize_0861.opus",".opus","13261"
"Voice\rize_0862.opus",".opus","9358"
"Voice\rize_0863.opus",".opus","28151"
"Voice\rize_0864.opus",".opus","71771"
"Voice\rize_0865.opus",".opus","24763"
"Voice\rize_0866.opus",".opus","25468"
"Voice\rize_0867.opus",".opus","135818"
"Voice\rize_0868.opus",".opus","90047"
"Voice\rize_0869.opus",".opus","110650"
"Voice\rize_0870.opus",".opus","160231"
"Voice\rize_0871.opus",".opus","11415"
"Voice\rize_0872.opus",".opus","29302"
"Voice\rize_0873.opus",".opus","89995"
"Voice\rize_0874.opus",".opus","83949"
"Voice\rize_0875.opus",".opus","130844"
"Voice\rize_0876.opus",".opus","98441"
"Voice\rize_0877.opus",".opus","122806"
"Voice\rize_0878.opus",".opus","95060"
"Voice\rize_0879.opus",".opus","138021"
"Voice\rize_0880.opus",".opus","70003"
"Voice\rize_0881.opus",".opus","152328"
"Voice\rize_0882.opus",".opus","36059"
"Voice\rize_0883.opus",".opus","47331"
"Voice\rize_0884.opus",".opus","191685"
"Voice\rize_0885.opus",".opus","25331"
"Voice\rize_0886.opus",".opus","51952"
"Voice\rize_0887.opus",".opus","35561"
"Voice\rize_0888.opus",".opus","92003"
"Voice\rize_0889.opus",".opus","111391"
"Voice\rize_0890.opus",".opus","142133"
"Voice\rize_0891.opus",".opus","79154"
"Voice\rize_0892.opus",".opus","54912"
"Voice\rize_0893.opus",".opus","39419"
"Voice\rize_0894.opus",".opus","51310"
"Voice\rize_0895.opus",".opus","59427"
"Voice\rize_0896.opus",".opus","10427"
"Voice\rize_0897.opus",".opus","44511"
"Voice\rize_0898.opus",".opus","15880"
"Voice\rize_0899.opus",".opus","16028"
"Voice\rize_0900.opus",".opus","44157"
"Voice\rize_0901.opus",".opus","38127"
"Voice\rize_0902.opus",".opus","14171"
"Voice\rize_0903.opus",".opus","99643"
"Voice\rize_0904.opus",".opus","7169"
"Voice\rize_0905.opus",".opus","29434"
"Voice\rize_0906.opus",".opus","16206"
"Voice\rize_0907.opus",".opus","109643"
"Voice\rize_0908.opus",".opus","24982"
"Voice\rize_0909.opus",".opus","8160"
"Voice\rize_0910.opus",".opus","47698"
"Voice\rize_0911.opus",".opus","89921"
"Voice\rize_0912.opus",".opus","103665"
"Voice\rize_0913.opus",".opus","31468"
"Voice\rize_0914.opus",".opus","81213"
"Voice\rize_0915.opus",".opus","99022"
"Voice\rize_0916.opus",".opus","36475"
"Voice\rize_0917.opus",".opus","6475"
"Voice\rize_0918.opus",".opus","11020"
"Voice\rize_0919.opus",".opus","10943"
"Voice\rize_0920.opus",".opus","63433"
"Voice\rize_0921.opus",".opus","10959"
"Voice\rize_0922.opus",".opus","12104"
"Voice\rize_0923.opus",".opus","23457"
"Voice\rize_0924.opus",".opus","16826"
"Voice\rize_0925.opus",".opus","52320"
"Voice\rize_0926.opus",".opus","57831"
"Voice\rize_0927.opus",".opus","44461"
"Voice\rize_0928.opus",".opus","11378"
"Voice\rize_0929.opus",".opus","20046"
"Voice\rize_0930.opus",".opus","9039"
"Voice\rize_0931.opus",".opus","27712"
"Voice\rize_0932.opus",".opus","23152"
"Voice\rize_0933.opus",".opus","22677"
"Voice\rize_0934.opus",".opus","13513"
"Voice\rize_0935.opus",".opus","21400"
"Voice\rize_0936.opus",".opus","28161"
"Voice\rize_0937.opus",".opus","29250"
"Voice\rize_0938.opus",".opus","84134"
"Voice\rize_0939.opus",".opus","5157"
"Voice\rize_0940.opus",".opus","7473"
"Voice\rize_0941.opus",".opus","30980"
"Voice\rize_0942.opus",".opus","38070"
"Voice\rize_0943.opus",".opus","91354"
"Voice\rize_0944.opus",".opus","40716"
"Voice\rize_0945.opus",".opus","40414"
"Voice\rize_0946.opus",".opus","47222"
"Voice\rize_0947.opus",".opus","32129"
"Voice\rize_0948.opus",".opus","9273"
"Voice\rize_0949.opus",".opus","5116"
"Voice\rize_0950.opus",".opus","33542"
"Voice\rize_0951.opus",".opus","15504"
"Voice\rize_0952.opus",".opus","10433"
"Voice\rize_0953.opus",".opus","11429"
"Voice\rize_0954.opus",".opus","15089"
"Voice\rize_0955.opus",".opus","23552"
"Voice\rize_0956.opus",".opus","19247"
"Voice\rize_0957.opus",".opus","62005"
"Voice\rize_0958.opus",".opus","60923"
"Voice\rize_0959.opus",".opus","70514"
"Voice\rize_0960.opus",".opus","65066"
"Voice\rize_0961.opus",".opus","27348"
"Voice\rize_0962.opus",".opus","32465"
"Voice\rize_0963.opus",".opus","5829"
"Voice\rize_0964.opus",".opus","35546"
"Voice\rize_0965.opus",".opus","12562"
"Voice\rize_0966.opus",".opus","30683"
"Voice\rize_0967.opus",".opus","22411"
"Voice\rize_0968.opus",".opus","16983"
"Voice\rize_0969.opus",".opus","28897"
"Voice\rize_0970.opus",".opus","7462"
"Voice\rize_0971.opus",".opus","14927"
"Voice\rize_0972.opus",".opus","28510"
"Voice\rize_0973.opus",".opus","15142"
"Voice\rize_0974.opus",".opus","23806"
"Voice\rize_0975.opus",".opus","24810"
"Voice\rize_0976.opus",".opus","52768"
"Voice\rize_0977.opus",".opus","49799"
"Voice\rize_0978.opus",".opus","21212"
"Voice\rize_0979.opus",".opus","92467"
"Voice\rize_0980.opus",".opus","6722"
"Voice\rize_0981.opus",".opus","37204"
"Voice\rize_0982.opus",".opus","46828"
"Voice\rize_0983.opus",".opus","85526"
"Voice\rize_0984.opus",".opus","81868"
"Voice\rize_0985.opus",".opus","66965"
"Voice\rize_0986.opus",".opus","4743"
"Voice\rize_0987.opus",".opus","9808"
"Voice\rize_0988.opus",".opus","22661"
"Voice\rize_0989.opus",".opus","47596"
"Voice\rize_0990.opus",".opus","5342"
"Voice\rize_0991.opus",".opus","63928"
"Voice\rize_0992.opus",".opus","15931"
"Voice\rize_0993.opus",".opus","5970"
"Voice\rize_0994.opus",".opus","11337"
"Voice\rize_0995.opus",".opus","10202"
"Voice\rize_0996.opus",".opus","29835"
"Voice\rize_0997.opus",".opus","26407"
"Voice\rize_0998.opus",".opus","5829"
"Voice\rize_0999.opus",".opus","18311"
"Voice\rize_1000.opus",".opus","38286"
"Voice\rize_1001.opus",".opus","31490"
"Voice\rize_1002.opus",".opus","27357"
"Voice\rize_1003.opus",".opus","12677"
"Voice\rize_1004.opus",".opus","17884"
"Voice\rize_1005.opus",".opus","36993"
"Voice\rize_1006.opus",".opus","49953"
"Voice\rize_1007.opus",".opus","29345"
"Voice\rize_1008.opus",".opus","16751"
"Voice\rize_1009.opus",".opus","33435"
"Voice\rize_1010.opus",".opus","48200"
"Voice\rize_1011.opus",".opus","30880"
"Voice\rize_1012.opus",".opus","35337"
"Voice\rize_1013.opus",".opus","19562"
"Voice\rize_1014.opus",".opus","50670"
"Voice\rize_1015.opus",".opus","51374"
"Voice\rize_1016.opus",".opus","55886"
"Voice\rize_1017.opus",".opus","33913"
"Voice\rize_1018.opus",".opus","20487"
"Voice\rize_1019.opus",".opus","11144"
"Voice\rize_1020.opus",".opus","41619"
"Voice\rize_1021.opus",".opus","19445"
"Voice\rize_1022.opus",".opus","29429"
"Voice\rize_1023.opus",".opus","22049"
"Voice\rize_1024.opus",".opus","56814"
"Voice\rize_1025.opus",".opus","23836"
"Voice\rize_1026.opus",".opus","29378"
"Voice\rize_1027.opus",".opus","7643"
"Voice\rize_1028.opus",".opus","24365"
"Voice\rize_1029.opus",".opus","31498"
"Voice\rize_1030.opus",".opus","19187"
"Voice\rize_1031.opus",".opus","17617"
"Voice\rize_1032.opus",".opus","15398"
"Voice\rize_1033.opus",".opus","62402"
"Voice\rize_1034.opus",".opus","25124"
"Voice\rize_1035.opus",".opus","95835"
"Voice\rize_1036.opus",".opus","93618"
"Voice\rize_1037.opus",".opus","21600"
"Voice\rize_1038.opus",".opus","88078"
"Voice\rize_1039.opus",".opus","38079"
"Voice\rize_1040.opus",".opus","40793"
"Voice\rize_1041.opus",".opus","44225"
"Voice\rize_1042.opus",".opus","18467"
"Voice\rize_1043.opus",".opus","6662"
"Voice\rize_1044.opus",".opus","20113"
"Voice\rize_1045.opus",".opus","40374"
"Voice\rize_1046.opus",".opus","21824"
"Voice\rize_1047.opus",".opus","65248"
"Voice\rize_1048.opus",".opus","34197"
"Voice\rize_1049.opus",".opus","75929"
"Voice\rize_1050.opus",".opus","15010"
"Voice\rize_1051.opus",".opus","46976"
"Voice\rize_1052.opus",".opus","50932"
"Voice\rize_1053.opus",".opus","21387"
"Voice\rize_1054.opus",".opus","9303"
"Voice\rize_1055.opus",".opus","78066"
"Voice\rize_1056.opus",".opus","98238"
"Voice\rize_1057.opus",".opus","13395"
"Voice\rize_1058.opus",".opus","60213"
"Voice\rize_1059.opus",".opus","57100"
"Voice\rize_1060.opus",".opus","17263"
"Voice\rize_1061.opus",".opus","37835"
"Voice\rize_1062.opus",".opus","39937"
"Voice\rize_1063.opus",".opus","35815"
"Voice\rize_1064.opus",".opus","69609"
"Voice\rize_1065.opus",".opus","78183"
"Voice\rize_1066.opus",".opus","38498"
"Voice\rize_1067.opus",".opus","29667"
"Voice\rize_1068.opus",".opus","31403"
"Voice\rize_1069.opus",".opus","18686"
"Voice\rize_1070.opus",".opus","10005"
"Voice\rize_1071.opus",".opus","10575"
"Voice\rize_1072.opus",".opus","27935"
"Voice\rize_1073.opus",".opus","27505"
"Voice\rize_1074.opus",".opus","23851"
"Voice\rize_1075.opus",".opus","6195"
"Voice\rize_1076.opus",".opus","15952"
"Voice\rize_1077.opus",".opus","49648"
"Voice\rize_1078.opus",".opus","45183"
"Voice\rize_1079.opus",".opus","47890"
"Voice\rize_1080.opus",".opus","6509"
"Voice\rize_1081.opus",".opus","23833"
"Voice\rize_1082.opus",".opus","21068"
"Voice\rize_1083.opus",".opus","9900"
"Voice\rize_1084.opus",".opus","10232"
"Voice\rize_1085.opus",".opus","25854"
"Voice\rize_1086.opus",".opus","23824"
"Voice\rize_1088.opus",".opus","7842"
"Voice\rize_1089.opus",".opus","28379"
"Voice\rize_1090.opus",".opus","47985"
"Voice\rize_1091.opus",".opus","16316"
"Voice\rize_1092.opus",".opus","15597"
"Voice\rize_1093.opus",".opus","27268"
"Voice\rize_1094.opus",".opus","13927"
"Voice\rize_1095.opus",".opus","33038"
"Voice\rize_1193.opus",".opus","66252"
"Voice\rize_1194.opus",".opus","31999"
"Voice\rize_1195.opus",".opus","47120"
"Voice\rize_1196.opus",".opus","64482"
"Voice\rize_1197.opus",".opus","32121"
"Voice\rize_1198.opus",".opus","47940"
"Voice\rize_1199.opus",".opus","35914"
"Voice\rize_1200.opus",".opus","61817"
"Voice\rize_1202.opus",".opus","18257"
"Voice\rize_1203.opus",".opus","10275"
"Voice\rize_1204.opus",".opus","90713"
"Voice\rize_1205.opus",".opus","44458"
"Voice\rize_1206.opus",".opus","60659"
"Voice\rize_1207.opus",".opus","101025"
"Voice\rize_1208.opus",".opus","60313"
"Voice\rize_1209.opus",".opus","177878"
"Voice\rize_1210.opus",".opus","47804"
"Voice\rize_1211.opus",".opus","44089"
"Voice\rize_1212.opus",".opus","19745"
"Voice\rize_1213.opus",".opus","42119"
"Voice\rize_1341.opus",".opus","16004"
"Voice\rize_1342.opus",".opus","43060"
"Voice\rize_1343.opus",".opus","15700"
"Voice\rize_1344.opus",".opus","12376"
"Voice\rize_1345.opus",".opus","21760"
"Voice\rize_1346.opus",".opus","10973"
"Voice\rize_1347.opus",".opus","11444"
"Voice\rize_1348.opus",".opus","26866"
"Voice\rize_1349.opus",".opus","9790"
"Voice\rize_1350.opus",".opus","32735"
"Voice\rize_1351.opus",".opus","10674"
"Voice\rize_1352.opus",".opus","49715"
"Voice\rize_1353.opus",".opus","46984"
"Voice\rize_1354.opus",".opus","74843"
"Voice\rize_1355.opus",".opus","9752"
"Voice\rize_1356.opus",".opus","69905"
"Voice\rize_1357.opus",".opus","58181"
"Voice\rize_1358.opus",".opus","71943"
"Voice\rize_1359.opus",".opus","18044"
"Voice\rize_1360.opus",".opus","25511"
"Voice\rize_1361.opus",".opus","116760"
"Voice\rize_1362.opus",".opus","97462"
"Voice\rize_1363.opus",".opus","12752"
"Voice\rize_1364.opus",".opus","26391"
"Voice\rize_1365.opus",".opus","39748"
"Voice\rize_1366.opus",".opus","23366"
"Voice\rize_1367.opus",".opus","34316"
"Voice\rize_1368.opus",".opus","10830"
"Voice\rize_1369.opus",".opus","31179"
"Voice\rize_1370.opus",".opus","26037"
"Voice\rize_1371.opus",".opus","108954"
"Voice\rize_1372.opus",".opus","55055"
"Voice\rize_1373.opus",".opus","17890"
"Voice\rize_1374.opus",".opus","19138"
"Voice\rize_1375.opus",".opus","30960"
"Voice\rize_1376.opus",".opus","22530"
"Voice\rize_1377.opus",".opus","22306"
"Voice\rize_1378.opus",".opus","33183"
"Voice\rize_1379.opus",".opus","32046"
"Voice\rize_1380.opus",".opus","29941"
"Voice\rize_1381.opus",".opus","25327"
"Voice\rize_1382.opus",".opus","35442"
"Voice\rize_1383.opus",".opus","21090"
"Voice\rize_1384.opus",".opus","8538"
"Voice\rize_1385.opus",".opus","19229"
"Voice\rize_1386.opus",".opus","8963"
"Voice\rize_1387.opus",".opus","17438"
"Voice\rize_1388.opus",".opus","118515"
"Voice\rize_1389.opus",".opus","97031"
"Voice\rize_1390.opus",".opus","45729"
"Voice\rize_1391.opus",".opus","46426"
"Voice\rize_1392.opus",".opus","45535"
"Voice\rize_1393.opus",".opus","14000"
"Voice\rize_1394.opus",".opus","46980"
"Voice\rize_1395.opus",".opus","9136"
"Voice\rize_1396.opus",".opus","27476"
"Voice\rize_1397.opus",".opus","19382"
"Voice\rize_1398.opus",".opus","19164"
"Voice\rize_1399.opus",".opus","34286"
"Voice\rize_1400.opus",".opus","41982"
"Voice\rize_1401.opus",".opus","33205"
"Voice\rize_1402.opus",".opus","50305"
"Voice\rize_1403.opus",".opus","67575"
"Voice\rize_1404.opus",".opus","63683"
"Voice\rize_1405.opus",".opus","104541"
"Voice\rize_1406.opus",".opus","90499"
"Voice\rize_1407.opus",".opus","75141"
"Voice\rize_1408.opus",".opus","65133"
"Voice\rize_1409.opus",".opus","128827"
"Voice\rize_1410.opus",".opus","42157"
"Voice\rize_1411.opus",".opus","66386"
"Voice\rize_1412.opus",".opus","9634"
"Voice\rize_1413.opus",".opus","25302"
"Voice\rize_1414.opus",".opus","33677"
"Voice\rize_1415.opus",".opus","44613"
"Voice\rize_1416.opus",".opus","16537"
"Voice\rize_1417.opus",".opus","70146"
"Voice\rize_1418.opus",".opus","59698"
"Voice\rize_1419.opus",".opus","23750"
"Voice\rize_1420.opus",".opus","33331"
"Voice\rize_1421.opus",".opus","37168"
"Voice\rize_1422.opus",".opus","9833"
"Voice\rize_1423.opus",".opus","33848"
"Voice\rize_1424.opus",".opus","11343"
"Voice\rize_1425.opus",".opus","36398"
"Voice\rize_1426.opus",".opus","33930"
"Voice\rize_1427.opus",".opus","53965"
"Voice\rize_1428.opus",".opus","12659"
"Voice\rize_1429.opus",".opus","97998"
"Voice\rize_1430.opus",".opus","11181"
"Voice\rize_1431.opus",".opus","105055"
"Voice\rize_1432.opus",".opus","87629"
"Voice\rize_1433.opus",".opus","13058"
"Voice\rize_1434.opus",".opus","46989"
"Voice\rize_1435.opus",".opus","85729"
"Voice\rize_1436.opus",".opus","111169"
"Voice\rize_1437.opus",".opus","136455"
"Voice\rize_1438.opus",".opus","169781"
"Voice\rize_1439.opus",".opus","57012"
"Voice\rize_1440.opus",".opus","95618"
"Voice\rize_1441.opus",".opus","24801"
"Voice\rize_1442.opus",".opus","57882"
"Voice\rize_1443.opus",".opus","10937"
"Voice\rize_1444.opus",".opus","27030"
"Voice\rize_1445.opus",".opus","13620"
"Voice\rize_1446.opus",".opus","10508"
"Voice\rize_1447.opus",".opus","13200"
"Voice\rize_1448.opus",".opus","51234"
"Voice\rize_1449.opus",".opus","17565"
"Voice\rize_1450.opus",".opus","13340"
"Voice\rize_1451.opus",".opus","62951"
"Voice\rize_1452.opus",".opus","21828"
"Voice\rize_1453.opus",".opus","66427"
"Voice\rize_1454.opus",".opus","34003"
"Voice\rize_1455.opus",".opus","15213"
"Voice\rize_1456.opus",".opus","97844"
"Voice\rize_1457.opus",".opus","180659"
"Voice\rize_1458.opus",".opus","74449"
"Voice\rize_1459.opus",".opus","107303"
"Voice\rize_1460.opus",".opus","131937"
"Voice\rize_1461.opus",".opus","189636"
"Voice\rize_1462.opus",".opus","36627"
"Voice\rize_1463.opus",".opus","68882"
"Voice\rize_1464.opus",".opus","43046"
"Voice\rize_1465.opus",".opus","119338"
"Voice\rize_1466.opus",".opus","123878"
"Voice\rize_1467.opus",".opus","79533"
"Voice\rize_1468.opus",".opus","66872"
"Voice\rize_1469.opus",".opus","12421"
"Voice\rize_1470.opus",".opus","12780"
"Voice\rize_1472.opus",".opus","13489"
"Voice\rize_1473.opus",".opus","60737"
"Voice\rize_1474.opus",".opus","81863"
"Voice\rize_1475.opus",".opus","8923"
"Voice\rize_1476.opus",".opus","20961"
"Voice\rize_1477.opus",".opus","10449"
"Voice\rize_1478.opus",".opus","23329"
"Voice\rize_1479.opus",".opus","8869"
"Voice\rize_1480.opus",".opus","45077"
"Voice\rize_1481.opus",".opus","74157"
"Voice\rize_1482.opus",".opus","33989"
"Voice\rize_1483.opus",".opus","11272"
"Voice\rize_1484.opus",".opus","9145"
"Voice\rize_1485.opus",".opus","9135"
"Voice\rize_1486.opus",".opus","71513"
"Voice\rize_1487.opus",".opus","28754"
"Voice\rize_1488.opus",".opus","31267"
"Voice\rize_1489.opus",".opus","15498"
"Voice\rize_1490.opus",".opus","13409"
"Voice\rize_1491.opus",".opus","62622"
"Voice\rize_1492.opus",".opus","79584"
"Voice\rize_1493.opus",".opus","56577"
"Voice\rize_9001.opus",".opus","101970"
"Voice\teachera_0000.opus",".opus","26874"
"Voice\teachera_0001.opus",".opus","22802"
"Voice\teachera_0002.opus",".opus","50013"
"Voice\teachera_0003.opus",".opus","104190"
"Voice\teachera_0006.opus",".opus","140885"
"Voice\teachera_0007.opus",".opus","101398"
"Voice\teachera_0008.opus",".opus","75220"
"Voice\teachera_0009.opus",".opus","129004"
"Voice\teachera_0010.opus",".opus","143683"
"Voice\teachera_0011.opus",".opus","98159"
"Voice\teachera_0012.opus",".opus","81138"
"Voice\teachera_0013.opus",".opus","73960"
"Voice\teachera_0014.opus",".opus","32178"
"Voice\teachera_0015.opus",".opus","71286"
"Voice\teachera_0016.opus",".opus","34887"
"Voice\teachera_0017.opus",".opus","42695"
"Voice\teachera_0018.opus",".opus","36942"
"Voice\teachera_0019.opus",".opus","38117"
"Voice\teachera_0020.opus",".opus","7117"
"Voice\yuuen_0000.opus",".opus","106409"
"Voice\yuuen_0001.opus",".opus","51879"
"Voice\yuuen_0002.opus",".opus","28161"
"Voice\yuuen_0003.opus",".opus","93185"
"Voice\yuuen_0004.opus",".opus","71580"
"Voice\yuuen_0005.opus",".opus","47336"
"Voice\yuuen_0006.opus",".opus","27051"
"Voice\yuuen_0007.opus",".opus","44750"
"Voice\yuuen_0008.opus",".opus","67717"
"Voice\yuuen_0009.opus",".opus","62690"
"Voice\yuuen_0010.opus",".opus","25139"
"Voice\yuuen_0011.opus",".opus","51943"
"Voice\yuuen_0013.opus",".opus","70515"
"Voice\yuuen_0014.opus",".opus","89289"
"Voice\yuuen_0015.opus",".opus","81749"
"Voice\yuuen_0016.opus",".opus","20186"
"Voice\yuuen_0017.opus",".opus","49094"
"Voice\yuuen_0018.opus",".opus","63074"
"Voice\yuuen_0019.opus",".opus","55923"
"Voice\yuuen_0020.opus",".opus","40664"
"Voice\yuuen_0021.opus",".opus","47703"
"Voice\yuuen_0022.opus",".opus","83667"
"Voice\yuuen_0023.opus",".opus","49108"
"Voice\yuuen_0024.opus",".opus","22263"
"Voice\yuuen_0025.opus",".opus","38446"
"Voice\yuuen_0026.opus",".opus","20043"
"Voice\yuuen_0027.opus",".opus","43454"
"Voice\yuuen_0028.opus",".opus","35243"
"Voice\yuuen_0029.opus",".opus","12877"
"Voice\yuuen_0030.opus",".opus","52358"
"Voice\yuuen_0031.opus",".opus","140112"
"Voice\yuuen_0032.opus",".opus","73935"
"Voice\yuuen_0033.opus",".opus","32056"
"Voice\yuuen_0034.opus",".opus","129720"
"Voice\yuuen_0035.opus",".opus","137198"
"Voice\yuuen_0036.opus",".opus","49895"
"Voice\yuuen_0037.opus",".opus","21931"
"Voice\yuuen_0038.opus",".opus","42415"
"Voice\yuuen_0039.opus",".opus","31838"
"Voice\yuuen_0040.opus",".opus","49801"
"Voice\yuuen_0041.opus",".opus","56962"
"Voice\yuuen_0042.opus",".opus","16711"
"Voice\yuuen_0043.opus",".opus","72123"
"Voice\yuuen_0044.opus",".opus","24624"
"Voice\yuuen_0045.opus",".opus","30531"
"Voice\yuuen_0046.opus",".opus","103482"
"Voice\yuuen_0047.opus",".opus","80229"
"Voice\yuuen_0048.opus",".opus","47697"
"Voice\yuuen_0049.opus",".opus","90499"
"Voice\yuuen_0050.opus",".opus","75852"
"Voice\yuuen_0051.opus",".opus","36304"
"Voice\yuuen_0052.opus",".opus","31340"
"Voice\yuuen_0053.opus",".opus","71384"
"Voice\yuuen_0054.opus",".opus","51296"
"Voice\yuuen_0055.opus",".opus","101575"
"Voice\yuuen_0056.opus",".opus","120264"
"Voice\yuuen_0057.opus",".opus","72575"
"Voice\yuuen_0058.opus",".opus","12507"
"Voice\yuuen_0059.opus",".opus","49193"
"Voice\yuuen_0060.opus",".opus","68037"
"Voice\yuuen_0061.opus",".opus","34156"
"Voice\yuuen_0062.opus",".opus","13982"
"Voice\yuuen_0063.opus",".opus","10049"
"Voice\yuuen_0064.opus",".opus","24735"
"Voice\yuuen_0065.opus",".opus","46709"
"Voice\yuuen_0066.opus",".opus","63107"
"Voice\yuuen_0067.opus",".opus","10349"
"Voice\yuuen_0068.opus",".opus","42352"
"Voice\yuuen_0069.opus",".opus","46650"
"Voice\yuuen_0070.opus",".opus","65101"
"Voice\yuuen_0071.opus",".opus","24824"
"Voice\yuuen_0072.opus",".opus","23517"
"Voice\yuuen_0073.opus",".opus","30358"
"Voice\yuuen_0074.opus",".opus","25354"
"Voice\yuuen_0075.opus",".opus","62220"
"Voice\yuuen_0076.opus",".opus","12202"
"Voice\yuuen_0077.opus",".opus","33308"
"Voice\yuuen_0078.opus",".opus","57792"
"Voice\yuuen_0079.opus",".opus","65883"
"Voice\yuuen_0080_cs.opus",".opus","56814"
"Voice\yuuen_0080.opus",".opus","71300"
"Voice\yuuen_0081.opus",".opus","99533"
"Voice\yuuen_0082.opus",".opus","80379"
"Voice\yuuen_0083.opus",".opus","9325"
"Voice\yuuen_0084.opus",".opus","5912"
"Voice\yuuen_0085.opus",".opus","8180"
"Voice\yuuen_0086.opus",".opus","38013"
"Voice\yuuen_0087.opus",".opus","22083"
"Voice\yuuen_0088.opus",".opus","42438"
"Voice\yuuen_0089.opus",".opus","78838"
"Voice\yuuen_0090.opus",".opus","31120"
"Voice\yuuen_0091.opus",".opus","31553"
"Voice\yuuen_0092.opus",".opus","33502"
"Voice\yuuen_0093.opus",".opus","29727"
"Voice\yuuen_0094.opus",".opus","4835"
"Voice\yuuen_0095.opus",".opus","50460"
"Voice\yuuen_0096.opus",".opus","44451"
"Voice\yuuen_0097.opus",".opus","16063"
"Voice\yuuen_0098.opus",".opus","12771"
"Voice\yuuen_0099.opus",".opus","30428"
"Voice\yuuen_0100.opus",".opus","8435"
"Voice\yuuen_0101.opus",".opus","18387"
"Voice\yuuen_0102.opus",".opus","54420"
"Voice\yuuen_0103.opus",".opus","57093"
"Voice\yuuen_0104.opus",".opus","47604"
"Voice\yuuen_0105.opus",".opus","13955"
"Voice\yuuen_0106.opus",".opus","20396"
"Voice\yuuen_0107.opus",".opus","8915"
"Voice\yuuen_0108.opus",".opus","11120"
"Voice\yuuen_0109.opus",".opus","9148"
"Voice\yuuen_0110.opus",".opus","40080"
"Voice\yuuen_0111.opus",".opus","30012"
"Voice\yuuen_0112.opus",".opus","30443"
"Voice\yuuen_0113.opus",".opus","38693"
"Voice\yuuen_0114.opus",".opus","28276"
"Voice\yuuen_0115.opus",".opus","30974"
"Voice\yuuen_0116.opus",".opus","14685"
"Voice\yuuen_0117.opus",".opus","28824"
"Voice\yuuen_0118.opus",".opus","30797"
"Voice\yuuen_0119.opus",".opus","12534"
"Voice\yuuen_0120.opus",".opus","17990"
"Voice\yuuen_0121.opus",".opus","32199"
"Voice\yuuen_0122.opus",".opus","15657"
"Voice\yuuen_0123.opus",".opus","16193"
"Voice\yuuen_0124.opus",".opus","15076"
"Voice\yuuen_0125.opus",".opus","10845"
"Voice\yuuen_0126.opus",".opus","80039"
"Voice\yuuen_0127.opus",".opus","94880"
"Voice\yuuen_0128.opus",".opus","47312"
"Voice\yuuen_0129.opus",".opus","9167"
"Voice\yuuen_0130.opus",".opus","15760"
"Voice\yuuen_0131.opus",".opus","12761"
"Voice\yuuen_0132.opus",".opus","94281"
"Voice\yuuen_0133.opus",".opus","72387"
"Voice\yuuen_0134.opus",".opus","30779"
"Voice\yuuen_0135.opus",".opus","53648"
"Voice\yuuen_0136.opus",".opus","82149"
"Voice\yuuen_0137.opus",".opus","18607"
"Voice\yuuen_0138.opus",".opus","12016"
"Voice\yuuen_0139.opus",".opus","28524"
"Voice\yuuen_0140.opus",".opus","40385"
"Voice\yuuen_0141.opus",".opus","10660"
"Voice\yuuen_0142.opus",".opus","48901"
"Voice\yuuen_0143.opus",".opus","22287"
"Voice\yuuen_0144.opus",".opus","72571"
"Voice\yuuen_0145.opus",".opus","10209"
"Voice\yuuen_0146.opus",".opus","27467"
"Voice\yuuen_0147.opus",".opus","38663"
"Voice\yuuen_0148.opus",".opus","42208"
"Voice\yuuen_0149.opus",".opus","15647"
"Voice\yuuen_0150.opus",".opus","49692"
"Voice\yuuen_0151.opus",".opus","60435"
"Voice\yuuen_0152.opus",".opus","24079"
"Voice\yuuen_0153.opus",".opus","15274"
"Voice\yuuen_0154.opus",".opus","52807"
"Voice\yuuen_0155.opus",".opus","76569"
"Voice\yuuen_0156.opus",".opus","61869"
"Voice\yuuen_0157.opus",".opus","29598"
"Voice\yuuen_0158.opus",".opus","22666"
"Voice\yuuen_0159.opus",".opus","83200"
"Voice\yuuen_0160.opus",".opus","29604"
"Voice\yuuen_0161.opus",".opus","63896"
"Voice\yuuen_0162.opus",".opus","24375"
"Voice\yuuen_0163.opus",".opus","57355"
"Voice\yuuen_0164.opus",".opus","5105"
"Voice\yuuen_0165.opus",".opus","64037"
"Voice\yuuen_0166.opus",".opus","39593"
"Voice\yuuen_0167.opus",".opus","31768"
"Voice\yuuen_0168.opus",".opus","72851"
"Voice\yuuen_0169.opus",".opus","23655"
"Voice\yuuen_0170.opus",".opus","47969"
"Voice\yuuen_0171.opus",".opus","49807"
"Voice\yuuen_0172.opus",".opus","108173"
"Voice\yuuen_0173.opus",".opus","58074"
"Voice\yuuen_0174.opus",".opus","44825"
"Voice\yuuen_0175.opus",".opus","87706"
"Voice\yuuen_0176.opus",".opus","41961"
"Voice\yuuen_0177.opus",".opus","35699"
"Voice\yuuen_0178.opus",".opus","20876"
"Voice\yuuen_0179.opus",".opus","7745"
"Voice\yuuen_0180.opus",".opus","33594"
"Voice\yuuen_0181.opus",".opus","66576"
"Voice\yuuen_0182.opus",".opus","113868"
"Voice\yuuen_0183.opus",".opus","64925"
"Voice\yuuen_0184.opus",".opus","24431"
"Voice\yuuen_0185.opus",".opus","60223"
"Voice\yuuen_0186.opus",".opus","38011"
"Voice\yuuen_0187.opus",".opus","15277"
"Voice\yuuen_0188.opus",".opus","75267"
"Voice\yuuen_0189.opus",".opus","67920"
"Voice\yuuen_0190.opus",".opus","43721"
"Voice\yuuen_0191.opus",".opus","4410"
"Voice\yuuen_0192.opus",".opus","16432"
"Voice\yuuen_0193.opus",".opus","43617"
"Voice\yuuen_0194.opus",".opus","34061"
"Voice\yuuen_0195.opus",".opus","23340"
"Voice\yuuen_0196.opus",".opus","42890"
"Voice\yuuen_0197.opus",".opus","27098"
"Voice\yuuen_0198.opus",".opus","9122"
"Voice\yuuen_0199.opus",".opus","19589"
"Voice\yuuen_0200.opus",".opus","62691"
"Voice\yuuen_0201.opus",".opus","67898"
"Voice\yuuen_0202.opus",".opus","27403"
"Voice\yuuen_0203.opus",".opus","26519"
"Voice\yuuen_0204.opus",".opus","22690"
"Voice\yuuen_0205.opus",".opus","38617"
"Voice\yuuen_0206.opus",".opus","8781"
"Voice\yuuen_0207.opus",".opus","16357"
"Voice\yuuen_0208.opus",".opus","60415"
"Voice\yuuen_0209.opus",".opus","78151"
"Voice\yuuen_0210.opus",".opus","129334"
"Voice\yuuen_0211.opus",".opus","55991"
"Voice\yuuen_0212.opus",".opus","16821"
"Voice\yuuen_0213.opus",".opus","44506"
"Voice\yuuen_0214.opus",".opus","55762"
"Voice\yuuen_0215.opus",".opus","33082"
"Voice\yuuen_0216.opus",".opus","12873"
"Voice\yuuen_0217.opus",".opus","25660"
"Voice\yuuen_0218.opus",".opus","8115"
"Voice\yuuen_0219.opus",".opus","77840"
"Voice\yuuen_0220.opus",".opus","52853"
"Voice\yuuen_0221.opus",".opus","88036"
"Voice\yuuen_0222.opus",".opus","78498"
"Voice\yuuen_0223.opus",".opus","57874"
"Voice\yuuen_0224.opus",".opus","135436"
"Voice\yuuen_0225.opus",".opus","70374"
"Voice\yuuen_0226.opus",".opus","93866"
"Voice\yuuen_0227.opus",".opus","75526"
"Voice\yuuen_0228.opus",".opus","46889"
"Voice\yuuen_0229.opus",".opus","45117"
"Voice\yuuen_0230.opus",".opus","46648"
"Voice\yuuen_0231.opus",".opus","66969"
"Voice\yuuen_0232.opus",".opus","18398"
"Voice\yuuen_0233.opus",".opus","73242"
"Voice\yuuen_0234.opus",".opus","44923"
"Voice\yuuen_0235.opus",".opus","15419"
"Voice\yuuen_0236.opus",".opus","13391"
"Voice\yuuen_0237.opus",".opus","14594"
"Voice\yuuen_0238.opus",".opus","13957"
"Voice\yuuen_0239.opus",".opus","77842"
"Voice\yuuen_0240.opus",".opus","16292"
"Voice\yuuen_0241.opus",".opus","7393"
"Voice\yuuen_0242.opus",".opus","32955"
"Voice\yuuen_0243.opus",".opus","23568"
"Voice\yuuen_0244.opus",".opus","6327"
"Voice\yuuen_0245.opus",".opus","38478"
"Voice\yuuen_0246.opus",".opus","12221"
"Voice\yuuen_0247.opus",".opus","14460"
"Voice\yuuen_0248.opus",".opus","4912"
"Voice\yuuen_0249.opus",".opus","13922"
"Voice\yuuen_0250.opus",".opus","16754"
"Voice\yuuen_0251.opus",".opus","7342"
"Voice\yuuen_0252.opus",".opus","14853"
"Voice\yuuen_0253.opus",".opus","29542"
"Voice\yuuen_0254.opus",".opus","9914"
"Voice\yuuen_0255.opus",".opus","23767"
"Voice\yuuen_0256.opus",".opus","20488"
"Voice\yuuen_0257.opus",".opus","7079"
"Voice\yuuen_0258.opus",".opus","25044"
"Voice\yuuen_0259.opus",".opus","11876"
"Voice\yuuen_0260.opus",".opus","11803"
"Voice\yuuen_0261.opus",".opus","17190"
"Voice\yuuen_0262.opus",".opus","27050"
"Voice\yuuen_0263.opus",".opus","28205"
"Voice\yuuen_0264.opus",".opus","24103"
"Voice\yuuen_0265.opus",".opus","28144"
"Voice\yuuen_0266.opus",".opus","68384"
"Voice\yuuen_0267.opus",".opus","48912"
"Voice\yuuen_0268.opus",".opus","21573"
"Voice\yuuen_0269.opus",".opus","64758"
"Voice\yuuen_0270.opus",".opus","12845"
"Voice\yuuen_0271.opus",".opus","102022"
"Voice\yuuen_0272.opus",".opus","8389"
"Voice\yuuen_0273.opus",".opus","7550"
"Voice\yuuen_0274.opus",".opus","14408"
"Voice\yuuen_0275.opus",".opus","22274"
"Voice\yuuen_0276.opus",".opus","11549"
"Voice\yuuen_0277.opus",".opus","18048"
"Voice\yuuen_0278.opus",".opus","40227"
"Voice\yuuen_0279.opus",".opus","24279"
"Voice\yuuen_0280.opus",".opus","63955"
"Voice\yuuen_0281.opus",".opus","20936"
"Voice\yuuen_0282.opus",".opus","48558"
"Voice\yuuen_0283.opus",".opus","32960"
"Voice\yuuen_0284.opus",".opus","19884"
"Voice\yuuen_0285.opus",".opus","9726"
"Voice\yuuen_0286.opus",".opus","16601"
"Voice\yuuen_0287.opus",".opus","12728"
"Voice\yuuen_0288.opus",".opus","18850"
"Voice\yuuen_0289.opus",".opus","29746"
"Voice\yuuen_0290.opus",".opus","70682"
"Voice\yuuen_0291.opus",".opus","117751"
"Voice\yuuen_0292.opus",".opus","117874"
"Voice\yuuen_0293.opus",".opus","92083"
"Voice\yuuen_0294.opus",".opus","98897"
"Voice\yuuen_0295.opus",".opus","34819"
"Voice\yuuen_0296.opus",".opus","101890"
"Voice\yuuen_0297.opus",".opus","43365"
"Voice\yuuen_0298.opus",".opus","125298"
"Voice\yuuen_0299.opus",".opus","140803"
"Voice\yuuen_0300.opus",".opus","175984"
"Voice\yuuen_0301.opus",".opus","82792"
"Voice\yuuen_0302.opus",".opus","45462"
"Voice\yuuen_0303.opus",".opus","108260"
"Voice\yuuen_0304.opus",".opus","66634"
"Voice\yuuen_0305.opus",".opus","74523"
"Voice\yuuen_0306.opus",".opus","112846"
"Voice\yuuen_0307.opus",".opus","52821"
"Voice\yuuen_0308.opus",".opus","89849"
"Voice\yuuen_0309.opus",".opus","33312"
"Voice\yuuen_0310.opus",".opus","52573"
"Voice\yuuen_0311.opus",".opus","20307"
"Voice\yuuen_0312.opus",".opus","32098"
"Voice\yuuen_0313.opus",".opus","42218"
"Voice\yuuen_0314.opus",".opus","42797"
"Voice\yuuen_0315.opus",".opus","35400"
"Voice\yuuen_0316.opus",".opus","27385"
"Voice\yuuen_0317a.opus",".opus","72674"
"Voice\yuuen_0317b.opus",".opus","66084"
"Voice\yuuen_0318.opus",".opus","53384"
"Voice\yuuen_0319a.opus",".opus","80771"
"Voice\yuuen_0319b.opus",".opus","44091"
"Voice\yuuen_0320.opus",".opus","92603"
"Voice\yuuen_0321.opus",".opus","65908"
"Voice\yuuen_0322.opus",".opus","45035"
"Voice\yuuen_0323.opus",".opus","54345"
"Voice\yuuen_0324.opus",".opus","50499"
"Voice\yuuen_0325.opus",".opus","43555"
"Voice\yuuen_0326.opus",".opus","154386"
"Voice\yuuen_0327.opus",".opus","109766"
"Voice\yuuen_0328.opus",".opus","77225"
"Voice\yuuen_0329.opus",".opus","16530"
"Voice\yuuen_0330.opus",".opus","57201"
"Voice\yuuen_0331.opus",".opus","42220"
"Voice\yuuen_0332.opus",".opus","65232"
"Voice\yuuen_9001.opus",".opus","22913"
"Voice\yuuen_9002.opus",".opus","22025"
"Voice\yuuen_9003.opus",".opus","19904"
"Voice\yuuen_9004.opus",".opus","68645"
